:020000040800F2
:1000000000000320A51C0008E91C0008E91C0008EA
:10001000E91C0008E91C0008E91C000800000000B9
:10002000000000000000000000000000E91C0008C3
:10003000E91C000800000000E91C00081507000882
:10004000E91C0008E91C0008E91C0008E91C00087C
:10005000E91C0008E91C0008E91C0008E91C00086C
:10006000E91C0008E91C0008E91C0008E91C00085C
:10007000E91C0008E91C0008E91C0008E91C00084C
:10008000E91C0008E91C0008E91C0008E91C00083C
:10009000E91C0008E91C0008E91C0008E91C00082C
:1000A000E91C0008E91C0008E91C0008E91C00081C
:1000B000E91C0008E91C0008E91C0008E91C00080C
:1000C000E91C0008E91C0008E91C0008E91C0008FC
:1000D000E91C0008E91C0008E91C0008E91C0008EC
:1000E000E91C0008E91C0008E91C0008E91C0008DC
:1000F000E91C0008E91C0008E91C0008E91C0008CC
:10010000E91C0008E91C0008E91C0008E91C0008BB
:10011000E91C0008E91C0008E91C0008E91C0008AB
:10012000E91C0008E91C0008E91C0008E91C00089B
:10013000E91C0008E91C0008E91C0008E91C00088B
:10014000E91C0008E91C0008E91C0008E91C00087B
:10015000E91C0008E91C0008E91C0008E91C00086B
:10016000E91C0008E91C0008E91C0008E91C00085B
:10017000E91C0008E91C0008E91C00080000000058
:10018000E91C0008E91C0008E91C0008E91C00083B
:10019000E91C0008E91C0008E91C00080000000038
:0C01A000E91C0008E91C0008E91C00082C
:1001AC0053B94AB9002908BF00281CBF4FF0FF31D2
:1001BC004FF0FF3000F00CB8ADF1080C6DE904CE37
:1001CC0006F034F9DDF804E0DDE9022304B07047F1
:1001DC00704700BF0348044B834202D0034B03B16A
:1001EC00184770470C0000200C0000200000000095
:1001FC000548064B1B1AD90F01EBA301491002D07D
:10020C00034B03B1184770470C0000200C00002072
:10021C000000000010B5064C237843B9FFF7DAFF55
:10022C00044B13B10448AFF300800123237010BDBD
:10023C001000002000000000F466000808B5054B13
:10024C001BB105490548AFF30080BDE80840FFF736
:10025C00CFBF00BF0000000014000020F4660008AF
:10026C002DE9F04F14461289531EFE2B83B000F279
:10027C009980B84BB84D5FFA82F9A3FB093809EBAA
:10028C00D81818F0FF080AD02F460026B1B2204625
:10029C0002F08EFC0136B04507F8010BF6D12B7835
:1002AC00F02B00F08680F52B00F09380FB2B79D19E
:1002BC00B9F1010F00F0B681B9F1070F72D9B5F899
:1002CC000130002B40F0C180B9F1180F6AD1A34A5C
:1002DC0001921146EA790B70B5F80510AB7AB1F5BD
:1002EC00414F5FD1012A5DD1002B5BD195F80CB049
:1002FC0095F80DA095F80E9095F80F802F7C6E7CDC
:10030C0095F812E095F813C0287D697DAA7DEB7DE8
:10031C00BBF1670F46D1BAF1640F43D1B9F1330F7A
:10032C0040D1B8F1320F3DD1662F3BD1342E39D1AB
:10033C00BEF1350F36D1BCF1300F33D1762831D127
:10034C0067292FD1742A2DD1362B2BD101F046F9E8
:10035C00012001F055FA022001F052FA102001F0B0
:10036C004FFA402001F04CFA802001F049FA0020AD
:10037C0001F050F901F044F9794AB5F803307949A4
:10038C001768794A5BBA0B80784B1288784902253A
:10039C0038461D8002F078FE002800F04F81019A4B
:1003AC0001231370204602F0F7FA40B203B0BDE807
:1003BC00F08FB9F1070FF5D16D4AD5F80110B5F8EA
:1003CC000530116068486B4A5BBA012103801170DB
:1003DC00E8E7634A644B156865491A88284602F0B9
:1003EC0053FE0028DED1644E644A654B6548C6E96D
:1003FC00002303F17263644A03F5732303F233534E
:10040C00C6E9022347F26742362332820621412293
:10041C00B37402F0DBF941220346132130461E4629
:10042C0002F0D4F907460146304602F0DDFA3146B7
:10043C00284602F0DDFD284602F054FE304602F05C
:10044C00ABFA384602F0A8FAACE7484F93FA93FAA5
:10045C003A881FFA8AFA5245A4D1404AD5F803B01B
:10046C0001920026B3F5807F9BFA8BFB167000F08F
:10047C008D80CBF30906002E00F0BB80A9F107029A
:10048C0012F0FC0FC2F385082CD0ABEB0509324DF2
:10049C004FF0000BAB7A6A7AEE7942EA03222B7AA0
:1004AC0043EA022346EA032601F098F8012001F002
:1004BC00A7F9022001F0A4F9102001F0A1F94020C5
:1004CC0001F09EF9802001F09BF90BF1010B3146F4
:1004DC0009EB050001F01EF901F092F8D84505F181
:1004EC000405D7D11F4B1B88534500F099800AF1A6
:1004FC000105ADB21A4B3D801F681B4B1C491A8875
:10050C00384602F0C1FD00287FF449AF1A4E1D4851
:10051C00B570FB232D0A757041223370062102F051
:10052C0055F9412205460321304602F04FF90646A3
:10053C000146284602F058FA2946384602F058FD82
:10054C00384602F0CFFD284602F026FA304602F07B
:10055C0023FA24E781808080400100202C000020B9
:10056C009402002030000020000000202E0000200B
:10057C00440200203200002040000020F50100C1A0
:10058C00010001679802002064333266A9F107026A
:10059C0012F0FC0FC2F385083FF404AFABEB050B74
:1005AC002A4DAB7A6A7AEF7942EA03222B7A43EA34
:1005BC00022347EA032701F011F8012001F020F98A
:1005CC00022001F01DF9102001F01AF9402001F071
:1005DC0017F9802001F014F9013639460BEB0500B0
:1005EC0001F098F801F00CF8B04505F10405D8D1EC
:1005FC00D8E600F0F3FF012001F002F9022001F02F
:10060C00FFF8102001F0FCF8402001F0F9F88020F0
:10061C0001F0F6F8304600F0FDFF00F0F1FF2DE799
:10062C00012567E7BFF34F8F09490A4BCA6802F4EB
:10063C00E0621343CB60BFF34F8FFEE7064E0748D3
:10064C00B570FB2341220621338068E7400100206E
:10065C0000ED00E00400FA054000002098020020A4
:10066C00144A154B154970B514681A88204602F0C7
:10067C000BFD00B170BD41220621114802F0A6F815
:10068C004122054601210F4802F0A0F8064601461A
:10069C00284602F0A9F92946204602F0A9FC20467A
:1006AC0002F020FD284602F077F93046BDE8704094
:1006BC0002F072B9940200200000002044020020D5
:1006CC00980200203400002090F83530DB0700D46D
:1006DC00704710B502F02EFD084B0446186060B14F
:1006EC00074940F2E17202F053FB30B9024605496A
:1006FC002046BDE8104002F0FFBC10BD9402002063
:10070C00480200206D020008024A1368013313608E
:10071C00704700BFA002002010B584B001F092FC1D
:10072C0001F0FAFD1849194A19481A4C08601A4B7D
:10073C004FF6FF7010600620B3F804C084F8340044
:10074C001868164BC4F82E000293154B0193002326
:10075C0000932046134BA4F832C001F05BFE2046F8
:10076C0001F034FF1049204601F05EFF04F028FE32
:10077C00204604F035FE204601F02EFF204604B042
:10078C00BDE8104003F008BD500200204C020020D0
:10079C00A9FE2F5E5402002098020020F962000886
:1007AC00090D000848020020D50600084FF0E02291
:1007BC00954996482DE9F8435061F020002481F8C2
:1007CC002300934B946107211161D3F8201AD3F8BD
:1007DC00100AD3F8148AD3F8189A8E4F8E4E8F4D78
:1007EC006FF03A024FF6FF73FFF7DAFC48464146CA
:1007FC00914698466FF03A024FF6FF73FFF7D0FC24
:10080C00874988EA030389EA02020B714FF44060BE
:10081C001B0A0A604B7101F093F902231A46214618
:10082C00384601F0A5F8022319462246384600F056
:10083C00EDFF02220B21384601F010F94FF4406015
:10084C0001F07EF9214604230222384601F090F88B
:10085C00042322460221384600F0D8FF04220B2143
:10086C00384601F0FBF840F6024001F069F902232A
:10087C001A462146304601F07BF8022319462246DF
:10088C00304600F0C3FF02220B21304601F0E6F89F
:10089C004FF4406001F054F921468023022238467F
:1008AC0001F066F8802322460221384600F0AEFFA4
:1008BC0080220B21384601F0D1F840F6024001F0BD
:1008CC003FF9214610230222304601F051F8102343
:1008DC0022460221304600F099FF10220B213046AF
:1008EC0001F0BCF840F6024001F02AF92146202321
:1008FC000222304601F03CF82023224602213046E9
:10090C0000F084FF20220B21304601F0A7F840F6BE
:10091C00014001F015F9214628464FF400630222EC
:10092C0001F026F84FF4006322462846022100F01D
:10093C006DFF4FF400620B21284601F08FF840F652
:10094C00014001F0FDF8214628464FF48053022265
:10095C0001F00EF84FF4805322462846022100F095
:10096C0055FF4FF480520B21284601F077F840F6E2
:10097C00014001F0E5F8214628464FF400530222CD
:10098C0000F0F6FF4FF4005322462846022100F0F7
:10099C003DFF4FF400520B21284601F05FF841F265
:1009AC000E1001F0CDF84FF4000001F069F940F69B
:1009BC00194001F0C5F840F61A4001F0C1F840F6B4
:1009CC001B4001F0BDF800F0CBF900F0E9F922462C
:1009DC0021464FF4904000F0A7FB102000F05EFD84
:1009EC00104D114CFFF798FE10481149114A4FF069
:1009FC00FF3303602B60104B2360FD20F223087043
:100A0C001370BDE8F88300BF00ED00E03E0D03005D
:100A1C000070FF1F0000024000080240000402406A
:100A2C0098020020440200203C00002040020020DC
:100A3C003800002034000020F00001012DE9F04FB7
:100A4C0085B000246A4F0194A246A146A0462646D2
:100A5C002546684BD3F800B0ABEB0502B2F57A7FB4
:100A6C0080F09180ABEB0602632A7ED8ABEB0801D9
:100A7C004EF65F22914200F28280ABEB0902B2F596
:100A8C00FA7F6ED2019BABEB0302B2F5FA6F61D227
:100A9C00ABEB0A0142F20F7291420BD9564B1A681A
:100AAC00013206D072B6544B1A6882F308885A6821
:100ABC009047DA46ABEB040140F6B732914203D9CA
:100ACC004E4B1A7892B95C4600F064FD012802D9AD
:100ADC004B4800F0D3F83B78002BBAD0484803F0D1
:100AEC001DFD00285AD100233B70B2E7454B464907
:100AFC001C68464B1A88464B20461B88029302F012
:100B0C00C3FA0028DFD1434A029B937011461B0A9B
:100B1C005370FB220A7040484122062101F056FE18
:100B2C004122029003213B4801F050FE0146039004
:100B3C00029801F059FF0299204602F059FA20461A
:100B4C0002F0D0FA029801F027FF039A104601F048
:100B5C0023FFB8E72A4803F0E1FCC0B9CDF804B094
:100B6C0096E703F07BFCD9468CE704F007FDABEB72
:100B7C0008014EF65F2291425E467FF67EAF03F08F
:100B8C0091FBD84679E703F065FF5D466AE7234B96
:100B9C001A78002AE2D0FFF763FDDFE7194B1A49F8
:100BAC00D3F800B0194B58461A8802F06DFA002899
:100BBC0099D141220621184801F008FE41220290E9
:100BCC000421174801F002FE01460390029801F03F
:100BDC000BFF0299584602F00BFA584602F082FAC3
:100BEC00029801F0D9FE039B184601F0D5FE7AE776
:100BFC0032000020A0020020008000082C00002001
:100C0C005402002094020020440200200000002026
:100C1C002E0000204000002098020020020000203E
:100C2C003C00002008B5FFF7C1FDFFF707FF00BF30
:100C3C00114B18680368002B00DAFEE770B50C4600
:100C4C00012100F033FC064684B1002562896168FD
:100C5C00701905F0DDFB638924681D44002CF5D167
:100C6C002946002000F05CF9002070BD21460020D0
:100C7C0000F056F9002070BDF00200202DE9F04183
:100C8C001D4D02218046286800F010FC0521044609
:100C9C00286800F00BFC4FF4C1720646A1B200208C
:100CAC0001F008FD0746F8B104460025628960682A
:100CBC00711905F0ADFB638924681D44002CF5D136
:100CCC002146204600F0DCF8D8F810304146384672
:100CDC009847044610B92046BDE8F081384601F02B
:100CEC005BFE2046BDE8F08101464FF0FF3400F07A
:100CFC00C7F82046BDE8F081EC02002038B5044668
:100D0C00144A15496161062344F2474004F12E014F
:100D1C00E086A26184F83430002000F073F940F2D0
:100D2C00DC522E23A28584F835304FF4E00000F01D
:100D3C004DF84FF46020094C00F048F804F15005D0
:100D4C002046103400F0DCFBAC42F9D100F034F951
:100D5C00002038BD3D0C00087D4E0008CC3E002024
:100D6C0008B540F2194000F0F9FE40F2194000F0CD
:100D7C0003FF0A4B002200200021C3E90C01C3E948
:100D8C000022C3E90222C3E90422C3E90622C3E913
:100D9C000822C3E90A229A6308BD00BFA8020020FA
:100DAC000849094B0A6842F001020A6001E0013B64
:100DBC0002D00A68D207FAD4024B1868C04300F07C
:100DCC000100704700900240FFFF0400B0F5E00FF7
:100DDC0070B437D0214C2249224B234ACC604FF0BF
:100DEC0000401C6044F2F4512346204DDC64002486
:100DFC002C601F4D18602C6002F58E5502F5BE5408
:100E0C001C35103403F110069D63596003F1400545
:100E1C009A601861596118625962186359631864B1
:100E2C0059649C6403F1200002F2F45403F1300184
:100E3C0002F6E832C3E90640DE60DD63C3E90A214D
:100E4C0070BC70470B4C064A0B4B14614FF480106E
:100E5C001C600A4A00212346C7E700BFCC3E002095
:100E6C0000900240EC020020B8200020E402002098
:100E7C00E80200207C3E0020F0020020F40200205A
:100E8C0070B4244C23681A68002A05DB28B302F4DA
:100E9C000345B5F5407F02D0002070BC70471E4D55
:100EAC002E68B601C2F30D4501D5960600D4043D5B
:100EBC008D42F1D88DB19B68012D1B7803700BD03E
:100ECC00411E2944024623689B6801331B1A9B5C14
:100EDC0002F8013F8A42F6D12368104A4FF00041D4
:100EEC0019605169080603D580200021506191607A
:100EFC005A68510403D5DB6823600120CDE7120446
:100F0C0001D5064BF7E7054A1268C2F3840210328A
:100F1C001344F1E7EC0200200080024000900240F4
:100F2C0030B5234C23681A68002A33DB40F2F455A1
:100F3C00A9422FD8B8B1B1B19B6802781A700129B7
:100F4C000FD000EB010E0EF1FF3E024623689B68AA
:100F5C0001331B1A134412F801CF83F800C07245F9
:100F6C00F4D123681A68134D42F03042C3E90021D2
:100F7C006969686901F0040100F02000014303D0A5
:100F8C00002269616A601A68D10205D5DB682360AA
:100F9C00012030BD002030BD920202D5054B1B69EB
:100FAC00F5E7044A1268C2F3840210321344EEE7E8
:100FBC00F0020020009002400F4810490268104BCC
:100FCC0042F0080202608A6942F480128A6101E0F0
:100FDC00013B02D08A69D202FAD4084B06499A69BD
:100FEC0042F400529A610A6842F004020A609A695B
:100FFC0042F002029A617047008002400090024069
:10100C00FFFF0400034B8A88C25004330A68C250A5
:10101C00704700BF4080024010B5374B82B00120B2
:10102C001C6900F0B7FD354B354A0344934224F05C
:10103C001C043FD244F008042F49324B0C610A695E
:10104C0022F47F4222F0C3024FF4004042F003022C
:10105C0048610A6101E0013B02D00A69D407FAD465
:10106C00254B1B6913F001032DD1264A01930192E4
:10107C00019B2BB1019B013B0193019B002BF9D1EF
:10108C001D49204B0A6922F47F4222F0C30242F030
:10109C0001020A6101E0013B02D00A69D007FAD4CF
:1010AC00154B1A69D2070DD45869C043C0F3C03030
:1010BC0002B010BD144B154A0344934206D844F0B9
:1010CC000C04B9E75B69002002B010BD104B114A4B
:1010DC0003449342B0D3104B104A0344934202D8BA
:1010EC0044F00404A8E70E4B0E4A03449342EAD89A
:1010FC0044F01004A0E700BF0080024000D3CEFEF5
:10110C00C0E1E400FFFF040040F1E9FD3F787D0100
:10111C0000796CFC005A6202001F0AFA7FF0FA0296
:10112C00802E0FF7804A5D05F0B583B006460D465C
:10113C001446FFF771FF78B9934B00900093009B16
:10114C002BB1009B013B0093009B002BF9D1FFF7C7
:10115C0063FF002800F048818C4A8D4B11680B40CE
:10116C001360002353609360D36091694FF6417014
:10117C00014041F0800187489161D36187698649BC
:10118C00394041F008718161016884490160012E88
:10119C0000F02D811369F10823F47F43700823F0CC
:1011AC00C30301F4807100F4005043F003030143C6
:1011BC00516113617A4B01E0013B02D01169CF07F9
:1011CC00FAD4724B1B6913F0010340F00D816FF0E0
:1011DC007F4201930192019B2BB1019B013B019337
:1011EC00019B002BF9D1694A136823F4B0431E43C9
:1011FC0016606E050BD51368664943F48063136063
:10120C008A6905F0806322F0806213438B615F4929
:10121C00644A4B681C434C601368D80713D50C68A0
:10122C005368614824F0007424F080041840204373
:10123C00584C0860A1699B0821F0C00103F0C00361
:10124C000B43A36113689F0709D5524990680B683B
:10125C0023F0E06323F4803303430B6013685E07D1
:10126C0009D54C49D0680B6823F47E0323F47C53D6
:10127C0003430B6013681D0709D5464910690B68B9
:10128C0023F4404323F0020303430B601368DC0692
:10129C0007D54049454B8C695069234003438B610A
:1012AC001368980612D53B4C9369A069404920F00D
:1012BC008070194020F004000143A161216803F003
:1012CC00800321F080010B4323601368590607D576
:1012DC002E49D069CB695B0C5B040343CB6113686B
:1012EC001F0617D5294C136AA0694FF641710840A7
:1012FC0023F47F4121F0410101432648A161D0F83C
:10130C0080101B0A21F0770103F077030B43C0F820
:10131C0080301368DE0503D51C4B516A9960136845
:10132C009D0503D5194B916AD96013685C0509D5E5
:10133C001649D06A4B6823F4FB6323F0060303437E
:10134C004B601368180509D51049106B0B6823F412
:10135C00913323F0700303430B601368D90407D552
:10136C000A49506B0B6823F4400303430B6013686A
:10137C009B0406D50549926B0B6823F46023134339
:10138C000B60012003B0F0BDFFFF8F000080024016
:10139C000F8130FD00900240233FDEF80060C10257
:1013AC00FFFF0400A802002080000002E73FDEFDE2
:1013BC0004000001364B9C4516D0116921F47F4185
:1013CC0021F0C30141F003014FF4805050611161D1
:1013DC00304901E0013B02D00A69D007FAD42D4F05
:1013EC00396911F001011AD0002003B0F0BD2A4E6A
:1013FC00274F9C461169264B314041F04101116148
:10140C0001E0013B02D01069C107FAD4136953699A
:10141C005B070CF1010CCDD4BC45EBD1E4E71E4EBF
:10142C00DFF86CE03A691A4B324042F041023A6103
:10143C0001E0013B02D03869C207FAD43B697B69F1
:10144C00980601F1010102D47145EBD1CCE7104BA8
:10145C009942C9D03A690F4922F47F4222F0C30263
:10146C0042F4F06242F001023A6101E0013B02D029
:10147C000A69D207FAD4074B1A695B69C3F3800671
:10148C00DB074FEAC6263FF5AEAE46F48046AAE629
:10149C00FFFF0400008002403C00FFFF024A53683B
:1014AC0003435360704700BF00800240052921D8D8
:1014BC00DFE801F0050309161A038068704700681D
:1014CC00C0F3C30070470368C3F30D4004280FD961
:1014DC000A4A1268920101D59B060AD40438704757
:1014EC004068C0F30C007047C088C0F30C00704714
:1014FC00002070474FF0FF30704700BF0080024063
:10150C00436823F000434360704700BF1E4A1368D2
:10151C0059684FF0004010B4186048040BD51B48B4
:10152C00016800292AD00B68CC6814600BB30360E7
:10153C005DF8044B704709040BD5144B144819681B
:10154C00C06810600029F3D00A685DF8044B1A607B
:10155C0070470F490D4C096820681033C1F38401A2
:10156C000B4413600028E3D0103020605DF8044B6E
:10157C00704710315DF8044B01607047DB685DF813
:10158C00044B1360704700BFEC020020E402002003
:10159C000090024008B50F4B1B681B68002B14DB36
:1015AC0003F40342B2F5407F0BD103F02102212A50
:1015BC0007D0094A12689201C3F30D4007D40438CE
:1015CC0008BDFFF7A3FF012008BD002008BD9B0646
:1015DC00F5D508BDEC02002000800240054BD3F885
:1015EC00102C002A05DA0449044AC3F8041CC3F879
:1015FC00042C70470030024023016745AB89EFCDC6
:10160C00034AD2F8103C43F00043C2F8103C704738
:10161C00003002403E496FF03043D1F80C2C12F4EC
:10162C00803F4BD112F4807F4CD112F0800F4ED101
:10163C0012F0400F50D112F0100F58D192075DD418
:10164C00012B3DD0D1F8103C23F0F80310B4C1F8B5
:10165C00103CD1F8103C2E4C034343F00203C1F86C
:10166C00103CD1F8103C43F480336FF03042C1F899
:10167C00103CD4F80C0CC10333D4C30502F1FF3277
:10168C0033D4040638D441063DD4C3063DD410F0FF
:10169C00020018BF0620002A08BF07201C4B5DF86B
:1016AC00044BD3F8102C22F00202C3F8102CD3F800
:1016BC00102C22F0F802C3F8102C7047013BACD16F
:1016CC0007207047012B14BF022007207047012B05
:1016DC0014BF032007207047012B14BF04200720E0
:1016EC007047013AC5D10720D8E70220D3E7012B78
:1016FC0014BF0520072070470320CCE7012B14BF33
:10170C000620072070470420C5E70520C3E700BF6B
:10171C000030024030B4394C6FF03043D4F80C2C0C
:10172C00D5033FD4D50542D4150646D4550649D425
:10173C00D50652D4920757D4012B35D0D4F8103C8F
:10174C002E4D23F44073C4F8103CD4F8103C43F4F1
:10175C000073C4F8103CD4F8103C43F00103C4F8F7
:10176C00103C6FF030420160D5F80C0CC3032ED442
:10177C00C50502F1FF322ED4040633D4410638D409
:10178C00C30638D410F0020018BF0620002A08BF88
:10179C0007201A4AD2F8103C23F0010330BCC2F8DF
:1017AC00103C7047013BB9D1072030BC7047012B6E
:1017BC0014BF0220072030BC7047012B14BF03203C
:1017CC000720F2E7012B14BF04200720EDE7013AB4
:1017DC00CAD10720DDE70220D8E7012B14BF052072
:1017EC000720E2E70320D1E7012B14BF06200720D6
:1017FC00DBE70420CAE70520C8E700BF0030024041
:10180C00014BC3F80C0C70470030024013F0010F71
:10181C0030B40568C46806D025F0030C24F003042A
:10182C004CEA0105144313F0020F07D025F00C0C01
:10183C0024F00C044CEA810544EA820413F0040FF2
:10184C0007D025F0300C24F030044CEA011544EAA2
:10185C00021413F0080F07D025F0C00C24F0C004BC
:10186C004CEA811544EA821413F0100F07D025F4CA
:10187C00407C24F440744CEA012544EA022413F021
:10188C00200F07D025F4406C24F440644CEA8125E9
:10189C0044EA822413F0400F07D025F4405C24F472
:1018AC0040544CEA013544EA023413F0800F07D05F
:1018BC0025F4404C24F440444CEA813544EA82340B
:1018CC0013F4807F07D025F4403C24F440344CEAD8
:1018DC00014544EA024413F4007F07D025F4402C60
:1018EC0024F440244CEA814544EA824413F4806F8A
:1018FC0007D025F4401C24F440144CEA015544EA6A
:10190C00025413F4006F07D025F4400C24F4400467
:10191C004CEA815544EA825413F4805F07D025F0D9
:10192C00407C24F040744CEA016544EA026413F4F0
:10193C00005F07D025F0406C24F040644CEA8165D0
:10194C0044EA826413F4804F07D025F0405C24F005
:10195C0040544CEA017544EA02741B0444BF61F321
:10196C009F7562F39F740560C46030BC704700BF04
:10197C00012941680CBF194399434160816813F0F8
:10198C00010F1CBF21F00301114313F0020F1CBF08
:10199C0021F00C0141EA820113F0040F1CBF21F06D
:1019AC00300141EA021113F0080F1CBF21F0C001F5
:1019BC0041EA821113F0100F1CBF21F4407141EA6F
:1019CC00022113F0200F1CBF21F4406141EA822157
:1019DC0013F0400F1CBF21F4405141EA023113F0C7
:1019EC00800F1CBF21F4404141EA823113F4807F07
:1019FC001CBF21F4403141EA024113F4007F1CBFAB
:101A0C0021F4402141EA824113F4806F1CBF21F480
:101A1C00401141EA025113F4006F1CBF21F4400144
:101A2C0041EA825113F4805F1CBF21F0407141EAFE
:101A3C00026113F4005F1CBF21F0406141EA826136
:101A4C0013F4804F1CBF21F0405141EA02711B047A
:101A5C0048BF62F39F718160704700BF10B4046A85
:101A6C00436A12F0010F1CBF24F00F040C4312F058
:101A7C00020F1CBF24F0F00444EA011412F0040F0E
:101A8C001CBF24F4706444EA012412F0080F1CBF3C
:101A9C0024F4704444EA013412F0100F1CBF24F4F7
:101AAC00702444EA014412F0200F1CBF24F470048B
:101ABC0044EA015412F0400F1CBF24F0706444EA55
:101ACC00016412F0800F18BF61F31F7412F4807F51
:101ADC001CBF23F00F030B4312F4007F1CBF23F039
:101AEC00F00343EA011312F4806F1CBF23F47063FC
:101AFC0043EA012312F4006F1CBF23F4704343EA42
:101B0C00013312F4805F1CBF23F4702343EA0143BA
:101B1C0012F4005F1CBF23F4700343EA015312F468
:101B2C00804F1CBF23F0706343EA0163120448BF6B
:101B3C0061F31F7304625DF8044B4362704700BF8E
:101B4C00830903F1804303F50E3300F01F0019687D
:101B5C00012282400A431A60704700BF830903F1D7
:101B6C00804303F50E3300F01F00196801228240F8
:101B7C000A431A60704700BF830903F1804303F5E1
:101B8C000E3300F01F001A680121814022EA010285
:101B9C001A60704710B5364C844694E80F0088B034
:101BAC000DF1200E10340EE90F0094E803006B4683
:101BBC0083E8030002AB83E803002E4AD2F808380E
:101BCC00C3F38103012B4ED0022B43D1D2F804086E
:101BDC00D2F80418D2F80438D2F80428264CC3F3EF
:101BEC00014312F4800F03F10103C1F388124FEA91
:101BFC00430300F03F01214818BF2046B0FBF1F031
:101C0C0002FB00F0B0FBF3F01A4BD3F80818D3F832
:101C1C000828D3F80838C1F3031120316944C2F302
:101C2C008222C3F342332032203311F8101C6A4451
:101C3C006B4412F8202C13F8183C20FA01F1BCF17B
:101C4C00030F12D8DFE80CF0040C020821FA02F0A2
:101C5C0008B010BD0948D7E721FA03F008B010BD51
:101C6C00084608B010BD0448CEE70020F0E700BFDE
:101C7C000C6700080030024040787D010024F4001D
:101C8C00044AD2F8043823F400030343C2F804389E
:101C9C00704700BF00300140002103E00A4B5B5845
:101CAC004350043109480A4B42189A42F6D3094A68
:101CBC0002E0002313600432074B9A42F9D300F080
:101CCC000FF8FEF7AFFF70472C68000800000020EB
:101CDC000C00002010000020A0210120FEE70000D5
:101CEC005B495C4AD1F8883010B443F47003C1F8F6
:101CFC008830D2F8003843F0010383B0C2F80038C2
:101D0C00D2F800389907FBD5D2F80838002143F0F7
:101D1C008003C2F808380191019B4F2B05D8019B19
:101D2C0001330193019B4F2BF9D94A4AD2F8083859
:101D3C00002143F09003C2F808380191019B4F2B0E
:101D4C0005D8019B01330193019B4F2BF9D94149D4
:101D5C00414CD1F8083823F00303C1F80838D1F806
:101D6C00002822F0847222F48032C1F80028D1F8C5
:101D7C000028002022F48022C1F80028C1F80808AD
:101D8C00D1F80828C1F80448C1F80C08D1F800288B
:101D9C0042F480324FF6FF73C1F8002801E0013B9A
:101DAC0003D0D1F800289203F9D52A4BD3F8002898
:101DBC0094034CD5D3F840282849294842F0805246
:101DCC00C3F840280A6842F440420A60D3F8082855
:101DDC00C3F80828D3F8082842F40042C3F80828AE
:101DEC00D3F8082842F4A052C3F80828C3F8040812
:101DFC00D3F8002842F08072C3F80028D3F80028EA
:101E0C009001FBD5154A136843F480331360536873
:101E1C00D903FCD51368114943F4003313604B68A4
:101E2C009A03FCD50B4AD2F8083823F00303C2F806
:101E3C000838D2F8083843F00203C2F80838D2F850
:101E4C0008381B07FBD503B05DF8044B7047FEE761
:101E5C0000ED00E000300240103000240070004023
:101E6C001964400940BA80B2704700BF00BA70478D
:101E7C0030B510F001044FF0000C06D0614529DD9F
:101E8C0010F8013B013963F31F2C01292ADD0239BB
:101E9C004D0805F1010E00EB4E0E002330F8022B1D
:101EAC0070451344FAD1C5EBC57501EB4501012909
:101EBC0005BF9EF8002062F3070C0CEB030013FA2D
:101ECC008CF083B203EB104398B200EB134014B9BF
:101EDC0080B230BD604603029BB2C0F307201843AA
:101EEC0080B230BD86460023E1E700BF2DE9F84300
:101EFC00089C1B6824689046220C12FA84F414FA8D
:101F0C0083F404EB1344A3B203EB14439CB2894651
:101F1C0004EB1344E0B1054600276E89686831462E
:101F2C00FFF7A6FF204484B2F30704EB104406D558
:101F3C0023029BB2C4F3072487F001071C432D68CE
:101F4C00002DEAD127B123029BB2C4F307241C4312
:101F5C004846FFF787FF05464046FFF783FF2844B6
:101F6C00204483B203EB104398B200EB1340C04300
:101F7C0080B2BDE8F88300BFFFF7B8BF30B510F0F2
:101F8C0001044FF0000505D039B310F8013B0139BD
:101F9C0063F31F25012928DD02394FEA510E0EF19A
:101FAC00010C00EB4C0C002330F8022B6045134461
:101FBC00FAD1CEEBCE7E01EB4E01012905BF9CF888
:101FCC00002062F30705ED1813FA85F5ABB203EBAD
:101FDC00154399B201EB134124B10B029BB2C1F32F
:101FEC0007211943C94388B230BD84460023E4E776
:101FFC0020B3F8B5002705463C466E896868314623
:10200C00FFF736FF0444A3B203EB1444F30706D5E1
:10201C0023029BB2C4F3072487F001071C432D68ED
:10202C00002DEAD13FB1200280B2C4F30724204333
:10203C00C04380B2F8BDE443A0B2F8BD4FF6FF70C8
:10204C00704700BF0B4B0C490C4830B423F0030312
:10205C0003F520420A4C03604FF420450A6000202F
:10206C0001211D601871236011714FF0A02330BC49
:10207C0013607047433F0020383F0020343F00205E
:10208C003C3F0020002866D0830764D1324A116897
:10209C00A0F1080399425ED82DE9F0432F4C246837
:1020AC0000F10C02944254D310F8042C002A50D0A6
:1020BC0030F8082C30F806CCB2F5204F49D8BCF5D6
:1020CC00204F46D85D1AADB2654501EB0C0903D023
:1020DC0031F80C60AE423CD101EB020E744503D0DA
:1020EC00BEF80260AE4234D11D4F002600F8046CDD
:1020FC003E689E4284BF3B601E46734517D09EF8D7
:10210C000480B8F1000F12D1744510D0BEF8002035
:10211C0020F8082CB64504BF3B601E46B2F5204F94
:10212C0005D08C18658030F806CC01EB0C0999456C
:10213C000FD099F8040060B9B34208BFC7F80090FB
:10214C00B2F5204F18BF8918A9F8002018BFA1F8C4
:10215C0002C0BDE8F08370473C3F0020383F0020B0
:10216C00343F0020CB1C23F003039BB20B2B3BD939
:10217C00B3F5204F3BD8994239D82E4A1268824287
:10218C0037D82D490968814233D970B5A0F10801BF
:10219C0030F808EC891A89B2AEF1080CACEB010CE2
:1021AC001FFA8CFC9C4542D31DD002EB0E04257902
:1021BC0005BB224D32F80EE02E6801F1080C634489
:1021CC009BB2A64202EB030408BF2C606180002185
:1021DC00A4F800E0217120F8083C2188B1F5204FCB
:1021EC0001D011444B8070BD0C239942C5D90020FD
:1021FC007047704703F11404A4B2A445F3D30F4DF8
:10220C0001F1080423449BB22E68D418A64288BF5F
:10221C002C600025257122F803E0618020F8083C31
:10222C00D15AB1F5204FDED00A44538070BD002046
:10223C0070BD00BF3C3F0020383F0020343F0020E1
:10224C00002855D02DE9F04100F1030E2EF0030EBD
:10225C001FFA8EFEBEF10B0F29D9BEF5204F23D8E5
:10226C00704521D8294B2A4E19683568A5EB010C0D
:10227C001FFA8CF3CEF52047BB429C4614D26FF06C
:10228C00070806E0CB5A1A44724513D29F429C466B
:10229C000AD9C818A8EB03020479002CF2D031F843
:1022AC0003C063469F42F4D80020BDE8F0814FF094
:1022BC000C0ED5E70EF11407BA4206D201230371B6
:1022CC00854216D00830BDE8F0810EF10802624458
:1022DC0092B28F183C718B520123A7F802C0028076
:1022EC0003718B5AB3F5204FEAD00B445A80E7E7C1
:1022FC007047084A0346146803E01B880B441A799C
:10230C000AB19C42F9D13360DCE700BF3C3F0020AE
:10231C00343F0020383F0020F0B5124D124B134EC5
:10232C0005F11C0E0A240027033355F8042B3760E3
:10233C0023F003036CB10021B2F804C00A4600E09C
:10234C0003460132A242196003EB0C001946F7D187
:10235C003360AE4504D02A68D2E90236D488E3E76C
:10236C00F0BD00BF24670008C81E0120C41E012058
:10237C00062808D8054B53F82030DB68186818B1CC
:10238C0002681A6070470020704700BF246700087D
:10239C00062807D831B1044B53F82030DB681A6893
:1023AC000A601960704700BF246700086FF00B00CB
:1023BC00704700BF30B50D4641682B688B4283B027
:1023CC0001D103B030BD04461160104601A9019340
:1023DC0000F0C0FE94F835302A68626003F0050105
:1023EC00052906D0E369002BEBD02046984703B0B3
:1023FC0030BD002AF6D01A0705D49B06F2D520462C
:10240C0003F02AF8EEE7211D204602F02FFE94F887
:10241C003530F2E72DE9F04383B0DDF82C9000283D
:10242C006BD0B9F1000F68D01F460A9B03620C9B5E
:10243C003B4C03613B4B0E469046002908BF1E46A1
:10244C00002A08BF9846002F08BF1F46227880F844
:10245C003820002343608360C36080F835304362CA
:10246C0083623268304983850546C361C363416129
:10247C00002A4CD018461946D8F80020904218BFB4
:10248C00AA603A68934218BFEA60002939D02846FE
:10249C00C847034688BB254E95F838103068FF298D
:1024AC0004BF85F83830194670B1034601E01B684B
:1024BC0053B193F838208A42F9D10131C9B2FF29BE
:1024CC0013D085F83810F0E7FE2918BF4B1C95F88F
:1024DC003520286014BFDBB20023237093063560CF
:1024EC0007D4284603B0BDE8F083002185F83810E6
:1024FC00DBE7284602F074FFF3E7002003B0BDE8E9
:10250C00F08301AA31462846FFF754FFBFE7314656
:10251C0001AAFFF74FFFD5E902030121ACE700BF89
:10252C005B20012008680008B92300086020012006
:10253C00F0B5254D002914BF0E462E46002A14BFB7
:10254C0017462F46002B18BF1D46336883B0044630
:10255C006BB100223B68A1688B4218BFA3602B684B
:10256C00E1688B4218BFE3603AB103B0F0BD6A4634
:10257C003146FFF71FFF0122ECE7636832689A428D
:10258C00F3D001A96846CDE9003200F0E3FD94F8E0
:10259C0035303268626003F00501052907D132B18C
:1025AC001A070AD49B0602D5204602F055FFE369B0
:1025BC00002BDAD020469847D7E7211D204602F0A1
:1025CC0055FD94F83530EDE708680008014B1860AC
:1025DC00704700BF5C200120C8B110B590F83530B1
:1025EC00D907044612D4C26943F0010380F8353090
:1025FC0012B1904794F8353003F00502052A05D145
:10260C0062681AB11A0708D49B0601D410BD704732
:10261C002046BDE8104002F01FBF211D204602F0ED
:10262C0025FD94F83530EFE700B1C161704700BF6C
:10263C00024658B1064B186810B907E0006830B173
:10264C0090F838300133DBB29342F7D170477047C2
:10265C006020012038B558B3002405E00369984781
:10266C000134E4B2C5B12846837B013BDBB28373F2
:10267C0093B9427B0568037B9207EFD403F00F03F9
:10268C00022B0BD0012B0ED0002BE9D10134FFF71C
:10269C00F9FCE4B2002DE6D1204638BD01460620F7
:1026AC00FFF776FEDCE701460520FFF771FED7E762
:1026BC000446F1E72DE9F843002661F30F06B2F565
:1026CC00C17F884661F31F4641D0144609D822F0D9
:1026DC004003012B9DB22AD04FF000094846BDE8BB
:1026EC00F883B2F5207FF7D1C31C01F1030828F061
:1026FC00030823F0030343449BB20546434503F10F
:10270C00100080B2E8D38045E6D8FFF799FD8146EA
:10271C000028E3D02B4A4319C0E90262133300218D
:10272C0023F00303C0E900134846BDE8F8830520F5
:10273C00FFF71EFE81460028D0D00023047343739C
:10274C00C581C0E9003386604846BDE8F8830026A1
:10275C001D4D0746B14640F2DC5407E01FFA81F8E4
:10276C003060B8F1000FB9D0064600270620FFF7FD
:10277C00FFFDFB1C23F00303E31A9BB24345074404
:10278C0028BF43461337A8EB0301002227F00307A9
:10279C0088B1C0E90027A0F808804381C560B9F171
:1027AC00000FDBD1A8EB03031FFA83F88146B8F1C5
:1027BC00000FD9D192E7B9F1000F8DD04846FFF741
:1027CC0049FF89E7800001008200010070B50025F7
:1027DC00064661F30F050520144661F31F45FFF70C
:1027EC00C7FD38B10023C0E90036012285600473AF
:1027FC004373C28170BD00BF10B5033020F0030CD1
:10280C001846002361F30F03BDF80CE0029C61F342
:10281C001F43614471450BD804B164440021C0E9E5
:10282C00014301600123022102734173C38110BD76
:10283C00002010BD38B504460089884228D9628929
:10284C00914211D9218124688B1A6289081A99B294
:10285C008A4280B208D22389034423812468891ACE
:10286C00628989B28A42F6D3237B002561F30F0576
:10287C00180761F31F4504D1914202D0637B9B077B
:10288C0007D52068A56008B1FFF7E4FE002323609C
:10289C0038BD63681B1B1944204689B2FFF762FCE4
:1028AC000446EEE770B1B1F5803F0BD261B10389FC
:1028BC008AB213449BB29A4204D890F90CC0BCF172
:1028CC00000F03DB012070470020704710B44468F0
:1028DC0000F1100C611A614509D3B0F80AC04160CF
:1028EC0062444281038100205DF8044B7047012053
:1028FC00FAE700BFA0B1B1F5803F11D291B1438985
:10290C008AB29A420CD810B444680C4401894460D1
:10291C009B1A8A1A438102815DF8044B0020704790
:10292C00012070470020704700291ADB00B359B30F
:10293C0003898AB213449BB29A4219D810B490F905
:10294C000CC04468BCF1000FA4EB01011EDBB0F815
:10295C000AC0416062444281038100205DF8044B4F
:10296C00704728B1438949421FFA81FC9C4501D923
:10297C00012070474268114402894160A3EB0C03AB
:10298C00A2EB0C02438102810020704700F1100C75
:10299C006145DCD20120E1E708B1FFF75BBE70476F
:1029AC00034630B100201B68013080B2002BFAD1F5
:1029BC007047704710B1837B01338373704700BF3E
:1029CC0080B179B1036843B10289B1F808C062449F
:1029DC00028118461B68002BF6D10A890389016015
:1029EC0013440381704700BFA0B191B1036843B198
:1029FC000289B1F808C06244028118461B68002B9A
:102A0C00F6D10A8903890160134403818B7B01335E
:102A1C008B7370470029F9D1704700BF00287AD01A
:102A2C002DE9F0410D4600296DD002890B899A429F
:102A3C00804668D30026438937466C89D8F8040051
:102A4C006968DB1BA41B9C4228BF1C4631443844DC
:102A5C00224603F0DDFC6B892644B342274414D98B
:102A6C00B8F80A2097423CD02A899A4219D0B8F873
:102A7C000A30B8F808209A42DFD1D8F80020002A92
:102A8C00DBD06FF00500BDE8F081B8F80A302D6896
:102A9C00BB4215D06DB169892A8991424FF000066D
:102AAC00E7D12B68002BE2D06FF00500EBE7B8F80C
:102ABC000A30B8F808209A421AD00020BDE8F081FC
:102ACC00D8F80080B8F1000F1BD0002DEFD06A8928
:102ADC002B899A424FF0000618D0B8F80A303746C6
:102AEC00C7E7D8F80080B8F1000F0CD00027BBE77F
:102AFC00D8F80030002B0CBF00206FF00500BDE8AB
:102B0C00F081002DD9D06FF00F00D7E72B68374636
:102B1C00002BACD0C8E76FF00F0070472DE9F041E7
:102B2C00054660B30F4671B3164682B34FF00008EA
:102B3C00B5F80AC007EB080053B16345A3EB0C02D0
:102B4C0006D32D6893B2002DF2D14046BDE8F0813A
:102B5C00ACEB0304A4B2B44228BF34466968361BFC
:102B6C00224619444444B6B203F052FC1FFA84F8CE
:102B7C002D68002EE9D00023002DD9D1E5E7804641
:102B8C004046BDE8F08188464046BDE8F08190465D
:102B9C00DBE700BF38B515460A462989FFF78AFDE1
:102BAC00044610B12946FFF739FF204638BD00BF57
:102BBC0018B90AE0006899B230B143898B42A1EB95
:102BCC000303F7D94368585C704770472DE9F04F01
:102BDC004389072B87B0044640F29980DFF8AC910B
:102BEC00D0F804A0D9F814008846D9F8001003F0E6
:102BFC0009F80546BAF80000FFF734F90746BAF8A9
:102C0C000200FFF72FF95E4BD3F800B00246BBF180
:102C1C00000F00F0B180D9E9043C00260393CDF8F5
:102C2C0014B05B46D9F804E004943046D34604E073
:102C3C00D9681846002970D00B46598A9142F7D1B1
:102C4C0093F808A0BAF1000F05D09EF838100131A6
:102C5C00C9B28A45ECD11968002D44D049B1BCF1F8
:102C6C00FF3F64D0D8F8084081EA0C0A1AEA040F36
:102C7C00DED193F810A01AF0040F04D1002E69D005
:102C8C00BCF1FF3F59D0998AB942D1D1596811B1E1
:102C9C00039CA142CCD1DA46DDE9044B28B1384A79
:102CAC001360DA68C260C3F80CB01E46BAF806307E
:102CBC0043B1344B00932289043B11212046FFF78A
:102CCC005BF920BB08212046FFF714FEF8B9BEB112
:102CDC00356AE5B1706A2C4B009722463146A847FD
:102CEC0007B0BDE8F08F09B16145A1D1197C490746
:102CFC00C9D4998A002E08BF1E46B94298D1C5E79F
:102D0C002DB9D9F8143003F0F003E02B28D120466C
:102D1C0007B0BDE8F04FFFF73FBE049CDA46002E2B
:102D2C00C4D1D8F804309C45F1D10026BEE793F805
:102D3C0010A01AF0040FA6D166B1D8F804A034681C
:102D4C005445A0D08A4508BF1E46998AB9427FF4E3
:102D5C006FAF9BE7998AB9421E467FF469AF95E73E
:102D6C00B9F80C100831204609B2FFF7DDFD03213C
:102D7C00204602F061FACAE7D9F814C0D1E700BFC7
:102D8C0064200120303F00202C3F00201C3F0020FD
:102D9C00394BF0B5002914BF0C461C46002865D0F1
:102DAC00364E3768F7B1B84218BF394602D143E006
:102DBC00884241D0C9680029FAD1AAB125683B469E
:102DCC0015B929E0DB68FBB18342FBD0B3F812C024
:102DDC009445F7D11C68A54201D0002CF2D16FF0BC
:102DEC000700F0BD0ABB3946DFF894E0BEF80020BE
:102DFC004FF6FF739A424FF4804532D0013292B2B3
:102E0C002FBB2568AEF800200560428281B10020FE
:102E1C00F0BDDB68002BF7D09842FAD05C8A944264
:102E2C00DDD0DB68002BF7D1EEE72368036042822C
:102E3C00C76030600020EBE70121BEE7013DADB279
:102E4C00BDB14FF6FF739A42D8D14FF440423B4686
:102E5C0002E0DB68002BD4D0B3F812C09445F8D153
:102E6C00ECE74FF44042002FF1D1CAE76FF00F00AE
:102E7C00F0BDAEF80020B2E708680008642001201D
:102E8C00040000202DE9F04F85B0DDE90EBA0028D2
:102E9C0000F087800D46002900F083801746002A39
:102EAC007FD0BAF1000F7CD0BBF1000F79D0428AF1
:102EBC0099460446002A5BD02A894FF6F7739A424A
:102ECC0072D808212846FFF7EDFC002841D12E4688
:102EDC00608AD6F80480FEF7C5FFA8F800004846C3
:102EEC00FEF7C0FF0023A8F8020088F8063088F827
:102EFC000730237C1A0708D53B6803F0F003E02B5E
:102F0C0003D1737B43F0040373733089FEF7AAFF7C
:102F1C00A8F80400237CDB0734D53B6803F0F003EE
:102F2C00E02B0CBF637FE37ACDF808B0A27A009255
:102F3C00112001903A465146304602F0E7FDAE4270
:102F4C00804602D03046FFF727FD404605B0BDE86D
:102F5C00F08F4FF4207208212220FFF7ABFB0646BE
:102F6C0010B32B89002BB3D02946FFF73DFDAFE7FB
:102F7C000146FFF70DFF804600289DD0404605B066
:102F8C00BDE8F08F32890097534611213046FEF789
:102F9C00F3FF4FF6FF73002818BF0346A8F806305E
:102FAC00BBE76FF00F08D0E74FF0FF38CDE700BF5D
:102FBC0070B582B0069CA8B1A1B19AB194B1056864
:102FCC0035B9251DCDE90045FFF75CFF02B070BD9A
:102FDC0005F0F00CBCF1E00FF3D06668B54204D1FB
:102FEC000546EFE76FF00F00F0E76FF00300EDE739
:102FFC00002843D0F0B50D4683B000293BD00446E1
:10300C00007AA68A271D58BB636803F0F003E02BF7
:10301C000CD1207F38BBA36943B11A4A1268934282
:10302C0004D004F1180002F0D5FA18B9384602F0B1
:10303C00D1FAE8B1216851B9031DCDE900033A4634
:10304C00334629462046FFF71DFF03B0F0BD01F0C3
:10305C00F003E02BF0D04368994209D12346ECE70A
:10306C00FFF7E6FAE5E7FFF7E3FA0028E2D1DDE740
:10307C006FF00300E9E76FF00F00E6E76FF00F0069
:10308C00704700BF0468000818B370B50D4619B33B
:10309C001646428A0446B2B111492A68237C626002
:1030AC000A68A68243F00403237442B1944208D008
:1030BC00134601E09C4204D0DB68002BFAD1E2609D
:1030CC000C60002070BD0146FFF762FE0028E3D0C3
:1030DC0070BD6FF00F0070476FF00F0070BD00BF38
:1030EC006420012038B1037C002223F004034260E9
:1030FC00828202720374704708B1C0E908127047EB
:10310C00014698B10A4A136883420AD033B11A4671
:10311C00DB681BB18B42FAD1CB68D3600020FFF780
:10312C0037B9C36813600020FFF732B9704700BF8E
:10313C006420012010B50020FFF71AF9044630B1C5
:10314C002822002103F05CF9FF23E3726377204609
:10315C0010BD00BF88B102687AB171B10B6863B160
:10316C000A4B1B684BB110B41C68944206D0DB6848
:10317C00002BF9D15DF8044B704770470A681A6050
:10318C00DB68002BF6D00268EEE700BF642001205C
:10319C002DE9F84300286CD00E46002969D017465B
:1031AC0005464FF420724FF49A7136209946FFF77A
:1031BC0081FA804600285CD0032F3FD0B379C3B38B
:1031CC002E4B1B68D8F8044033604FF49A720021E0
:1031DC00204603F015F940F20113238095F83430A2
:1031EC00A3703068FEF742FE4FF4C873FB40DB0758
:1031FC0060603BD4032F35D0D5F82E30E3616B8E55
:10320C002384632384F8EC3084F8EF3040F23513D8
:10321C00A4F8F0306FF07D0384F8ED3084F8F27090
:10322C000322532384F8EE304046A9F80020BDE871
:10323C00F883124A136801331360C3E77379032BC5
:10324C00BCD044684FF49A720021204603F0D8F8A1
:10325C0040F20113238095F83430A3703068FEF7E8
:10326C0005FE60607379043B012BC5D86B68E36085
:10327C00C2E74FF000084046BDE8F8830800002084
:10328C00002800F08180416A00297DD010B58B6A3E
:10329C0000225C1C82B04A8206D01E33B3F5701F2C
:1032AC005BD34FF6FF738B82CB6A5A1C1BD01E3339
:1032BC00B3F5701F42D30B6B4FF6FF725C1C4A8147
:1032CC00CA815DD01E33B3F5701F65D38A810A8223
:1032DC0000234B81CB79C3B991F91C300A7F002BA9
:1032EC0053DBFF2312E00A6B4B89541C2FD01E3288
:1032FC00B2F5701F3DD23B2A5BD801228A810A822B
:10330C00002BE5D1CB79002BE6D00B6A4A6ACDE9CC
:10331C00003222B9CA69134043F0807301934B7990
:10332C000A2B04D00A220023A1F805200B8101AB43
:10333C006A461C31FFF7FCF802B010BD3B2B31D8AC
:10334C00012213464A810A6BCB81541CCFD18A8946
:10335C009A42D7D8002AD5D0BAE73B2B83BF1E4A56
:10336C00A2FB03235B0901238B82CB6A5A1C9ED1DF
:10337C00B9E74FF6FF7293428A810A82C2D1A7E75E
:10338C008A89002ABED0A3E77047BF2A4FF6FF7385
:10339C0088BF6FF07F43B9E73B2B14D801238B8197
:1033AC000B8295E70C4AA2FB0323C3F34F131A4677
:1033BC00C8E7094CA4FB0242C2F34F129A428A811D
:1033CC000A829FD884E7044AA2FB0323C3F34F135A
:1033DC008B810B827CE700BF8988888838B51D4DAE
:1033EC00EA78002304460362436212B11A4BDB688D
:1033FC0083622B79002B29D0174B1B696A79E36206
:10340C0052B1154B5B692363AB790A69E2616BB905
:10341C00E371EB79A3B938BDA36AC3EBC303DB0833
:10342C002363AB790A69E261002BF1D00A4B9869EE
:10343C00FEF71CFD0123E371EB792062002BEAD02F
:10344C00054BD869FEF712FD606238BDA36A5B08B4
:10345C00D4E700BF70200120782001202DE9F04F27
:10346C00466A7379032B8BB0804604D00322002369
:10347C00A6F8052033810DF1260303223146404680
:10348C00FFF786FE0746002800F08A80BDF826402C
:10349C00456804F1010CA01CF0351FFA8CFC80B2BD
:1034AC00E11C4FF0020E89B24FF03909221D05F8CC
:1034BC00049092B205F80CE0631D05F800E0402082
:1034CC0068549BB23221A9540422EA54F069FEF7E5
:1034DC00CDFC04F1060903461FFA89F9E01D80B200
:1034EC004FEA136B04F1080E04F1090205F809B058
:1034FC0092B24FEA13491FFA8EFE05F80090039220
:10350C00180A04F10A0205F80E0091B2039804910E
:10351C0004F10B0292B22B540592049804F10C02A4
:10352C0091B237232B540691059B069804F10D029A
:10353C001FFA82FC4FF0030A05F803A0CDF81CC05B
:10354C0001232B5404F10E0C079B1FFA8CFC04F185
:10355C000F0204F1100105F803A092B21C2389B2EA
:10356C0005F80C3043294FF0FF03AB5407D8C4F1D6
:10357C003402681892B2002102F042FF4421F0316B
:10358C0089B23846FFF756F9144B154A1868CDF82E
:10359C00008043233946FFF70BFD3846FFF7FCF953
:1035AC00B379FF2B14D00133DBB2092BB3710FD8D5
:1035BC00C3EB431203EB8203DB000A4A03F2F3135F
:1035CC009BB2A2FB03235B0933810BB0BDE8F08FE8
:1035DC00142333810BB0BDE8F08F00BF6C200120A9
:1035EC0004680008D34D62102DE9F04F446A6279EB
:1035FC000023062A89B00646E36103D00622A4F80C
:10360C00052023810DF11E03012221463046FFF7D0
:10361C00BFFD0546002860D04368BDF81E20F0337E
:10362C00511C89B2392098540220585402EB0008DE
:10363C00D01D80B2B6F82CA00390D71C02F1080064
:10364C00BFB280B21FFA88F8111D89B2049002F142
:10365C00050E02F1090002F1060C4FEA1A2B03F8D1
:10366C0008B01FFA80F903F807A01FFA8EFE37275F
:10367C001FFA8CFC5F54CDF8149001214FF0030914
:10368C0003F80E9003F80C100399049F03F80190B3
:10369C0002F10A001C21D95580B2059FFF21432855
:1036AC00D95507D8C2F13A02184492B2002102F05F
:1036BC00A7FE442000F1F00189B22846FFF7BAF8C2
:1036CC00144A154B10680193144A0096432329465B
:1036DC00FFF7D8FB2846FFF75FF9A379FF2B13D030
:1036EC000133DAB2052AA2710ED84FF47A739340E3
:1036FC0003F2F3130A4A9BB2A2FB03235B090020DB
:10370C00238109B0BDE8F08F78230020238109B014
:10371C00BDE8F08F6C2001200868000804680008E0
:10372C00D34D6210002800F0E7802DE9F04F466A77
:10373C008BB00746002E00F0DA807379012B04D091
:10374C0001220023A6F8052033810DF12603032264
:10375C0031463846FFF71CFD8046002800F0B48047
:10376C00BDF826404568631CF0359BB239222A55BA
:10377C000222EA54A018B7F82CC0E11C80B289B21E
:10378C00221D631D4FEA1C2E92B29BB205F800E07D
:10379C004FF0040905F801C03221A95405F8039033
:1037AC00F069FEF763FB04F1060A1FFA8AFA04F1CA
:1037BC00070E4FEA106B1FFA8EFE04F1080C04F191
:1037CC00090105F80AB01FFA8CFC4FEA104A89B2BD
:1037DC0004F10A0204F10B0305F80EA092B24FEAB1
:1037EC00102E9BB205F80CE068543621A95405F84C
:1037FC000390B069FEF73AFB04F10F039BB20293FE
:10380C0004F110039AB204F1110399B204F11203FA
:10381C00039204F10C099AB204F113031FFA89F90B
:10382C00049104F10D0E99B204F115031FFA8EFEEA
:10383C009BB24FEA106B04F10E0C05F809B007931C
:10384C004FEA1049029B05F80E901FFA8CFC4FEAC8
:10385C00102E05F80CE0E854039B05923720E85431
:10386C00049B06914FF0030A05F803A0059B012069
:10387C00E85404F11402069B92B204F1160105F807
:10388C0003A089B2079B1C20A85443294FF0FF02C8
:10389C00EA5407D8C4F12E02681892B2002102F043
:1038AC00AFFD4421F03189B24046FEF7C3FF134A05
:1038BC00134B10680193134A009743234146FFF7BB
:1038CC00E1FA4046FFF768F8B379FF2B12D00133C9
:1038DC00DAB2052AB2710DD84FF47A73934003F221
:1038EC00F313094A9BB2A2FB03235B0933810BB090
:1038FC00BDE8F08F7823F9E7704700BF6C200120FA
:10390C000868000804680008D34D6210994B2DE933
:10391C00F04F5D6853686E6A89B01446002E00F053
:10392C009F803279002A00F09B8062892B2A40F21A
:10393C0097801A78022A40F0938095F834205AB375
:10394C0095F82E00197F884240F08A80012A23D0F6
:10395C00587F95F82F10884240F08280022A1BD0A5
:10396C00987F95F8301088427AD1032A14D0D87FEA
:10397C0095F83110884273D1042A0DD093F82000A9
:10398C0095F8321088426BD1052A05D095F8331082
:10399C0093F82120914263D15868FEF767FA336897
:1039AC0098425DD1DFF8D4B10022CBE900226389C3
:1039BC002B2B55D9B4F808A0CDE9035690462746D1
:1039CC00F022CDF8088054463D4605E02D688AB2B9
:1039DC009CB2002D43D06B899A42A2EB0301A4EB5D
:1039EC000303F3D29442D5F8048040F203811646C7
:1039FC000592019718F80620FF2A00F0FA80B31CF4
:103A0C009BB2B342C0F091816889711C814280F2F3
:103A1C00E78008EB060C9CF801903B2A26D8DFE8DF
:103A2C0002F03E99258725252525252525252525A3
:103A3C00252525252525252525252525252525252A
:103A4C00252525252525252525252525252525251A
:103A5C00252525252578BDAFD02525256A403C4652
:103A6C00204609B0BDE8F04FFEF796BF4E444FF626
:103A7C00FD72964200F359814B449EB28642C0F0CF
:103A8C00B580361A201AB6B284B2A64280F04D81A7
:103A9C002D68002D00F04981D5F80480AAE78EB27C
:103AAC00ECE7B9F1040F40F040814FF6F972964201
:103ABC0000F23B810636B6B24F464FF0050A1BF8B2
:103ACC000A10002207920029D8D13A4607A92846A5
:103ADC00FFF724F8B84240F02881B9F1040F00F048
:103AEC002B819DF81C00244A012342F82A000BF874
:103AFC000A306889C2E7B9F1040F40F016814FF61D
:103B0C00F972964200F211810636B6B24F46CA4699
:103B1C00D5E7B9F1040F40F008814FF6F9729642DF
:103B2C0000F203810636B6B24F464FF0030AC6E7E1
:103B3C00B9F1030F40F2F9804E444FF6FD729642F4
:103B4C0000F3F38009EB03060427B6B24FF0070A23
:103B5C00B946B4E7B9F1040F40F0E7804FF6F972BB
:103B6C00964200F2E2800636B6B24F464FF0060A95
:103B7C00A5E700BF1C3F0020782001207020012009
:103B8C00B9F1010F40F0D1804FF6FE72914200F076
:103B9C00CC800336B6B24F46CA4690E7B9F1010F56
:103BAC0040F0C380059AF02A40F0BF804FF6FE72B9
:103BBC00914200F0BA800336B6B24F464FF0000A7D
:103BCC007DE7B9F1040F40F0B0804FF6F9729642E0
:103BDC0000F2AB800636B6B24F464FF0020A6EE7E3
:103BEC002F680FB37F6897F8009016E7A642FFF492
:103BFC0001AF019F9BF8003063B18A4B1B68002218
:103C0C00012B8BF8002000F09480022B06D0032BA4
:103C1C0000F08D80029B002B00F092800023029319
:103C2C006C242C227B89CFE63B2A7BD801A656F844
:103C3C0022F000BFAB3A0008373D0008313D0008C8
:103C4C00373D0008313D0008313D0008313D00088A
:103C5C00313D0008313D0008313D0008313D000880
:103C6C00313D0008313D0008313D0008313D000870
:103C7C00313D0008313D0008313D0008313D000860
:103C8C00313D0008313D0008313D0008313D000850
:103C9C00313D0008313D0008313D0008313D000840
:103CAC00313D0008313D0008313D0008313D000830
:103CBC00313D0008313D0008313D0008313D000820
:103CCC00313D0008313D0008313D0008313D000810
:103CDC00313D0008313D0008313D0008313D000800
:103CEC00313D0008313D0008313D0008313D0008F0
:103CFC00313D0008313D0008313D0008313D0008E0
:103D0C00373D0008373D0008373D0008373D0008B7
:103D1C00313D0008313D0008313D0008373D0008B9
:103D2C00373D00084FF00009A6E6019C98E60123F8
:103D3C000293EC246C2275E70798FEF797F8D2E60D
:103D4C009BF80130DDF80880DDE903563C46002B7A
:103D5C003FF486AE334A7F681379052B1AD0062BB5
:103D6C0027D0022B7FF47CAE7379062B7FF478AED0
:103D7C009BF802306E6A002B3FF472AE9068A6F886
:103D8C000880FEF773F8B0613B69F3612846FFF7D2
:103D9C00C9FC65E67379012B25D0033B022B3FF65A
:103DAC005FAE686A3946FFF719FB2846FFF768FAD9
:103DBC0056E67379DA1E022A02D9012B7FF450AE33
:103DCC006B6A5A790C2A04D00C210022A3F8051036
:103DDC001A81154B28461A461946FEF7A9FB2846A8
:103DEC00FFF702FC3CE6686A3946FFF7F7FA95F8EC
:103DFC0035301B07D9D56E6A7379082B04D008238C
:103E0C00A6F80530A6F80880002206F11C01284609
:103E1C0000F060FFB379FF2B1CBF0133B37101239A
:103E2C0033811DE67820012008680008002872D034
:103E3C002DE9F04F456A85B0044615B16B79082B16
:103E4C0002D005B0BDE8F08F0A68EB699A42F8D150
:103E5C000C234FF00009A5F80530A5F808900DF1DA
:103E6C000E0304222946FFF793F9804600284AD016
:103E7C00BDF80E604768731CF0379BB23222BA55FE
:103E8C000422FA54E869FDF7F1FF06F1020A1FFA61
:103E9C008AFA06F1030E1FFA8EFE06F1040C721D4F
:103EAC004FEA106B07F80AB092B21FFA8CFCB31DE4
:103EBC00F11D4FEA104A07F80EA09BB289B24FEAE7
:103ECC00102E07F80CE04329B8544FF0FF02FA54B7
:103EDC0007D8C6F13D02781892B2494602F090FA22
:103EEC004421F03189B24046FEF7A4FC0A4A0B4B40
:103EFC00106801930A4A009443234146FEF7C2FF1F
:103F0C004046FEF749FDAB79FF2B1CBF0133AB716B
:103F1C0014232B8195E770476C200120086800085A
:103F2C00046800082DE9F04F446A6379052B89B0C9
:103F3C00064604D005220023A4F8052023810DF1A8
:103F4C001E03032221463046FFF722F905460028BE
:103F5C007FD04368BDF81E20F033511C89B2392044
:103F6C00985402205854D11D89B2B6F82CA0039154
:103F7C0002EB0008D71C02F10801BFB289B21FFA8C
:103F8C0088F8101D80B2049102F1050E02F10901AE
:103F9C0002F1060C4FEA1A2B03F808B01FFA81F94C
:103FAC0003F807A01FFA8EFE37271FFA8CFC1F544C
:103FBC00CDF8149001204FF0030903F80E9003F88C
:103FCC000C000398049F03F8009002F10A011C20D6
:103FDC00D85589B2059FFF204329D85507D8C2F17F
:103FEC003A02581892B2002102F00AFA4421F03138
:103FFC00284689B2FEF71EFC174B00961868294616
:10400C00432304F11802FEF7D3FF034628461D464E
:10401C00FEF7C2FCA379FF2B15D00133DBB2092BC1
:10402C00A37110D8C3EB431203EB82031B010B4AA1
:10403C0003F2F3139BB2A2FB03235B0928462381F3
:10404C0009B0BDE8F08F28232846238109B0BDE8CC
:10405C00F08F4FF0FF35DDE76C200120D34D62105F
:10406C002DE9F047446A84B064B3627952B30023FB
:10407C00A16903910A2AC4E90633C4E90833C4E9E7
:10408C000B330546A362C4F80E30C4F812301CD0B2
:10409C00043A012A19D93D4B28461A461946FEF70F
:1040AC0047FA63791BB10023A4F8053023812379E7
:1040BC0043B1374B1D78013DEDB21D70002D5ED024
:1040CC000023237104B0BDE8F0870DF10A03072229
:1040DC0021462846FFF75CF807460028DBD0BDF8E0
:1040EC000A60436803F1F008731C9BB2362208F88F
:1040FC000620042208F803200398FDF7B7FE06F10A
:10410C0002091FFA89F906F1030E1FFA8EFE06F159
:10411C00040C721D4FEA106A08F809A092B21FFA3B
:10412C008CFCB31DF11D4FEA104908F80E909BB2A0
:10413C0089B24FEA102E08F80CE0432908F8020067
:10414C004FF0FF0208F8032008D8C6F13D0208EB37
:10415C00010092B2002102F053F94421F0313846AB
:10416C0089B2FEF767FB0B4B0095186803AA432333
:10417C003946FEF71DFF3846FEF70EFC8BE7054E61
:10418C003068FEF7BDFF35609AE700BF086800088D
:10419C00682001206C200120002878D02DE9F04106
:1041AC0090F83530DB0704466ED5838D466AB3F53F
:1041BC00107F55D306B3374F33793D7823B3013D88
:1041CC00EDB23D70002D4ED034220021304602F06D
:1041DC0017F90123337194F83530013513F00403CA
:1041EC003D7035D17279022A03D00222A6F805203F
:1041FC0033810020BDE8F0813420FEF721F806461B
:10420C0070B3244F60623D7834220021304602F0B6
:10421C00F7F8002DDDD1FEF78DFFDFF88480C8F8AC
:10422C000000E8B1427A1C4942F02002427244225A
:10423C00FEF7AEFD1849D8F800004322FEF724FF24
:10424C002A46D8F800001549FEF756FF3D78C0E71E
:10425C002046FFF7C9F90028CBD02046FFF700FF16
:10426C004FF0FF30C6E7DFF83880D8F80000FEF7D3
:10427C0047FFC8F800503D7834220021304602F048
:10428C00BFF8002DC7D0A4E76FF00F00B2E76FF0B6
:10429C000F007047682001200868000819390008D1
:1042AC006C2001202DE9F04F684B1D6889B0D5B109
:1042BC006C6AACB163799BB1A18A29B1628A013273
:1042CC0092B29142628211D0228A1AB1511E012AF5
:1042DC00218212D0E2891AB1511E012AE18115D036
:1042EC002D68002DE4D109B0BDE8F08F2846FFF70A
:1042FC00B7FE2846FFF750FFF2E703F0FB02012A56
:10430C0015D00A2B13D0042BEAD115E003F0FB02D5
:10431C00012A01D00A2BE3D12846FFF703FEA3891B
:10432C00628A9B1A012BC4BF5B10E381D8E704227D
:10433C000023A4F8052023810DF11E03032221463E
:10434C002846FEF725FF064600285ED04368BDF8D8
:10435C001E20F033511C89B2392098540220585435
:10436C00D11DB5F82CA002EB000989B202F10308AB
:10437C001FFA88F803911FFA89F902F1080102F17A
:10438C00040E02F1050C88B21FFA8CFC1FFA8EFE8B
:10439C00971D4FEA1A2B03F809B0BFB203F808A017
:1043AC0004904FF03708032003F80E8003F80C003C
:1043BC004FF0010C03F807C0039F02F10901D85517
:1043CC0089B2049F05911C2002F10A01D85589B2CB
:1043DC00059FFF204329D85507D8C2F13A02581837
:1043EC0092B2002102F00CF84421F03189B230462F
:1043FC00FEF720FA164B00951868164A43233146EF
:10440C00FEF7D6FD3046FEF7C7FAA379FF2B1AD07C
:10441C000133DBB2092BA37115D8C3EB431203EBA9
:10442C008203DB000C4A03F2F3139BB2A2FB0323BF
:10443C005B09A28A618A2381531A012B7FF750AF43
:10444C005B1023824CE71423F3E700BF60200120AC
:10445C006C20012004680008D34D621038B52E4B37
:10446C001C6824B926E0013B2B81246814B3656ACF
:10447C00002DFAD02B89012BF5D8F6D16B790022BF
:10448C000C2B2A8117D0013B072BEED801A252F836
:10449C0023F000BFE744000877440008D944000823
:1044AC007744000877440008C344000877440008A8
:1044BC00CB44000838BD2046FFF796F8D5E7AB791A
:1044CC00012B1AD92046FEF7DBFECEE7AB79012B88
:1044DC0020460FD9FFF788F8C7E7AB79052B2046A4
:1044EC0002D8FFF71FF9C0E7FFF7BAFD2046FFF728
:1044FC0053FEBAE7FEF7B2FFB7E7002205F11C0145
:10450C00204600F0E7FBAB79FF2B1CBF0133AB71EE
:10451C0001232B81A9E700BF6020012058B1406A1C
:10452C0048B140790A2805D0043801288CBF0020F6
:10453C0001207047012070472DE9F04F9F4D85B049
:10454C008B4691460646002800F0D880002A00F0E1
:10455C0039814FF0000C0A272A46CDF80CC002977F
:10456C00BE4639466446E246A8460A29137D3BD02E
:10457C0053B13568506885423BD0012B5ED0538ACD
:10458C009C459CBF9C46A6460134A3B20A2B24B280
:10459C0000F099810A2900F0998145460197D0468F
:1045AC008A460EE00129224432D005EBC202538A1E
:1045BC009C459CBF9C46A6460134A3B20A2B24B250
:1045CC0038D004EB440305EBC3036200197D0029CA
:1045DC00F2D0586837688742E4D19B689945E1D19D
:1045EC00204605B0BDE8F08F4BB155683068854268
:1045FC00C3D190688145F3D0012BC0D11EE0631C60
:10460C009BB20A2B2DD01BB2214618321C46ACE7AC
:10461C0005EBC20355F832205B8AC2B1984598BFAE
:10462C009846019B98BF234601340193A3B20A2BF1
:10463C0024B2C6D1019F51460C4613E01368002BDF
:10464C0051D0538A9A459CBF9A4627469CE7039AB9
:10465C009A4288BF13460393029B98BF234602934A
:10466C00AAE74546BBF1010F40F0A4800A2C11D0FB
:10467C00670026B13B1905EBC30332685A60274427
:10468C0005EBC707002320467B82C7F8089005B0CE
:10469C00BDE8F08FBEF10A0F23D1029B0A2B1ED16D
:1046AC000A2F00F087803C4604EB44084FEAC80808
:1046BC00670055F8080020B1FEF76EF9002345F8A5
:1046CC0008303B1905EBC3033D490022C3E9012225
:1046DC0008681A755A828A88D8601A82C9E71C46FB
:1046EC00E2E77446E0E7538A0398984288BF034692
:1046FC000393029B98BF2346029345E70A272A4659
:10470C00804684460297BE46394604460A29137DE4
:10471C0023D033B1012B34D0538A834224BF1846A3
:10472C00A646631C9CB20A2C1BB285D00A2900F049
:10473C00C18003EB430205EBC202147D34B1012CA2
:10474C0017D0528A90429CBF10469E4601339AB2B3
:10475C000A2A1BB2EDD10C4684E7002BDAD1631C7C
:10476C009BB20A2B3FF47EAF1BB2214618321C467B
:10477C00CCE71468528A64B194459CBF1F4694469A
:10478C00E4E713686BB1538A9C459CBF9C46274653
:10479C00C7E7904598BF9046029A98BF1A46029276
:1047AC00D4E7538A984598BF9846029B98BF2346F6
:1047BC000293B6E74FF0FF3412E700BF9C200120B4
:1047CC000C6800080A272946904692460297BE4676
:1047DC00BC4614460192BCF10A0F087D33D058B187
:1047EC0033684A689A423FF4FBAE012847D04B8AA3
:1047FC00434524BF9846A6460134A3B20A2B24B2E3
:10480C005FD0BCF10A0F58D05246CDF80CC0DDF881
:10481C0004A094460BE0012825D05B8A98459CBFE8
:10482C009846A6460134A3B20A2B24B223D004EB3B
:10483C00440305EBC303187D0028F3D031685A6894
:10484C009142E8D1CCE620B14B6832689A42CCD187
:10485C00C6E6631C9BB20A2B3FF404AF1BB2A44602
:10486C0018311C46B7E718685B8A80B19C459CBF21
:10487C009C462746D6E7DDF80CC06446F2E60B688A
:10488C006BB14B8A534524BF9A462746B4E79A45E9
:10489C0098BF9A46029B98BF23460293C2E74B8A65
:1048AC00019A934228BF1A46029B019228BF2346C5
:1048BC000293A1E718321C4628E7234618311C4600
:1048CC0089E76446CEE645460C46CBE623461832CD
:1048DC001C464AE62DE9F04F5A4F02EB420807EB13
:1048EC00C80885B098F81430022B05460E4612D035
:1048FC00182303FB027202F10C0405F12E094FF48C
:10490C00006300934A4623463146284601F040FD99
:10491C0005B0BDE8F08FB8F81230B3F58E7F49D8EA
:10492C00B3F5877FE4D302EB4202D20002F10C0311
:10493C00043203921C214FF420720E20DC19FDF777
:10494C00B9FE05F12E0983460028D8D0D0F804A072
:10495C000120FDF787FAAAF80600D5F82E30CAF820
:10496C000830394BB9F80420AAF80C201A689B8837
:10497C00CAF81220AAF816306B68039ACAF80E30DF
:10498C00BB58CAF81830314BCAF8003040F2064315
:10499C00AAF8043040F6060300934A4623465946CB
:1049AC00284601F0F5FC5846FDF7F6FF032388F87E
:1049BC001430A4E702EB4202D4001C214FF4207205
:1049CC000E20FDF777FE05F12E09221D8346B0B3AC
:1049DC00D0F804A003920120FDF744FAAAF80600CF
:1049EC00D5F82E30CAF80830174BB9F80410AAF8CD
:1049FC000C1019689B88CAF81210AAF816306B684C
:104A0C00039ACAF80E30BB58CAF818300F4BCAF8C4
:104A1C00003040F20643AAF8043040F60603009337
:104A2C004A460B4B5946284601F0B2FC5846FDF756
:104A3C00B3FF0C3403233C4488F814305FE70C3488
:104A4C003C445CE79C2001200C6800080001080035
:104A5C00146800082DE9F04F364CDFF8DC8083B089
:104A6C0004F1F00700260AE0012D27D0032D5ED0BB
:104A7C00042D01D1022323751834BC421BD0257D93
:104A8C00002DF9D0638A01339BB2B3F5967F638214
:104A9C00EAD3206810B1FDF77FFF2660D8F800003C
:104AAC00B8F8043026756682E0602382C4E901669A
:104ABC001834BC42E3D103B0BDE8F08F042BE8D826
:104ACC004FF420721C210E20D4F808A0FDF7F2FD43
:104ADC000AF12E0B81460028CED02846D9F8045076
:104AEC00FDF7C0F9E880DAF82E30AB60124BBAF85B
:104AFC00322019689B88AA81C5F81210EB82DAF86B
:104B0C000430C5F80E306368AB610C4B2B6040F27F
:104B1C000643AB8040F6060300935A46084B5046BA
:104B2C00494601F035FC4846FDF736FFA4E704235F
:104B3C002375A1E79C2001200C68000800010800E7
:104B4C001468000800297DD02DE9F04746683388A9
:104B5C00B3F5807F84B0044602D13379062B05D09F
:104B6C00204604B0BDE8F047FDF716BF7379042B5F
:104B7C00F6D17388082BF3D14F68D6F80E00B369C1
:104B8C0003900D4606F10808002F56D09F4240F0C6
:104B9C008F80002800F094800127BA46294601F046
:104BAC0031F88146C0BB039B03F0F003E02B33D0FC
:104BBC0051462A4603A8FFF7BFFC031E2CDB4349D2
:104BCC0003EB430201EBC20C02208CF814004FF0F3
:104BDC00180E0C20CCF8085013FB0E03D8F800006C
:104BEC00C8500B44B8F804009880D200ACF812906E
:104BFC0051F802A0BAF1000F0ED04FF4006341F847
:104C0C0002902846009305F12E024346514601F0CE
:104C1C00BFFB5046FDF7C0FEF388B3F5807F12D082
:104C2C00B3F5007F03D103A92846FFF7FFF8204610
:104C3C00FDF7B2FE04B0BDE8F08700283BD04FF082
:104C4C00020AABE77047002FF1D04FF420721C2101
:104C5C000E20FDF72FFD05F12E0907460028E6D0A2
:104C6C0046680220FDF7FEF8F080D5F82E30B360D0
:104C7C006B8EB381D8F80030C6F81230B8F8043017
:104C8C00F3826968C6F80E100399B161104931605E
:104C9C0040F20641B18040F6060100914A46434677
:104CAC002846394601F074FB3846FDF775FEBEE721
:104CBC0000270028C3D1F388B3F5807FB0D1B6E7C5
:104CCC00F388B3F5807FABD1BFE700BF9C200120F8
:104CDC00000108002DE9F04F044685B008680D4628
:104CEC002146164600F08EFF002840F0B0802B685D
:104CFC0003F0F002E02A00F0AA80002B00F0A7805D
:104D0C00224601212846FFF717FC0028C0F28B80B1
:104D1C00C7B2DFF8588107EB470308EBC3037A00EF
:104D2C0003921A7D04F12E09002A48D101221A752A
:104D3C001C214FF420720E209C60FDF7BBFC8246B8
:104D4C00002800F087800120DAF804B0FDF78AF81B
:104D5C00ABF80600D4F82E30CBF808303F4BB9F83E
:104D6C000420ABF80C201A689B88CBF81220ABF807
:104D7C0016306368CBF80E302B68CBF81830384BF4
:104D8C00CBF8003040F20643ABF8043040F6060393
:104D9C0000934A46334B5146204601F0F9FA5046EF
:104DAC00FDF7FAFD00203EB17B003B4408EBC3034A
:104DBC001B7D012B26D806D005B0BDE8F08F002E48
:104DCC0035D0012A1ED1334602E01B68002B3AD0A5
:104DDC001A7B5206F9D532464FF420710E20FDF79E
:104DEC00D9FE064666B3039B3B4458F8330008B122
:104DFC00FDF7D2FD039B3B44002048F8336005B01F
:104E0C00BDE8F08F2046184C1823277003FB07834E
:104E1C004FF400644A4631460C33009401F0B8FA62
:104E2C0005B0BDE8F08F40B205B0BDE8F08F4FF48F
:104E3C0020721C210E20FDF73DFC8246002882D1F9
:104E4C004FF0FF30B8E73046FDF7B4FDCAE76FF01E
:104E5C000F00B1E74FF0FF30A5E700BF0C6800086A
:104E6C000001080014680008982001209C200120F3
:104E7C002DE9F041044684B00E46106821461546D3
:104E8C0000F0C0FE002840F09780296801F0F00384
:104E9C00E02B73D06368A2684B40134284460AD05F
:104EAC008AB24FF6A9639A4205D0E168002900F056
:104EBC00D38004F10C05DFF8B081694B98F8002021
:104ECC0002EB420003EBC00090F814E0BEF1010FBE
:104EDC0002D98768A74271D01A7D012A02D99A6833
:104EEC00944275D093F82C20012A02D91A6A944264
:104EFC0077D093F84420012A02D99A6B944276D049
:104F0C0093F85C20012A02D91A6D944275D093F85B
:104F1C007420012A02D99A6E944274D093F88C2092
:104F2C00012A03D9D3F88020944272D093F8A4209C
:104F3C00012A03D9D3F89820944270D093F8BC205E
:104F4C00012A03D9D3F8B02094426FD093F8D4201F
:104F5C00012A03D9D3F8C82094426ED093F8EC20E0
:104F6C00012A03D9D3F8E020A2426DD0324629465B
:104F7C00204604B0BDE8F041FFF7ACBE6B78EA7890
:104F8C00A9788DF80D2003F07F0301205E228DF8A7
:104F9C000B30ADF808008DF80C1002AB8DF80A2020
:104FAC004FF400620092314604F12E02204601F0CB
:104FBC00EFF904B0BDE8F0812A4BF1E7406881427B
:104FCC008AD13146204604B0BDE8F041FFF782BCDF
:104FDC005A68914286D162463146204688F800C014
:104FEC00F1E7DA69914284D14FF0010CF3E75A6B87
:104FFC00914285D14FF0020CEDE7DA6C914286D1EB
:10500C004FF0030CE7E75A6E914287D14FF0040C36
:10501C00E1E7DA6F914289D14FF0050CDBE7D3F869
:10502C00942091428AD14FF0060CD4E7D3F8AC20EF
:10503C0091428BD14FF0070CCDE7D3F8C4209142AD
:10504C008CD14FF0080CC6E7D3F8DC30994208BF7E
:10505C004FF0090C8AD1BEE76FF00300A9E700BF3F
:10506C009C20012014680008982001202DE9F041B3
:10507C004FF4207282B0074688460E201C21FDF7A3
:10508C0019FB68B3446805460120FCF7EBFEE08091
:10509C00D7F82E30A360144B7A8E19689B88A281A6
:1050AC00C4F81210E3827B68C4F80E30D8F80030D4
:1050BC00A3610E4B236040F6060140F2064307F154
:1050CC002E06A38032460A4B00913846294601F041
:1050DC005FF92846FDF760FC002002B0BDE8F081C6
:1050EC004FF0FF30F9E700BF0C6800080001080022
:1050FC00146800082DE9F0434D4FD7F8088098F854
:10510C00004004F00F04A400132C85B0054613D9FD
:10511C004389032B10D943681B78082B0CD1786971
:10512C0000F0F003E02B07D00E46396800F06AFD62
:10513C0010B92B89072B05D8284605B0BDE8F043DC
:10514C00FDF72ABC2846FCF753FF0028F4D104F1E4
:10515C000E0949462846FDF7A5FB00285CD02B8993
:10516C00191989B28B42E7D84FF420720E20FDF743
:10517C00A1FA81460028DFD0428904F108039A4243
:10518C0051D341464068224601F042F92146484637
:10519C00FDF7B0FB002846D129464846FDF73EFCFA
:1051AC00002840D12846FDF7F7FB4D4621462846FE
:1051BC00D5F80490FDF776FB0028BDD1D7E9043271
:1051CC00D5F80480C8F80C20C8F81030B9F80230B3
:1051DC0089F800004FF6F77293428CBF09330833FD
:1051EC009BB2FF2721460024A9F80230404688F8DC
:1051FC00087088F80A4088F80B40FCF7BFFE0123C2
:10520C00A8F80A000B490094CDE9013622463B462A
:10521C00284600F03BFB8FE749462846FDF76AFB22
:10522C000028C3D088E74846FDF7B6FB84E700BFEB
:10523C001C3F0020303F0020F0B54FF4207287B0A7
:10524C0007460E4622202421FDF734FA80B3446829
:10525C007B686670032200272270676019685A68A1
:10526C00DE680546986820616661A160E260986915
:10527C0019695A69E2612062A161DB68059305A88E
:10528C0000F0A8F9064680B16989A770E77020463E
:10529C00FCF774FE0123608005AACDE90136009766
:1052AC00FF233946284600F0F1FA2846FDF774FB37
:1052BC0007B0F0BDF0B54FF4207287B007460E462C
:1052CC0022202421FDF7F6F980B344687B686670D0
:1052DC000B2200272270676019685A68DE68054641
:1052EC00986820616661A160E260986919695A69E1
:1052FC00E2612062A161DB68059305A800F06AF900
:10530C00064680B16989A770E7702046FCF736FE27
:10531C000123608005AACDE901360097FF233946A9
:10532C00284600F0B3FA2846FDF736FB07B0F0BD6F
:10533C002DE9F041204B88B01C680694884616462F
:10534C00074608214FF420723620FDF7B3F980B3DD
:10535C0045687B680693162ED8F804306B6004BF42
:10536C00012388F808302E704FF0000604464FF0E9
:10537C0008016E70AE70EE70284614BFDFF83C80EA
:10538C0008F10408FCF7FAFD688040F2944007909D
:10539C0004200223049007A8CDE900630390029730
:1053AC000123424606A9204600F0EAFA2046FDF702
:1053BC00F3FA08B0BDE8F081086800088C210120E0
:1053CC000349044B0448054A08601A60704700BF43
:1053DC00902101208C210120E0000001E00000025E
:1053EC0070B5866A04463EB31A4D3046296801E012
:1053FC00006880B142688A42FAD1027B0132D2B293
:10540C00022141720273E36B1BB112490122204647
:10541C009847002070BD0320FCF7AAFF48B100227A
:10542C008260027332682968C0E900210122306071
:10543C00E6E74FF0FF3070BD0320FCF799FF002822
:10544C00F7D0044A86601268426006730660012237
:10545C00A062D5E790210120836A83B11B6873B1E8
:10546C000220012103E0012A0AD01B683BB15A7AC1
:10547C00022AF8D1588159721B68002BF7D170475A
:10548C005A89013A92B2042AEFD958815972F3E73A
:10549C00806A30B10A6801E0006810B14368934239
:1054AC00FAD17047F8B54389072B04461CD94768D5
:1054BC000D46384619461646FCF760FDA0B9A86A99
:1054CC0090B13168034601E01B686BB15A688A429F
:1054DC00FAD13A78112A0CD0162A05D15A7A012A17
:1054EC0004BF4FF400729A602046BDE8F840FDF707
:1054FC0053BA214A126891427A6813D0002AF3D029
:10550C00597A7A78022905D00129EDD1598909B146
:10551C009142E9D95208012A38BF012201215A814E
:10552C005972E1E7E2B97D780DB90A257D700368FF
:10553C00002BD9D0012005E0012A16D01B68002BC6
:10554C00D2D07D785A7A022A4FEA5501F4D101293A
:10555C0038BF012159815872F0E700680028C3D088
:10556C0043689342F9D10346CAE75A89002AEED020
:10557C00AA42E3D9EBE700BF90210120F8B5134B09
:10558C001D6815B3124F0226AC6A14B91AE02468D0
:10559C00C4B16289531E9BB2002AF8D06381002BE0
:1055AC00F5D1637A012BF2D162683B689A422146AD
:1055BC004FF016022846EAD06672FFF7B9FE24684F
:1055CC00002CE6D12D68002DDED1F8BD6020012025
:1055DC0090210120016801F0F003E02B28D0194B39
:1055EC001868A8B190F83530DA070ED55A070CD5E3
:1055FC00426881EA020C42B182681CEA020F1BD09D
:10560C009B0702D4C368994216D000680028E9D1E0
:10561C000D4B186880B190F8353003F00503052B5D
:10562C000BD143685BB1C9B27F2908BF002070471A
:10563C00064B18680028D2D07047002070471846D7
:10564C00FAE700BF602001205C200120942101209A
:10565C002DE9F84347683B781A09042A044612D10D
:10566C0003F00F0378889D000E46FCF7FBFB2389A3
:10567C00834280460DD86389AB4204D323894345CA
:10568C0001D3132D0DD82046FDF786F90020BDE877
:10569C00F88301462046FDF7CDF86389AB42EDD285
:1056AC00F1E729463846FCF769FC0028EBD13B6949
:1056BC00DFF8D481F868C8F8100003F0F002E02A93
:1056CC00C8F8143061D196F83530990600F1958000
:1056DC007B7A112B00F0A1800028D4D04FF0000968
:1056EC00314600F08FFA0028CDD1D8F8103003F0F5
:1056FC00F003E02BC7D0B9F1000FC4D0FB8823F026
:10570C00C00333B1204600F035FB04460028BDD061
:10571C004768C8F80870C8E900963B7803F00F0397
:10572C009B0029462046A8F80C30FDF7E3F87B7A5D
:10573C00022B00F08E80112B00F08680012B7ED086
:10574C00D8F81400494600F05DFA68B9D8F814305E
:10575C0003F0F003E02B07D029462046FDF7E4F8D0
:10576C0002212046FFF768FD2046FDF715F90023BE
:10577C00C8F80030C8F80430C8F80830A8F80C3065
:10578C00C8F81030C8F8143080E796F83520D207E6
:10579C0025D4DBB27F2B4CD0384BD3F80090B9F129
:1057AC00000F08D145E000F02DFA98B9D9F8009017
:1057BC00B9F1000F3DD04E45F8D099F83530DB07E4
:1057CC00F4D5D9F80430002BF0D0D8F8140083426B
:1057DC004946E8D1D8F8100000288FD080E77268CD
:1057EC00002AD6D09A4213D01846314600F00AFA55
:1057FC0000283BD1D8F81430CBE708F1140130461F
:10580C00FFF746FEA8B1D8E904021D4B9A420CD012
:10581C00B14600283FF472AF62E77B195B88B3F5A1
:10582C00884F7FF459AFB14668E70028FBD0B146EA
:10583C0056E77B7A112B12D0D8F810004CE7314682
:10584C002046FFF757FC92E731462046FDF7BEF99C
:10585C008DE70C4A31462046FFF724FE87E77B197B
:10586C005B88B3F5884FE7D1B14647E7D8F810000D
:10587C00B14600283FF442AF32E700BF6020012060
:10588C00E0000001303F00201C3F00202DE9F04FCC
:10589C0085B006469DF838409DF83CB0109F002A14
:1058AC005AD08946904609B10A680AB907F1040929
:1058BC00142130460193FCF7F5FF824600285AD19B
:1058CC007568019B2B7285F809B0D8F80010296116
:1058DC004BEA032B0B0C13FA81F1220245232B709C
:1058EC006C7042F045024FEA2B240A4444EA0B2424
:1058FC00308912FA84F4FCF7B5FA85F806A085F81D
:10590C0007A0DFF878A068808346BAF80000FCF79F
:10591C00A9FAD9F80020EA6014FA82F303EB1243D7
:10592C005B4403449AB202EB134303EB1343DB4394
:10593C006B81BAF80030A8800133AAF80030BB8D17
:10594C0013B132899A4210D87B69424631463846A7
:10595C00984705B0BDE8F08F4389132B0BD94368EA
:10596C001B6903930DF10C08E9E7424639463046B2
:10597C0000F0E0FBEDE76FF00100EAE79821012071
:10598C002DE9F04F85B004469DF838B09DF83C8069
:10599C00BDF848A0002A00F097800F46994616469D
:1059AC0009B10B680BB9109B1F1DBAF1000F00F069
:1059BC009380BAF1280F00F2A4800AF1030525F0B8
:1059CC000305ADB205F114039BB2294620460093A2
:1059DC00FCF768FF0190002840F0908060681199F6
:1059EC00524600F015FDAA45019B79D36368E9186E
:1059FC00002533F8022B99421544FAD11421204684
:105A0C00FCF750FF0190002878D1D4F804A0009B3B
:105A1C008AF80890C3F387018AF809803068CAF8BD
:105A2C00100041F0400148EA09288AF800104BEABE
:105A3C0001294FEA282141EA0828010C11FA80F0CB
:105A4C008AF801B010FA88F82089DFF8BCB0FCF7AE
:105A5C0009FA019AAAF8020000908AF806208AF83E
:105A6C000720BBF80000FCF7FDF93A68CAF80C20D7
:105A7C0018FA82F808EB12484FEA29220099AAF882
:105A8C000400A84442EA092218FA82F20A440244A9
:105A9C0090B2BBF8003000EB124000EB1040C0435A
:105AAC000133AAF80A00ABF80030109B9B8D13B1A0
:105ABC0022899A421CD8109B10985B693246214669
:105ACC00984705B0BDE8F08F4389132B16D943686E
:105ADC001B69039303AEE8E71423554600938DE747
:105AEC00606819465044A5EB0A0200F089FC7DE77A
:105AFC0010993246204600F01DFBE2E76FF00100E2
:105B0C00DFE76FF00500DCE7982101202DE9F04F6D
:105B1C0085B005469DF838909DF83CB0109E0193D9
:105B2C00002A5AD0884614211746FCF7BBFE019B6D
:105B3C00824600285FD16C68237284F809B03A68F9
:105B4C0022614BEA032B130C13FA82F284F80190B6
:105B5C0045234FEA0929237049F045094FEA2B23C5
:105B6C00914443EA0B23288919FA83F9FCF77AF953
:105B7C0084F806A084F807A0DFF884A06080814434
:105B8C00BAF80000FCF76EF9BAF80020A0800132D8
:105B9C0000EB0903AAF80020B8F1000F1AD0D8F8CE
:105BAC000020E26013FA82F303EB12439AB202EB89
:105BBC00134303EB1343DB436381B38D13B12A8986
:105BCC009A4212D873693A4629463046984705B02E
:105BDC00BDE8F08F094A1268E3E74389132B0AD911
:105BEC0043681B69039303AFE7E73A4631462846FF
:105BFC0000F0A0FAEBE76FF00100E8E70868000896
:105C0C0098210120421E0332034615D891F8350025
:105C1C0010F002000FD04A689A420BD089685A40A3
:105C2C000A4207D1C84323EA0103181AB0FA80F0DC
:105C3C004009704700207047012070472DE9F04162
:105C4C00446863689A88074688461AB300266368D6
:105C5C00204625461C68FCF7A3FE831928469EB2F5
:105C6C00FCF79AFE002CF2D1184B1A68974216BF1B
:105C7C003B683A68C8F800304FF00100394608BF5D
:105C8C001A60FCF785FB124A13889B1B3046138065
:105C9C00BDE8F0811A684260396982687D69C06824
:105CAC0058609960DD601A60BA691A61012120465A
:105CBC00FFF700FB2046FCF773FE06462046FCF778
:105CCC006BFE7C68002CC2D1CEE700BF9C2101206A
:105CDC009A2101202DE9F843DFF87C8005460E4619
:105CEC000027D8F800309BB3D5F80CE05A69002493
:105CFC0072452146A44620460FD00134D0B1C27F54
:105D0C0093F81F9091459CBF614618461A689C46B3
:105D1C00B2B113465A697245EFD19A69D5F8109011
:105D2C004A45EAD1B3F80C90AA889145EED00134DB
:105D3C000028E4D11A68614618469C46002AE8D12E
:105D4C0010B1FFF77BFF0744B74201DA012CC8DC26
:105D5C003846BDE8F88300BF9C21012010B50446ED
:105D6C00406908B1FCF718FE21460220BDE810403E
:105D7C00FCF70EBB2DE9F04FD0F804A09AF80030D8
:105D8C0003F00F03052B85B0054676D1BAF8060053
:105D9C00FCF768F80646BAF80200FCF763F89AF8C4
:105DAC00003003F00F03B0EB830F4FEA830264D390
:105DBC00831A9BB2DFF8748300932846FCF7F0FD3E
:105DCC00B8F8003003440A2B074600F3D080DFF804
:105DDC006093D9F80040002C00F0D780DAF80C2042
:105DEC0003E02468002C00F0D08063699342F8D162
:105DFC00DAF81030A1699942F3D1A189BAF80430CC
:105E0C009942EED1BAF80600FCF72CF8C0F30C005E
:105E1C00002800F09480BAF80630C6F30C0613F094
:105E2C0020034FEAC606019308D1009BF3189BB2DE
:105E3C009E4212D84FF6EB7293420ED8D5F804A0BE
:105E4C00BAF80200FCF70EF89AF8003003F00F03D2
:105E5C00B0EB830F4FEA830217D263686BB9D9F8A2
:105E6C000020944202D022681A60FFDE2368C9F831
:105E7C00003021460120FCF78BFA2846FCF78CFDFC
:105E8C000026304605B0BDE8F08F831ABAF806003C
:105E9C001FFA83FAFBF7E6FFC0F30C02D5F804B047
:105EAC00D2000AEB0203ABF806309BB21946029300
:105EBC008A424FF00003ABF804208BF800308BF8CB
:105ECC0001308BF802308BF80330C6D8616803912F
:105EDC00002900F0BB804FF0010A94460DE0CCD0B5
:105EEC00B3F806E0F445C8D322B1D288824218BF79
:105EFC004FF0000A196800296AD01A464B68988836
:105F0C008445ECD263469446CBF800101A46BCF19B
:105F1C00000F00F09480BCF806309A42ADD3029981
:105F2C008142AAD89A42CCF8005054D0019B002B45
:105F3C007FD0B8F800303B44A8F80030A0E7E089E7
:105F4C00FBF790FFC0F30C0000283FF464AFDAF8C5
:105F5C000030DAF80410DAF80820DAF80C00606186
:105F6C00A360E1602261DAF81030A36153E70146C7
:105F7C005046FFF7AFFE00283FF47FAFB8F8003073
:105F8C003B440A2B7FF723AF77E70120FCF7F0F9AE
:105F9C00044678B10023E361A360E360236163618D
:105FAC00A3616360D9F8003023600F23C9F8004067
:105FBC00E377CCE739465046FFF78CFE87423FF734
:105FCC005CAF0120FCF7D4F904460028E2D154E779
:105FDC00F4451D60AAD1019B43B3A37FDA07A8D572
:105FEC00BAF1000FA5D0039B5B689B886BB9DBF8FB
:105FFC000020002A34D0029903E01A68002A2FD01E
:10600C00D98853689A888A42F7D0B8F800303B4454
:10601C00A8F80030019B002B7FF432AFA37F009ACD
:10602C0043F001031644A683A37729E7BAF1000FC6
:10603C00D9D1B8F800303B44A8F80030EEE7029B09
:10604C0083423FF61AAF65600395C4E7019B656018
:10605C00002B5BD0A37FDB0748BF0395C3D468E755
:10606C00B8F800303B44A8F80030019B33B9009BD2
:10607C001E44A37FA68343F00103A3776368A08B20
:10608C005E68E168A36822696569F5607160B26059
:10609C0035683360A3693361143080B2FBF7E2FEDC
:1060AC0000237080B371F371B372F3723046142114
:1060BC00FBF764FF708166685DB16F682846142138
:1060CC00FCF718FC29463046FCF77AFC3D68002D9D
:1060DC00F3D1D9F800309C4205D0A3B11A68944290
:1060EC0011D01346F9E72368C9F800302146012086
:1060FC00FCF74EF93046FCF753FCB8F800301B1A8D
:10610C00A8F80030BDE622681A60EFE7BBF804304F
:10611C00002B8ED1DBF80020002A7FF46CAFB8F88E
:10612C0000303B44A8F80030A1E700BF9A210120C1
:10613C009C2101202DE9F04F8B8D8DB005460A92E4
:10614C00B3F1140248BFA3F10D02436807911E4638
:10615C001B7803F00F03C2F3CF02052B06924FEA14
:10616C00830840F0BD804389132B40F2B980F0883E
:10617C00FBF778FE2B89143B9BB200F4005203937F
:10618C00C0F30C0E0B92002B00F09080069BDFF8F6
:10619C0058A1CDF814E0DB009BB2089300243746DD
:1061AC004FF4207214210E20FCF784FA089B039AFA
:1061BC00934228BF134604938346002800F0858041
:1061CC0043683A687868B968FE68DE601A6058609F
:1061DC0099603A691A61DBF804300993049B002B2F
:1061EC007AD0994602976C89A4EB0804A4B24C456A
:1061FC0028BF4C460220002C5CD0FCF7B9F80646B0
:10620C004122214600203346002E5BD001946F685A
:10621C0047440097FCF7F0FA07462846002F4DD06C
:10622C00A9EB0409FCF7C6FB1FFA89F9C6E904A51A
:10623C0039465846FCF7C4FBB9F1000F3AD1A044DB
:10624C00029F1FFA88F8079B059A9B8DC2F30C00DE
:10625C00039A133B93423BDC40F40050FBF702FEE5
:10626C00099E049BF08003F1140080B2FBF7FAFD49
:10627C0000237080B372F37214213046FBF77EFE5C
:10628C00708107980A9A4369594698475846FCF713
:10629C0083FBDDE90323D31ADDE905210A449BB214
:1062AC0092B203930592002B7FF47AAF00200DB0CD
:1062BC00BDE8F08F2D684FF0000894E731460220BE
:1062CC00FCF766F85846FCF767FB4FF0FF30EEE73B
:1062DC000B9B002BC2D0BFE7A0441FFA88F8B2E793
:1062EC006FF00500E3E700BF695D000843890E2BE2
:1062FC0070B504461BD9C37B0D461BB991F83830D9
:10630C000133C373606803788689D9070AD5012BDA
:10631C0030D01E49062200F063F818B9637B43F0B5
:10632C0008036373082E16D0B6F5C16F04D020464F
:10633C00FCF732FB002070BD95F835301B07F6D505
:10634C000E212046FCF7D6FA0028F0D1294620462B
:10635C00FEF7F8FBEEE795F835301A07E7D50E2176
:10636C002046FCF7C7FA0028E1D129462046FFF762
:10637C006FF9DFE74378002BD4D183785E2BD1D132
:10638C00637B43F010036373CCE700BF1468000811
:10639C002DE9F0470646BDF820000C4617469846F6
:1063AC00FBF760FD0E2181462046FCF77BFA98B97D
:1063BC006568A5F80C90D8F800302B60B8F804305C
:1063CC00AB803B68C5F80630BB886B81B36921464E
:1063DC003046BDE8F04718476FF00100BDE8F08784
:1063EC0010B501390244904201D1002005E0037838
:1063FC0011F8014FA34201D0181B10BD0130F2E778
:10640C0002440346934200D1704703F8011BF9E79D
:10641C000A44914200F1FF3300D1704710B511F8D6
:10642C00014B03F8014F9142F9D110BD2DE9F04712
:10643C00089D0C46002B4ED194468C458646B2FAEC
:10644C0082F262D94AB1C2F12003914020FA03F3DF
:10645C000CFA02FC194300FA02FE4FEA1C471FFA21
:10646C008CF6B1FBF7F44FEA1E4307FB141143EA19
:10647C00014304FB06F199420AD91CEB030304F116
:10648C00FF3080F01381994240F21081023C63444A
:10649C00591A1FFA8EF3B1FBF7F007FB101143EA00
:1064AC00014300FB06F69E420AD91CEB030300F1E4
:1064BC00FF3180F0FD809E4240F2FA806344023846
:1064CC009B1B40EA044000211DB1D3400022C5E9CA
:1064DC000032BDE8F0878B4205D90DB1C5E900014A
:1064EC0000210846F5E7B3FA83F1002946D1A3420F
:1064FC0002D39042C0F0F180861A64EB03030120B2
:10650C00002DE6D0C5E90063E3E7002A40F0918056
:10651C00A1EB0C044FEA1C481FFA8CF70121B4FBC9
:10652C00F8F64FEA1E4308FB164443EA044307FB04
:10653C0006F0984208D91CEB030306F1FF3402D293
:10654C00984200F2CE8026461C1A1FFA8EF3B4FB3A
:10655C00F8F008FB104443EA044300FB07F79F42A2
:10656C0008D91CEB030300F1FF3402D29F4200F266
:10657C00B1802046DB1B40EA0640A5E7C1F12006AE
:10658C008B4022FA06F71F4320FA06FC04FA01F3AB
:10659C0043EA0C03F44000FA01F8380C4FEA1349B3
:1065AC00B4FBF0FE1FFA87FC00FB1E4449EA0444CE
:1065BC000EFB0CF9A14502FA01F20AD93C190EF1B5
:1065CC00FF3A80F08580A14540F28280AEF1020E48
:1065DC003C44A4EB09041FFA83F9B4FBF0F300FB71
:1065EC00134449EA044403FB0CFCA44507D93C19A9
:1065FC0003F1FF3068D2A44566D9023B3C4443EA20
:10660C000E40A0FB0293A4EB0C049C42CE469C468D
:10661C0052D34FD055B1B8EB0E0364EB0C0404FA13
:10662C0006F6CB40CC401E43C5E900640021BDE812
:10663C00F087C2F1200320FA03F10CFA02FC24FAD1
:10664C0003F394400C434FEA1C4800FA02FE1FFA75
:10665C008CF7B3FBF8F008FB1031230C43EA014331
:10666C0000FB07F1994208D91CEB030300F1FF363C
:10667C002CD299422AD9023863445B1AA4B2B3FBD8
:10668C00F8F108FB113344EA034401FB07F3A3427E
:10669C0008D91CEB040401F1FF3613D2A34211D923
:1066AC0002396444E41A41EA004138E70446EFE653
:1066BC00084605E7C845ADD2B9EB020E63EB070CF3
:1066CC000138A7E73146EDE7034698E73046D4E7B3
:1066DC00D6467EE7634402384CE706462346084616
:1066EC000EE7023E63442FE7F8B500BFF8BC08BCC8
:1066FC009E467047F8B500BFF8BC08BC9E46704774
:10670C000000000000000000010203040607080955
:10671C000000000001020304F4670008E4670008AD
:10672C00D4670008C4670008B4670008A4670008B1
:10673C0094670008504255465F504F4F4C00000084
:10674C00504255465F5245462F524F4D00000000B7
:10675C005359535F54494D454F55540049474D507B
:10676C005F47524F55500000465241475F504255CB
:10677C00460000005245415353444154410000002F
:10678C005544505F5043420040670008EC050A0036
:10679C0058DF002054DF00204C67000810000A006E
:1067AC00981A0120941A01205C67000810000A0056
:1067BC00401B01203C1B01206867000810000C00E6
:1067CC00E81B0120E41B01207467000818000F006F
:1067DC00B01C0120AC1C01208067000820000500C3
:1067EC00201E01201C1E01208C67000828000A00B6
:1067FC00C81E0120C41E0120FFFFFFFF0000000087
:10680C000000000000000000FFFFFFFFFFFF000082
:08681C001CFCFF7F01000000DD
:04682400490200081D
:046828002102000841
:0C682C00E107010000C000000000CDAB3F
:0400000508001CA52E
:020000040800F2
:1080000000000320BD9101080192010801920108BE
:10801000019201080192010801920108000000008C
:1080200000000000000000000000000001920108B4
:10803000019201080000000001920108C5E000085B
:1080400001920108019201080192010801920108C0
:1080500001920108019201080192010801920108B0
:1080600001920108019201080192010801920108A0
:10807000019201081915010831FB000869EF000899
:108080000192010801920108019201080192010880
:108090000192010801920108019201080192010870
:1080A0000192010801920108019201080192010860
:1080B0000192010801920108019201080192010850
:1080C0000192010801920108019201080192010840
:1080D00001920108410501080192010879F900089F
:1080E0000192010801920108019201080192010820
:1080F0000192010801920108019201080192010810
:1081000001920108019201080192010801920108FF
:10811000B1ED00080192010801920108C55501085E
:1081200001920108A91C01080192010801920108AD
:1081300001920108019201080192010801920108CF
:1081400001920108019201080192010801920108BF
:1081500001920108A1E30008F5060108E9E1000821
:10816000019201080192010801920108019201089F
:10817000019201080192010801920108000000002B
:10818000019201080192010801920108019201087F
:10819000019201080192010801920108000000000B
:0C81A000019201080192010801920108FF
:1081AC0053B94AB9002908BF00281CBF4FF0FF3152
:1081BC004FF0FF3000F00CB8ADF1080C6DE904CEB7
:1081CC0015F0C0FBDDF804E0DDE9022304B07047D4
:1081DC00704700BF0348044B834202D0034B03B1EA
:1081EC0018477047C40A0020C40A00200000000091
:1081FC000548064B1B1AD90F01EBA301491002D0FD
:10820C00034B03B118477047C40A0020C40A00206E
:10821C000000000010B5064C237843B9FFF7DAFFD5
:10822C00044B13B10448AFF300800123237010BD3D
:10823C00C80A002000000000A0DC010808B5054BAE
:10824C001BB105490548AFF30080BDE80840FFF7B6
:10825C00CFBF00BF00000000CC0A0020A0DC01084A
:10826C002DE9F04FB2F808802DED028B08F1FF33A9
:10827C00FE2B8BB0144670D8AA4DAB4E5FFA88F823
:10828C00A5FB083508EBD51505F0FF056F1E6DB184
:10829C004FF00009B2461FFA89F1204611F014FF85
:1082AC0009F101094D450AF8010BF4D13378F02B93
:1082BC0000F0C980482B4CD8482B4ED8DFE813F07F
:1082CC0028044D004D004D004D004D004D004D005B
:1082DC004D004D004D004D004D004D004D004D002A
:1082EC004D004D004D004D004D004D004D004D001A
:1082FC004D004D004D004D004D004D004D004D000A
:10830C004D004D004D004D004D004D004D004D00F9
:10831C004D004D004D004D004D004D004D004D00E9
:10832C004D004D004D004D004D004D004D004D00D9
:10833C004D004D004D004D004D004D004D004D00C9
:10834C009004DC0436055606AE06CE0712088C08DF
:10835C00D508A32B0AD89F2B6CD8204611F0A8FD6A
:10836C0040B20BB0BDEC028BBDE8F08F03F13002D4
:10837C00D2B22B2AF1D8D03B2B2BEED801A252F83B
:10838C0023F000BF4F89000867830008678300084B
:10839C006783000867830008678300086783000809
:1083AC0067830008678300086783000867830008F9
:1083BC0067830008678300086783000867830008E9
:1083CC0067830008678300086783000867830008D9
:1083DC0067830008678300086783000867830008C9
:1083EC0067830008678300086783000867830008B9
:1083FC0067830008678300086783000867830008A9
:10840C006783000867830008678300081D8A0008DB
:10841C0067830008718A00086D880008678300086C
:10842C00678300086783000867830008E5880008F5
:10843C00A98A0008A13B022B02F29287DFE813F015
:10844C00CE0013009400B8F1070F86D1374AD6F846
:10845C000110B6F8053011603548364A5BBA012177
:10846C000380117079E7B8F1020F7FF676AF324BCB
:10847C00324A19781278737800297FF46EAF12B9EA
:10848C00012B02F07E812E4A127812B9022B02F0D7
:10849C00B5812C4A127812B9032B02F075822A4A44
:1084AC001278002A7FF459AF042B7FF456AF27487B
:1084BC00022110F09DF9A8F10208254B25485FFA1E
:1084CC0088F188461A4603EB410110F8015F22F847
:1084DC00025B9142F9D1204D2048AB600721C5F8D1
:1084EC001C800FF017F92A461C4807210FF044F99D
:1084FC001A4807210FF08AF90422184807210FF0B7
:10850C0099F91748802110F001FE10221348072119
:10851C000FF09CF9114807210FF082F9114B012241
:10852C001A701AE781808080BC4A0120C04B012060
:10853C00B40A0020AC490120B60A00208C0A0020A5
:10854C00540800201C060020E4030020000C02400C
:10855C00AC600020BD4A0120E8030020006402400A
:10856C000010014094280020B8F1030F7FF6F5AEFF
:10857C00A34AA44B15781A88A34B70781F783179CD
:10858C007388002F7FF4E9AE5BBA013B022D9BB2DE
:10859C0001F02B849D4A15789D4A022D128801F01A
:1085AC0015849C4A15789C4A022D128801F0FF8391
:1085BC009A4A15789A4A022D12887FF4CEAE042876
:1085CC007FF4CBAE9342BFF4C8AE03293FF6C5AEE1
:1085DC00DFE811F08012E114CA140B13B8F1090F83
:1085EC007FF6BBAE884B864A1B7896F807901278BC
:1085FC00002B7FF4B2AE012A01F04A85834B1B7825
:10860C00012B01F03384834B1B78012B01F05E8628
:10861C00824B1B78012B7FF4A0AEB9F1040F7FF4D1
:10862C009CAE804B367A1B78B3427FF696AE7E4B6F
:10863C007E4906EB860203EB4203002213F8015F2E
:10864C0011F8010F854202F101027FF486AE062A71
:10865C00F4D1774A1388002B3FF47FAE013B138093
:10866C007448754A754B10F806A01D68744802953D
:10867C0086F0BF01A8F10909535C00888AEA03035C
:10868C0083F038076F4B12F807C0595CDF5D00931D
:10869C005FFA89F981EA0C0189EA0101019100F183
:1086AC00010E4FF440611FFA8EFEB0FBF1FB01FB93
:1086BC001B0B6B1C00F1020C1FFA8BF5BEFBF1FBC4
:1086CC0001FB1BEE1FFA8CFC1FFA8EFE0397CDF8F4
:1086DC0014E0C71CBCFBF1FE01FB1ECCBFB21FFAA1
:1086EC008CFCCDF818C0B7FBF1FC01FB1C77D3F167
:1086FC00000C03F03F0E0495504B019D0CF03F0C09
:10870C0058BFCCF1000EC3F800E012F805C0039B73
:10871C0083EA0C0C2B464B4DBFB215F803E00797C0
:10872C00049D494F434B4FF0A00B07F805B0059D36
:10873C007E55069D07F805A00AF1010A03F806A06C
:10874C0009F1FF33079D0393404B0193031D07F879
:10875C0005900493029D3B4B4FF00009019E16F8C7
:10876C0001BF0196049E4E44B6B28BEA0C0AB6FBCE
:10877C00F1FC01FB1C66B6B212F80AC007F806B091
:10878C00039E09F101094E458EEA0C0C13F80AE020
:10879C00E4DA6E42DFF8C49006F03F0605F03F05C0
:1087AC00A8F1050258BF7542B9F8006050FA82F280
:1087BC0092B20136A8F10403A9F80060B2FBF1F6FD
:1087CC0001FB162250FA83F392B29BB207F802C057
:1087DC00B3FBF1F201FB12339BB2A8F1030807F8CB
:1087EC0003E01B4B1B4A23F81500154B02F80580C0
:1087FC0050FA88F01880184B10225A55ADE500BF7E
:10880C008C0A00208A1A0120B60A00205408002085
:10881C003ECF00201C060020F2830020E403002041
:10882C00A63800206A260020741C0020BC4A0120B7
:10883C00DE0300206C260020F0F40108A035002097
:10884C0096290020F0F3010898290020C44A012041
:10885C0024360020E4350020A43500209835002073
:10886C00944A954B176895491A88384611F098FE2A
:10887C0000287FF472AD924E924A934B9348C6E90E
:10888C00002303F17263924A03F5522303F6337308
:10889C00C6E9022347F2674236233282062141227F
:1088AC00B37411F01FFA412205461321304611F022
:1088BC0019FA06460146284611F022FB294638468D
:1088CC0011F022FE384611F099FE284611F0F0FA0C
:1088DC00304611F0EDFA40E5B8F1010F3FF43DAD33
:1088EC007378744A7B491768734A7B4E1288003B35
:1088FC0018BF01230B7038467049737011F050FE8D
:10890C0000287FF42AAD41220621704811F0EAF9C3
:10891C00412205460221304611F0E4F90646014693
:10892C00284611F0EDFA2946384611F0EDFD38468F
:10893C0011F064FE284611F0BBFA304611F0B8FA7B
:10894C000BE5B8F1020F7FF608AD644B1B78002BDA
:10895C007FF403AD7278013AD2B2022A3FF6FDAC35
:10896C00B178002941F004861C205D4B02FB00F01D
:10897C001D18185C18B129760021696029611C2129
:10898C0001FB02310D7B002A02F0C1821E7BAE423C
:10899C000AD11870886898604868586008694969F5
:1089AC005961002118611976012A19D093F8281001
:1089BC00A9427FF4D2AC1C2002FB00F01918185C01
:1089CC001877886858624868186208694969196399
:1089DC00022A4FF00001D86283F834103FF4BDAC8A
:1089EC0093F84410A9427FF4B8AC1C2102FB01F1AE
:1089FC005A18595C90685568186483F838101069D7
:108A0C005169DD6300229864D96483F85020A4E492
:108A1C00B8F1340F7FF4A1AC324B7278D6F8020067
:108A2C00314D1A70B6F80730304F01BA5BBA296075
:108A3C002F4D3B80012AB3792B7001F0C585002A9C
:108A4C0040F08886002800F08286072B00F27F8693
:108A5C00DFE813F00013EE12DC12BD12B61277121F
:108A6C0064126C061D4A234B117800221A721A7577
:108A7C0083F8202083F82C2000297FF46EAC184B4F
:108A8C001D4A1E48117019761D4A83F8341083F85C
:108A9C0050101C4B0170117019705EE4BFF34F8FB6
:108AAC0019491A4BCA6802F4E0621343CB60BFF356
:108ABC004F8FFEE7104C0120B40A0020C04B012060
:108ACC00BC490120F50000C101060367144C0120CC
:108ADC0064333266CC1B002050010020B60A002003
:108AEC00800100208C0A0020880A00208A1A0120AC
:108AFC008C1A0120381C00206A0A01201EBF00209D
:108B0C00D27300208628002000ED00E00400FA0556
:108B1C00B8F1020F7FF621AC7D4B1D78002D7FF450
:108B2C001CAC7278013AD2B2022A3FF616AC1C2168
:108B3C00784BB77802FB01F158185E5C002F41F0BE
:108B4C00B8841EB100210776416001611C2101FB34
:108B5C0002310D7B002A01F08E86187BA8420AD1C7
:108B6C0088689860486858600869496959610021AB
:108B7C001E7018611976012A19D093F82810A94291
:108B8C007FF4EBAB1C2002FB00F01918185C187773
:108B9C008868586248681862086949691963022A2A
:108BAC004FF00001D86283F834103FF4D6AB93F841
:108BBC004410A9427FF4D1AB1C2102FB01F15A18DD
:108BCC00595C90685568186483F8381010695169BD
:108BDC00DD6300229864D96483F85020FFF7BDBB95
:108BEC00B8F1020F7FF4B9AB7378013BDBB2092B00
:108BFC003FF6B3AB484D4948494F03EB430105EBF6
:108C0C00810503EB8301CE004FF0010C4FF0280ED1
:108C1C001EFB03CE00EBC103B9190022DA611A6105
:108C2C002A60CA610A613F4A9A618A6106F120088A
:108C3C004FF07E524FF000096A6085F808904FF0B3
:108C4C00200B394D5A6100F806B04A610EEB000A50
:108C5C0040F8085083F825900323BB554FF0FF22B2
:108C6C0040F2011340F80E20CAF8042047F80830EF
:108C7C0081F825C0FFF771BBB8F1020F7FF46DAB23
:108C8C007378013BDBB2092B3FF667AB224D2348CF
:108C9C00DFF88CC003EB430105EB8105012603EBE8
:108CAC008301282717FB0367CE0000EBC1030CEBF5
:108CBC0006010022DA611A612A60CA610A61194A46
:108CCC009A618A614FF0000E4FF07E5206F1200837
:108CDC006A6085F808E04FF0200A134D5A6100F8DD
:108CEC0006A04A6107EB000940F8085083F825E01C
:108CFC0013230CF806304FF0FF2240F20113C2513F
:108D0C00C9F804204CF8083081F825E0FFF725BBA2
:108D1C00B60A0020800100201400002068180020F2
:108D2C00D81600200AD7233D01010100A8F1080143
:108D3C00C9B20C293FF611AB73780193013BDBB23E
:108D4C00092B3FF60AAB0122282717FB0327A94D55
:108D5C000022EA5105EB070896F80290C8F80420A7
:108D6C00C8F80820F27896F806A0F07908EE102AD8
:108D7C0072680092327907EE102A727902920029F9
:108D8C0040F0F68603EB830205EBC20251709A00A9
:108D9C00D11805EBC1014FF0000C81F802C0D118BD
:108DAC0005EBC1014FF0000C81F803C0D11805EBA5
:108DBC00C1014FF0000C81F804C0D11805EBC101C2
:108DCC004FF0000C81F805C0D11805EBC1014FF034
:108DDC00000C81F806C0D11805EBC1014FF0000C56
:108DEC0081F807C0D11805EBC1014FF0000C81F8D8
:108DFC0008C0D11805EBC1014FF0000C81F809C077
:108E0C00D11805EBC1014FF0000C81F80AC0D11844
:108E1C0005EBC1014FF0000C81F80BC04FF0000BBB
:108E2C00F8EE487AF7EE006A77EEA67ADFED725A22
:108E3C0002999FED726AC5EEA76A02EB030CB1F1C1
:108E4C00000E05EBCC0118BF4FF0010E81F820E0AD
:108E5C004FEACC0E81F80CB015F83CB005F80E902A
:108E6C004FF0010C81F821C0B8EE477AC1ED066ACB
:108E7C0037EE467A27EE267A81ED077ABAF1000FA3
:108E8C0040F0658681F822A0002841F0FF8328215C
:108E9C0003FB01F105EB010EDFF87CC18EF8250018
:108EAC0020314FF480702CF80100554901EB03116F
:108EBC00F7EE006A097907EE901AF8EE677A00214E
:108ECC0077EEE67A67EE877AF5EEC07AF1EE10FA75
:108EDC0040F36187134405EBC30377EEA67A19615F
:108EEC00C3ED057A474B4849D3F800A0474B504691
:108EFC001A8811F055FB034600287FF42EAA32780D
:108F0C00434EE85962F30703019A62F30F2318EEFC
:108F1C00102A69F3174362F31F633360009B73607D
:108F2C00D8F80410D8F8082006F1080307C341222A
:108F3C000621384810F0D6FE412205461421304651
:108F4C0010F0D0FE06460146284610F0D9FF2946FF
:108F5C00504611F0D9FA504611F050FB284610F04B
:108F6C00A7FF304610F0A4FFFFF7F7B9B8F1020FD6
:108F7C007FF4F3A97378013BDBB2092B3FF6EDA923
:108F8C00204A2149D2F800901A4A03EB830302EBE2
:108F9C00C3031E4A002083F821001288484611F0B2
:108FAC00FFFA054600287FF4D8A9013703D0184BE7
:108FBC0032881A80454641220621164810F092FE4E
:108FCC00412229460546124810F08CFE0646014601
:108FDC00284610F095FF2946484611F095FA484668
:108FEC0011F00CFB284610F063FF304610F060FFC8
:108FFC00FFF7B3B9681800200AD7233E00000043DE
:10900C008C000020104C0120C04B0120B40A002021
:10901C00BC490120144C01206B180020A8F1080158
:10902C00C9B20C293FF699A973780093013BDBB2C6
:10903C00092B3FF692A90122282717FB0327DA4DAB
:10904C000022EA5105EB070896F80290C8F80420B4
:10905C00C8F80820F27896F806A0F07908EE102AE5
:10906C0072680292327907EE102A72790192002905
:10907C0040F0048603EB830205EBC20251709A00A8
:10908C00D11805EBC1014FF0000C81F802C0D118CA
:10909C0005EBC1014FF0000C81F803C0D11805EBB2
:1090AC00C1014FF0000C81F804C0D11805EBC101CF
:1090BC004FF0000C81F805C0D11805EBC1014FF041
:1090CC00000C81F806C0D11805EBC1014FF0000C63
:1090DC0081F807C0D11805EBC1014FF0000C81F8E5
:1090EC0008C0D11805EBC1014FF0000C81F809C084
:1090FC00D11805EBC1014FF0000C81F80AC0D11852
:10910C0005EBC1014FF0000C81F80BC04FF0000BC8
:10911C00F8EE487AF7EE006A77EEA67ADFEDA35AFE
:10912C0001999FEDA36AC5EEA76A02EB030CB1F19E
:10913C00000E05EBCC0118BF4FF0010E81F820E0BA
:10914C004FEACC0E81F80CB015F83CB005F80E9037
:10915C004FF0010C81F821C0B8EE477AC1ED066AD8
:10916C0037EE467A27EE267A81ED077ABAF1000FB0
:10917C0040F0588581F822A0002841F0EA8128218E
:10918C0003FB01F105EB010EDFF848C28EF8250058
:10919C0020314FF480702CF80100864901EB03114B
:1091AC00F7EE006A097907EE901AF8EE677A00215B
:1091BC0077EEE67A67EE877AF5EEC07AF1EE10FA82
:1091CC0040F34486134405EBC30377EEA67A19618A
:1091DC00C3ED057A784B7949D3F800A0784B50460B
:1091EC001A8811F0DDF9034600287FF4B6A832780E
:1091FC00744EE85962F30703009A62F30F2318EEDA
:10920C00102A69F3174362F31F633360029B736088
:10921C00D8F80410D8F8082006F1080307C3412237
:10922C000621694810F05EFD4122054614213046A6
:10923C0010F058FD06460146284610F061FE2946FE
:10924C00504611F061F9504611F0D8F9284610F04B
:10925C002FFE304610F02CFEFFF77FB8B8F1020F4E
:10926C007FF47BA87378013BDBB2092B3FF675A822
:10927C00514A5249D2F800904B4A03EB830302EB5C
:10928C00C3034F4A002083F821001288484611F08E
:10929C0087F9054600287FF460A8013703D0494BB5
:1092AC0032881A80454641220621474810F01AFDA3
:1092BC00412229460546434810F014FD0646014656
:1092CC00284610F01DFE2946484611F01DF9484667
:1092DC0011F094F9284610F0EBFD304610F0E8FD43
:1092EC00FFF73BB8B8F1050F7FF437A877787B1EF2
:1092FC00DBB2092B3FF631A896F80290F5782E4A8E
:10930C0096F804A01668314ADFED316A2B4907EE56
:10931C00909AB8EE677A07EE905A03EB4303F8EE97
:10932C00677A02EB8303BAF10000254A18BF0120CB
:10933C0027EE267A67EEA67A1872128883ED007AE9
:10934C003046C3ED017A11F02BF900287FF405A803
:10935C00DFF870B01C488BF80170462341220621BF
:10936C008BF800308BF803508BF802908BF804A02C
:10937C0010F0B8FC412205464146584610F0B2FCAC
:10938C0007460146284610F0BBFD2946304611F031
:10939C00BBF8304611F032F9284610F089FD3846FA
:1093AC0010F086FDFEF7D9BFD81600200AD7233E51
:1093BC00000000438C000020104C0120C04B012009
:1093CC00B40A0020BC490120144C012014000020D8
:1093DC008180803BDB160020B8F1030F7EF4BDAF1B
:1093EC0075786B1EDBB2092B3EF6B7AF96F8029080
:1093FC00C24A9FEDC37A1768C24AC34907EE909AD6
:10940C00F8EE677A02EB031367EE877A3846C3ED02
:10941C00027ABE4B1A8811F0C3F800287EF49DAF77
:10942C00BB4EBC487570472341220621337086F829
:10943C00029010F057FC412205464146304610F090
:10944C0051FC06460146284610F05AFD294638467E
:10945C0011F05AF8384611F0D1F8284610F028FDD2
:10946C00304610F025FDFEF778BFB8F1030F7EF6FD
:10947C0074AF70780138C0B209283EF66EAFB1787F
:10948C0096F803808B1E012B40F2EC84A1F10403AF
:10949C00B3FA83F35B094FEA830C9A4A03010393F3
:1094AC00D15402EB0011137981F801C0117D1944DC
:1094BC00C9B2002840F03C84034692F824C06144B1
:1094CC005FFA81FE92F834C0F4445FFA8CFC92F897
:1094DC0044106144C9B292F854C08C445FFA8CFCBD
:1094EC0092F86410614492F874C06144C9B292F865
:1094FC0084C061445FFA81FB092808BF5B4603996D
:10950C00511891F804C092F894100491E04547D298
:10951C00814808EB030E5FFA8EFEA0FB0E9040090B
:10952C0008F163010090A1EB0C017B48C9B2A0FBD0
:10953C0001A900984FEA59194FF0640A0AFB10E090
:10954C000AFB191E5FFA80F95FFA8EF0ACEB080E7D
:10955C005FFA8EF18145019122D8DFF8C0E101302C
:10956C00C0B2CDE9055302900EF1010049460090BE
:10957C000198009B45186848A0FB059040090AFB20
:10958C0010500EEB40056D7803F81150029B1EF83D
:10959C0010000EF8110001318B42E9D1DDE90553C1
:1095AC00E04512D90499C1F16401A1EB0B01A8EBC0
:1095BC000C00C9B25FFA80FE8E4541F22C806144EA
:1095CC005FFA81F8E04501F22480DFF84CC108EB2A
:1095DC000300ACFB03E1C0B201384FF0640E490943
:1095EC000EFB11318CFB00C9039B4FEAE07CCCEBEA
:1095FC00691C0EFB1C0CD318C9B24FF0000E614550
:10960C0083F80480A3F802E031DC444BDFF818A1A6
:10961C0003EB4101023303EB4C0B0423581C8AFB74
:10962C0000C981444FEAE07CCCEBE91CCCEB0C2C60
:10963C00A0EB0C0016F800C0981CF35C003B18BFA4
:10964C0001234B70E64401F802CB8AFB003C8444B6
:10965C00C317C3EBEC13C3EB03238B451FFA8EFE2E
:10966C00A0EB0303DAD1039B1A44A2F802E0234ACD
:10967C002B4B1668254A244912884FF001093046B5
:10968C0083F8009010F08CFF00287EF466AE013752
:10969C0001F0C38123491E4A4B4600E00346042BCC
:1096AC001ABF0878107082F80080AB4203F10100F9
:1096BC0001F1010102F10102F0D19DB2412206211A
:1096CC00144810F00FFB412229460546104810F0B3
:1096DC0009FB07460146284610F012FC2946304685
:1096EC0010F012FF304610F089FF284610F0E0FB16
:1096FC00384610F0DDFBFEF730BE00BF104C0120E9
:10970C008180803B8C000020C04B0120B40A0020DB
:10971C00BC490120144C01201F85EB51F819002085
:10972C00760D0020BC4A01208180808069480FF0B2
:10973C0075FC68484FF480510FF0C2FC65484FF43B
:10974C0000510FF0C5FC634800210FF0B1FC624BD7
:10975C0000221A70614B00251D7072B6604B614A75
:10976C001D60614B15604FF496721A805F4B1D8023
:10977C0062B65F4B727A1A70B6F80F30DFF8CCC154
:10978C005C49D6F80A005C4F5BBAACF80030B37B8E
:10979C000B70012A01BA396000F0CF8702BBE0B12F
:1097AC00072B1AD8DFE813F05C0C7F0C6D0CBE0C89
:1097BC00B70CA40C910C080050480FF02FFC4F482C
:1097CC004FF480510FF07CFC4C484FF400510FF0DB
:1097DC007FFC4A4800210FF06BFC494B00221A70A9
:1097EC00484B00251D7072B6474B484A1D60484BCC
:1097FC0015604FF496721A80464B1D8062B6464B2C
:10980C00727C1A70B6F81730DFF844C14349D6F8A9
:10981C001200434F5BBAACF80030B37D0B70012AD9
:10982C0001BA396000F0658702BBE0B1072B1AD88A
:10983C00DFE813F07F0C6F095D09260D1F0D0C0D71
:10984C00F90C080037480FF0E9FB36484FF480510B
:10985C000FF036FC33484FF400510FF039FC31480F
:10986C0000210FF025FC304B00221A702F4B0025E5
:10987C001D7072B62E4B2F4A1D602F4B15604FF486
:10988C0096721A802D4B1D8062B62D4B727E1A700B
:10989C00B6F81F30DFF8BCC02A49D6F81A002A4F98
:1098AC005BBAACF80030B37F0B70012A01BA396097
:1098BC0000F0FB86002A63D100285ED0072B5CD811
:1098CC00DFE813F0480C6B0C590CAA0CA30C900C91
:1098DC007D0C4A00001401407A0A0120790A01200B
:1098EC00504701204C4701208E0A00204847012098
:1098FC005408002040CF002050080020004C0040AD
:10990C002EBF00202DBF0020FCFB0020F8FB002008
:10991C0056080020F4FB00201C060020F4830020D5
:10992C001806002000480040E2730020E17300207C
:10993C00B0B00020ACB000201E060020A8B0002063
:10994C00E4030020A8380020E00300203ECF0020D4
:10995C00F2830020A6380020BB480FF05FFBBA480A
:10996C004FF480510FF0ACFBB7484FF400510FF09F
:10997C00AFFBB54800210FF09BFBB44B00221A70D3
:10998C00B34B00251D7072B6B24BB34A1D60B34B7E
:10999C0015604FF496721A80B14B1D8062B696F822
:1099AC0023309FEDB07A96F8210096F8222007EE2E
:1099BC00903AAD4BF8EE677A93F82870187367EE0F
:1099CC00877A002187421A70C3ED017AC3ED047ABD
:1099DC00996001F0168093F8441081420CD183F801
:1099EC00382000221A645A69DA640022C3ED0F7A17
:1099FC00C3ED127A83F8502096F826209FED997AC1
:109A0C0096F8245083F8285007EE902AF8EE677ADF
:109A1C00002267EE877A5A62854296F82520C3EDBC
:109A2C00087AC3ED0B7A1A7700F0EE818D4204D1DF
:109A3C001A6BDA64002283F8502096F829209FEDE7
:109A4C00897A96F8271083F8441007EE902AF8EEDE
:109A5C00677A002267EE877A1A64814296F828208A
:109A6C00C3ED0F7AC3ED127A83F8382000F0D6815B
:109A7C00A94200F0E08196F82A30DFED7A7A7B4A31
:109A8C0002EE903A96F82B3003EE103A96F82C3002
:109A9C0003EE903A96F82D3004EE103A96F82E30EC
:109AAC0004EE903A96F82F3005EE103A96F83030D6
:109ABC0005EE903A96F8313006EE103A96F83230C0
:109ACC0006EE903A96F8333007EE103AF8EE622A2A
:109ADC00B8EE433AF8EE633AB8EE444AF8EE644A0C
:109AEC00B8EE455AF8EE655AB8EE466AF8EE666A74
:109AFC00B8EE477A5E4B62EEA72A23EE273A63EE66
:109B0C00A73A24EE274A64EEA74A25EE275A65EEBB
:109B1C00A75A26EE276A66EEA76A67EE277A002117
:109B2C00C3ED022A83ED063AC3ED0A3A83ED0E4AE1
:109B3C00C3ED124A83ED165AC3ED1A5A83ED1E6A11
:109B4C00C3ED226AC3ED267A1170FEF706BC00380D
:109B5C0018BF012081F825000EF1200E4548D9458B
:109B6C0020F80EC081F824C07FF49FA9FFF7BAB982
:109B7C0003EB830C05EBCC0C327A8CF80120012919
:109B8C004FEA83023FF404A996F809E08CF802E04E
:109B9C0002293FF404A996F80AE08CF803E00329A3
:109BAC003FF404A996F80BE08CF804E004293FF488
:109BBC0004A996F80CE08CF805E005293FF404A9FB
:109BCC0096F80DE08CF806E006293FF404A996F807
:109BDC000EE08CF807E007293FF404A902EB030C14
:109BEC0005EBCC0C96F80FE08CF808E008293FF454
:109BFC0000A996F810E08CF809E009293FF400A9B7
:109C0C0096F811E08CF80AE00A293FF400A996F8BE
:109C1C0012E08CF80BE00C297FF400A996F813B035
:109C2C00FFF7FEB8003818BF012081F825000EF1AF
:109C3C00200E1148D94520F80EC081F824C07FF4BD
:109C4C00ACAAFFF7C7BA00BF00100140962800204D
:109C5C00952800206465002060650020E603002044
:109C6C005C6500208180803B80010020B60A0020CA
:109C7C008C0000206A180020DA16002003EB830CFD
:109C8C0005EBCC0C327A8CF8012001294FEA8302C7
:109C9C003FF4F6A996F809E08CF802E002293FF4AB
:109CAC00F6A996F80AE08CF803E003293FF4F6A92C
:109CBC0096F80BE08CF804E004293FF4F6A996F82A
:109CCC000CE08CF805E005293FF4F6A996F80DE0B8
:109CDC008CF806E006293FF4F6A996F80EE08CF80D
:109CEC0007E007293FF4F6A902EB030C05EBCC0CBB
:109CFC0096F80FE08CF808E008293FF4F2A996F8E2
:109D0C0010E08CF809E009293FF4F2A996F811E06B
:109D1C008CF80AE00A293FF4F2A996F812E08CF8C4
:109D2C000BE00C297FF4F2A996F813B0FFF7F0B909
:109D3C0001283FF4C2AB92F824E002288E445FFA6B
:109D4C008EFE00F0A88592F834C00328F4445FFA24
:109D5C008CFC00F09D8592F8441004286144C9B233
:109D6C0000F0938592F854C005288C445FFA8CFC63
:109D7C0000F0888592F8643092F874106344DBB27A
:109D8C000628194400F091850728C9B200F0868591
:109D9C000B46FFF7ACBB4FF0280202FB03534CBF42
:109DAC00C3ED047A1961C3ED056AFFF79BB803286C
:109DBC007EF4FEAB9342BEF4D0AA03293EF6CDAAA4
:109DCC00DFE811F07B066D0656062E0602287EF49F
:109DDC00E8AB9A427EF6C1AA03293EF6BEAADFE89A
:109DEC0011F0F706E906D206AA0601287EF4D2ABDA
:109DFC009A427EF6DDAB03293EF6DAABDFE811F0D2
:109E0C00970A880A700A470A1A701A6B5A6100225C
:109E1C00C3ED017AC3ED047A1A7607E6D96C596161
:109E2C00A8424FF00001C3ED017A1A70C3ED047A19
:109E3C0019767FF420AED96C1A770022C3ED087A1C
:109E4C00C3ED0B7A196383F8342014E64FF0280223
:109E5C0002FB03534CBFC3ED047A1961C3ED056AD1
:109E6C00FFF7B8B94FF0030CFFF717BBB9F1020FAE
:109E7C007EF4C9AB774B367A1B78B3427EF66DAA6B
:109E8C00754B764906EB860203EB4203002213F86E
:109E9C00015F11F8010F854202F101027EF45DAA07
:109EAC00062AF4D16E4A1388002B3EF456AA013BC5
:109EBC0013806C486C4A6D4B10F806A01D686C48FA
:109ECC00029586F0BF01A8F10909535C00888AEA63
:109EDC00030383F03807674B12F807C0595CDF5D4A
:109EEC0000935FFA89F981EA0C0189EA0101019179
:109EFC0000F1010E4FF440611FFA8EFEB0FBF1FB36
:109F0C0001FB1B0B6B1C00F1020C1FFA8BF5BEFB4B
:109F1C00F1FB01FB1BEE1FFA8CFC1FFA8EFE039764
:109F2C00CDF814E0C71CBCFBF1FE01FB1ECCBFB28C
:109F3C001FFA8CFCCDF818C0B7FBF1FC01FB1C77A9
:109F4C00D3F1000C03F03F0E0495484B019D0CF02F
:109F5C003F0C58BFCCF1000EC3F800E012F805C05E
:109F6C00039B83EA0C0C2B46424DBFB215F803E061
:109F7C000797049D404F3B4B4FF0A00B07F805B0E3
:109F8C00059D7E55069D07F805A00AF1010A03F808
:109F9C0006A009F1FF33079D0393384B0193031D72
:109FAC0007F805900493029D324B4FF00009019E77
:109FBC0016F801BF0196049E4E44B6B28BEA0C0A09
:109FCC00B6FBF1FC01FB1C66B6B212F80AC007F82E
:109FDC0006B0039E09F101094E458EEA0C0C13F8EC
:109FEC000AE0E4DA6E42DFF8A49006F03F0605F0D2
:109FFC003F05A8F1050258BF7542B9F8006050FA48
:10A00C0082F292B20136A8F10403A9F80060B2FB07
:10A01C00F1F601FB162250FA83F392B29BB207F8C9
:10A02C0002C0B3FBF1F201FB12339BB2A8F103089F
:10A03C0007F803E0124B134A23F815000C4B02F8F7
:10A04C00058050FA88F018800F4B10225A55FEF7F5
:10A05C0084B900BF02BD00200CB30020BC4A012013
:10A06C004E08002004BD0020F0F4010838CC00207C
:10A07C002EC00020F0F3010830C00020C44A01209B
:10A08C00BCCC00207CCC00203CCC002030CC002070
:10A09C00B9F1010F7EF4B2AA7D4A357A1278AA4240
:10A0AC007EF6B6AA7B4A05EB850102EB41027A49A2
:10A0BC0012F8017F11F8010F874203F101037EF4BE
:10A0CC00A7AA062BF4D1754A1388002B3EF4A0AA3C
:10A0DC00013B138085F0BF01714A724B575C13F83A
:10A0EC0005A0714B714802958AEA070787F038077B
:10A0FC000088DD5D12F807C06D4F595C0093A8F124
:10A10C00090E3B463F6803975FFA8EFE81EA0C010D
:10A11C00871C04958EEA0101BDB208950191039D3F
:10A12C004FF4406100F1010CB0FBF1FB01FB1B0B88
:10A13C001FFA8CFC01351FFA8BFB0595CDF818B076
:10A14C00089DBCFBF1FB01FB1BCC1FFA8CFCCDF872
:10A15C001CC0B5FBF1FC01FB1C5C059DC71CD5F1BB
:10A16C00000BBFB21FFA8CFCCDF820C00BF03F0BDC
:10A17C00B7FBF1FC01FB1C7705F03F0C019D58BFB0
:10A18C00CBF1000CC3F800C012F805C0049B83EAA5
:10A19C000C0B454BBFB213F805C00997069D454FF4
:10A1AC00CDF804C04FF0A00C07F805C0079D029B2A
:10A1BC007B55089D3B4B07F805A0099D07F805E06A
:10A1CC00029D0AF1010A03F805A00EF1FF33029378
:10A1DC00031DCDE90430DFF8ECA0019D324B4FF0AC
:10A1EC00000C0095049D1AF801EF6544ADB28EEA9F
:10A1FC000B00B5FBF1FB01FB1B55ADB212F800B027
:10A20C0007F805E0009D85EA0B0B1D5C02980CF12C
:10A21C00010C6045E5DA0195039DDFF8ACE005988B
:10A22C00D5F1000C0CF03F0C05F03F05A8F1050230
:10A23C0058BFCCF10005BEF800C050FA82F292B2C1
:10A24C000CF1010CA8F10403AEF800C0B2FBF1FC58
:10A25C0001FB1C2250FA83F392B29BB207F802B0B6
:10A26C00B3FBF1F201FB12339BB2019AFA54124A7E
:10A27C00A8F1030322F815000C4A50FA83F0108061
:10A28C000E4A53550E4B10225A55FEF7C1B900BF5A
:10A29C004E08012058FE0020BC4A0120860A0020EE
:10A2AC00F0F4010850080120F0F301087A0B0120AA
:10A2BC00841701207C0B012008180120C8170120ED
:10A2CC0088170120C44A01207C170120B9F1030F23
:10A2DC007EF49EA9AC4B367A1B78B3427EF63DA831
:10A2EC00AA4BAB4906EB860203EB4203002213F8A0
:10A2FC00015F11F8010F854202F101027EF42DA8D5
:10A30C00062AF4D1A34A1388002B3EF426A8013B5D
:10A31C001380A148A14AA24B10F806A01D68A148C1
:10A32C00029586F0BF01A8F10909535C00888AEAFE
:10A33C00030383F038079C4B12F807C0595CDF5DB0
:10A34C0000935FFA89F981EA0C0189EA0101019114
:10A35C0000F1010E4FF440611FFA8EFEB0FBF1FBD1
:10A36C0001FB1B0B6B1C00F1020C1FFA8BF5BEFBE7
:10A37C00F1FB01FB1BEE1FFA8CFC1FFA8EFE039700
:10A38C00CDF814E0C71CBCFBF1FE01FB1ECCBFB228
:10A39C001FFA8CFCCDF818C0B7FBF1FC01FB1C7745
:10A3AC00D3F1000C03F03F0E04957D4B019D0CF096
:10A3BC003F0C58BFCCF1000EC3F800E012F805C0FA
:10A3CC00039B83EA0C0C2B46774DBFB215F803E0C8
:10A3DC000797049D754F704B4FF0A00B07F805B015
:10A3EC00059D7E55069D07F805A00AF1010A03F8A4
:10A3FC0006A009F1FF33079D03936D4B0193031DD9
:10A40C0007F805900493029D674B4FF00009019EDD
:10A41C0016F801BF0196049E4E44B6B28BEA0C0AA4
:10A42C00B6FBF1FC01FB1C66B6B212F80AC007F8C9
:10A43C0006B0039E09F101094E458EEA0C0C13F887
:10A44C000AE0E4DA6E42DFF87C9106F03F0605F094
:10A45C003F05A8F1050258BF7542B9F8006050FAE3
:10A46C0082F292B20136A8F10403A9F80060B2FBA3
:10A47C00F1F601FB162250FA83F392B29BB207F865
:10A48C0002C0B3FBF1F201FB12339BB2A8F103083B
:10A49C0007F803E0474B484A23F81500414B02F8F4
:10A4AC00058050FA88F01880444B10225A55FDF75D
:10A4BC0054BF26B14FF07E510576416001611C21DD
:10A4CC0001FB02310D7B002A00F07385187BA8423A
:10A4DC000AD1886898604868586008694969596168
:10A4EC0000211E7018611976012A19D093F82810D2
:10A4FC00A9427DF432AF1C2002FB00F01918185C45
:10A50C00187788685862486818620869496919633D
:10A51C00022A4FF00001D86283F834103DF41DAFCD
:10A52C0093F84410A9427DF418AF1C2102FB01F1F1
:10A53C005A18595C90685568186483F8381010697B
:10A54C005169DD6300229864D96483F85020FDF7CB
:10A55C0004BF282103FB01F105EB010E18488EF80E
:10A56C0025C020314FF4807C20F801C0FEF715BEC9
:10A57C00013904293DF6F1AEDFE811F0830436040D
:10A58C00DD03AA035F0300BFB6710020C067002083
:10A59C00BC4A012016060020B8710020F0F4010816
:10A5AC00EC800020E2740020F0F30108E474002039
:10A5BC00C44A01207081002030810020F0800020EE
:10A5CC00DB160020E4800020BC49BD480EF026FDBF
:10A5DC00BB4800210EF074FDB94800210EF078FD47
:10A5EC00B74800210EF064FDB649B74AB7480023BE
:10A5FC000B7005211170B64AB6491360B64A0B6050
:10A60C0040211180B549B64A03700B801370FFF7D7
:10A61C00A1B8A8EB0C00C1B201910CF163010CEBD9
:10A62C000300A1EB08014FF0640CC9B2C0B2B1FB3E
:10A63C00FCFE0CFB1E11B0FBFCFE0CFB1E00C9B299
:10A64C005FFA80FB5945FEF4C0AFDFF838E30293A4
:10A65C000EF1010000900198009B00EB0109A1484C
:10A66C00A0FB09A040090CFB10900EEB400913F85D
:10A67C0011A089F801A01EF811900EF810908B45CE
:10A68C0001F1FF31E7D1029BFEF79FBF282103FBAD
:10A69C0001F105EB010E94488EF825C020314FF4E2
:10A6AC00807C20F801C0FEF700BC904883490EF076
:10A6BC00B5FC8E4829460EF003FD8C4829460EF059
:10A6CC0007FD8A4829460EF0F3FC894B894A1D7018
:10A6DC00894B157005221A70884B894A1D60894B6D
:10A6EC00156040221A80884A884B15801D70FFF730
:10A6FC0047B9874871490EF091FC854829460EF000
:10A70C00DFFC834829460EF0E3FC814829460EF015
:10A71C00CFFC804B804A1D70804B157005221A703F
:10A72C007F4B804A1D60804B156040221A807F4A07
:10A73C007F4B15801D70FFF799B87E485F490EF06E
:10A74C006DFC7C4829460EF0BBFC7A4829460EF07D
:10A75C00BFFC784829460EF0ABFC774B774A1D704E
:10A76C00774B157005221A70764B774A1D60774B24
:10A77C00156040221A80764A764B15801D70FFF7C3
:10A78C002FB875484FF480410EF032F8A8F102084A
:10A79C00724B73485FFA88F188461A4603EB410105
:10A7AC0010F8015F22F8025B8A42F9D16D4D6E48B8
:10A7BC00AB600621C5F81C800CF0ACFF2A466A4839
:10A7CC0006210CF0D9FF684806210DF01FF8052270
:10A7DC00654806210DF02EF8394880210EF096FCC4
:10A7EC001022614806210DF031F85F4806210DF06A
:10A7FC0017F85E4B01221A70FDF7AFBD5C484FF4A1
:10A80C0080510DF0F5FFA8F102085A4B54485FFA3D
:10A81C0088F188461A4603EB410110F8015F22F8D3
:10A82C00025B9142F9D1544D5448AB600421C5F8F8
:10A83C001C800CF06FFF2A46504804210CF09CFF42
:10A84C004E4804210CF0E2FF042211464B480CF058
:10A85C00F1FF384880210EF059FC102247480421A2
:10A86C000CF0F4FF454804210CF0DAFF444B0122B4
:10A87C001A70FDF772BD93F82810A9427EF497A9BF
:10A88C00FEF780B90B46FEF72BBE6346FEF723BEE0
:10A89C007346FEF71CBE0B46FEF714BE92F88400FE
:10A8AC0001445FFA81FBFEF72ABE92F88400014452
:10A8BC0063465FFA81FBFEF722BE00BF40420F00E9
:10A8CC00001401406B0A0120850A00206C0A01204B
:10A8DC008417012080170120860A00207C17012094
:10A8EC00520A01201F85EB516B180020001001400B
:10A8FC008728002088280020DD030020A0350020B8
:10A90C009C350020DE030020983500206E280020A6
:10A91C0000480040D3730020D4730020150600209B
:10A92C00EC800020E880002016060020E480002047
:10A93C00BA730020004C00401FBF002020BF002035
:10A94C004D08002038CC002034CC00204E080020CC
:10A95C0030CC002006BF00200004024098420120A9
:10A96C00BD4A0120900A002000640240780A0120B0
:10A97C000008024044F70020580800200060024004
:10A98C002CBF0020F8190020C3484FF400410DF0F3
:10A99C002FFFA8F10208C14BC1485FFA88F1884625
:10A9AC001A4603EB410110F8015F22F8025B8A4260
:10A9BC00F9D1BC4DBC48AB600321C5F81C800CF030
:10A9CC00A9FE2A46B84803210CF0D6FEB64803214E
:10A9DC000CF01CFF0422B44803210CF02BFFB348ED
:10A9EC0080210EF093FB1022AF4803210CF02EFFB8
:10A9FC00AD4803210CF014FFAD4B01221A70FDF78A
:10AA0C00ACBC5962596983F83450C3ED087A1A7793
:10AA1C00C3ED0B7A1963FEF7DEBF0546FEF74EBE9B
:10AA2C00B2799FEDA46ADFEDA46A9FEDA45A07EEFC
:10AA3C00902AF8EE677A727967EE867A07EE102A1A
:10AA4C0076EEE76A9E4AC5EE265AC3F30803142134
:10AA5C0001FB032300221A74B8EE477AC3ED017A86
:10AA6C0027EE067AC3ED035A83ED007AFDF775BC29
:10AA7C0072799FED907A07EE902A914AF8EE677AF8
:10AA8C00C3F30803142101FB032367EE877A00222A
:10AA9C00C3ED007AC3ED027A1A74FDF75EBC884AE6
:10AAAC001421C3F3080301FB03234FF07E52002152
:10AABC001A609A601974FDF750BC814A1421C3F3D3
:10AACC00080301FB0323002200211A609A60197409
:10AADC00FDF743BC7B4A1421C3F3080301FB03239A
:10AAEC00002200211A609A601974FDF736BC6F4879
:10AAFC000EF094FA6D4800210EF0E2FA6B4800213A
:10AB0C000EF0E6FA69484FF4C0610EF0D1FAFEF788
:10AB1C00AABE66480EF082FA644800210EF0D0FA04
:10AB2C00624800210EF0D4FA60484FF480610EF0B8
:10AB3C00BFFAFEF798BEB2799FED5E6ADFED5E6AF2
:10AB4C009FED5E5A07EE902AF8EE677A727967EEFF
:10AB5C00867A07EE102A76EEE76A5B4AC5EE265A2D
:10AB6C00C3F30803142101FB032300221A74B8EE6B
:10AB7C00477AC3ED017A27EE067AC3ED035A83EDCB
:10AB8C00007AFDF7EABB72799FED4A7A07EE902ABC
:10AB9C004D4AF8EE677AC3F30803142101FB032333
:10ABAC0067EE877A0022C3ED007AC3ED027A1A743D
:10ABBC00FDF7D3BB444A1421C3F3080301FB032361
:10ABCC004FF07E5200211A609A601974FDF7C5BBD4
:10ABDC003D4A1421C3F3080301FB03230022002187
:10ABEC001A609A601974FDF7B8BBB2799FED316A9F
:10ABFC00DFED316A9FED315A07EE902AF8EE677A55
:10AC0C00727967EE867A07EE102A76EEE76A2D4A9D
:10AC1C00C5EE265AC3F30803142101FB03230022BB
:10AC2C001A74B8EE477AC3ED017A27EE067AC3EDB3
:10AC3C00035A83ED007AFDF790BBB8F1030F3DF496
:10AC4C008CAB224BF7781C2101FB023100200F73D7
:10AC5C0008761946824200F1010016D00D7BBD42E8
:10AC6C0013D11C2602FB06F69D19D5F808C0C1F8B5
:10AC7C0008C0D5F804C0C1F804C09E5D0E702E69E2
:10AC8C000E616D694D6100250D76032801F11C01E3
:10AC9C00E0D1FDF762BB00BF00040240F8AB00201E
:10ACAC00BD4A012020060020006002400048004000
:10ACBC00E07300208180803B5C8F823F17B7D138D6
:10ACCC00F8830020AC38002044CF00208001002005
:10ACDC00B8F1030F3DF441AB1C21C64BF07802FBDD
:10ACEC0001F15854194400204860086100200F7B82
:10ACFC0008761946824200F1010016D00D7BBD4248
:10AD0C0013D11C2602FB06F69D19D5F808C0C1F814
:10AD1C0008C0D5F804C0C1F804C09E5D0E702E6941
:10AD2C000E616D694D6100250D76032801F11C0142
:10AD3C00E0D1FDF712BBB8F1040F7DF60EAB1C2071
:10AD4C00AC4B02FB00F01918185C28B3F57807EE31
:10AD5C00905A3579042807EE105A00F0C7809FED01
:10AD6C00A66ADFEDA66A9FEDA65AB8EE477AF8EE12
:10AD7C00677A27EE067A67EE867A76EEC76A81EDF9
:10AD8C00027AC5EE265AC1ED017AC1ED055A1C2195
:10AD9C0001FB0231002008761C2101FB0231954B8E
:10ADAC000F7B00201946824200F1010016D00D7B6A
:10ADBC00BD4213D11C2602FB06F69D19D5F808C01E
:10ADCC00C1F808C0D5F804C0C1F804C09E5D0E706F
:10ADDC002E690E616D694D6100250D76032801F118
:10ADEC001C01E0D1FDF7B9BAB8F1030F3DF4B5AAD7
:10ADFC001C21804B02FB01F1595CD1B1F0789FED25
:10AE0C007E7A07EE900AF8EE677A042967EE877A65
:10AE1C0006D1F5EE407AF1EE10FA18BFF7EE007A93
:10AE2C001C2101FB02310020C1ED017AC1ED047A35
:10AE3C0008761C2101FB02316E4B0F7B002019465A
:10AE4C00904200F1010016D00D7BBD4213D11C269F
:10AE5C0002FB06F69D19D5F808C0C1F808C0D5F854
:10AE6C0004C0C1F804C09E5D0E702E690E616D6940
:10AE7C004D6100250D76032801F11C01E0D1FDF791
:10AE8C006CBA1C215B4B02FB01F15818595C29B1BF
:10AE9C004FF07E5141600161002101761C2101FBC4
:10AEAC000231544B0F7B00201946824200F1010005
:10AEBC0016D00D7BBD4213D11C2602FB06F69D1944
:10AECC00D5F808C0C1F808C0D5F804C0C1F804C052
:10AEDC009E5D0E702E690E616D694D6100250D76BB
:10AEEC00032801F11C01E0D1FDF737BAF8EE677ABF
:10AEFC009FED417A67EE877A0020F5EE407AF1EE0D
:10AF0C0010FA18BF4FF07E50486008613FE793F885
:10AF1C002810A9427DF464ADFDF74DBD39480EF003
:10AF2C007DF8384800210EF0CBF836484FF400512C
:10AF3C000EF0CEF833484FF4C0610EF0B9F8FEF7BE
:10AF4C0006BC30480EF06AF82E4800210EF0B8F816
:10AF5C002C484FF400510EF0BBF82A484FF4806196
:10AF6C000EF0A6F8FEF7F3BB72799FED237A07EE8D
:10AF7C00902A254AF8EE677AC3F30803142101FBE3
:10AF8C00032367EE877A0022C3ED007AC3ED027AC1
:10AF9C001A74FDF7E2B91C4A1421C3F3080301FB30
:10AFAC0003234FF07E5200211A609A601974FDF74A
:10AFBC00D4B993F82810A9427FF4B2AAFFF79BBA30
:10AFCC0010480EF02BF80F480021FEF7B5BB0D48CA
:10AFDC000EF024F80B484FF480510EF071F809482C
:10AFEC0000210EF075F8074800210EF061F8FEF70D
:10AFFC00AEBB00BF800100208180803B5C8F823F14
:10B00C0017B7D13800140140AC380020CC480EF0F2
:10B01C0005F8CB4800210EF053F8C94800210EF07A
:10B02C0057F8C7484FF4C0610EF042F8FEF78FBBDB
:10B03C00C3480DF0F3FFC24800210EF041F8C048A0
:10B04C0000210EF045F8BE484FF480610EF030F848
:10B05C00FEF77DBBBA480DF0E1FFB9480021BCE713
:10B06C00B8480DF0DBFFB74800210EF029F8B548C1
:10B07C0000210EF02DF8B34800210EF019F8FEF760
:10B08C00ACBBB0480DF0CAFFAE4800210EF018F86A
:10B09C00AC4800210EF01CF8AA484FF4C0610EF029
:10B0AC0007F8FEF79ABBA7480DF0B8FFA54800219A
:10B0BC000EF006F8A34800210EF00AF8A1484FF450
:10B0CC0080610DF0F5FFFEF788BB9E480DF0A6FFE2
:10B0DC009C4800210DF0F4FF9A484FF400510DF0FC
:10B0EC00F7FF98484FF4C0610DF0E2FFFEF775BB17
:10B0FC0094480DF093FF934800210DF0E1FF914827
:10B10C004FF400510DF0E4FF8E484FF480610DF0C8
:10B11C00CFFFFEF762BB8B480DF080FF8948002102
:10B12C00FEF750BB87480DF079FF86484FF48051ED
:10B13C009BE785480DF072FF834800210DF0C0FF9E
:10B14C00814800210DF0C4FF7F4800210DF0B0FFB5
:10B15C00FEF789BB7D480DF061FF7C4800210DF0A6
:10B16C00AFFF7A4800210DF0B3FF784800210DF0B5
:10B17C009FFFFEF702BC75480DF050FF734800218D
:10B18C000DF09EFF714800210DF0A2FF6F484FF4A7
:10B19C00C0610DF08DFFFEF7F0BB6C480DF03EFF6B
:10B1AC006A4800210DF08CFF684800210DF090FFDB
:10B1BC0066484FF480610DF07BFFFEF7DEBB634801
:10B1CC000DF02CFF614800210DF07AFF5F484FF421
:10B1DC0000510DF07DFF5D484FF4C0610DF068FF2C
:10B1EC00FEF7CBBB59480DF019FF584800210DF064
:10B1FC0067FF56484FF400510DF06AFF53484FF467
:10B20C0080610DF055FFFEF7B8BB50480DF006FFFE
:10B21C004E480021FEF7A6BB4C480DF0FFFE4B48F4
:10B22C004FF480519BE748480DF0F8FE464800214A
:10B23C000DF046FF44484FF400510DF049FF4248D1
:10B24C004FF4C0610DF034FFFEF70DBB3E480DF01E
:10B25C00E5FE3D4800210DF033FF3B484FF4005113
:10B26C000DF036FF38484FF480610DF021FFFEF7EA
:10B27C00FABA35480DF0D2FE33480021FEF7E8BA91
:10B28C0031480DF0CBFE30484FF4805156E7B2797F
:10B29C00DFED2F6A9FED2F7ADFED2F5A07EE902A04
:10B2AC00F8EE677A727967EEA67AC3F3080537EE83
:10B2BC00677A4FF0140C85EE876A07EE102A274A3E
:10B2CC00B8EE477A0CFB052227EE267A002582ED94
:10B2DC00007AC2ED017A82ED036A1574FDF768B944
:10B2EC0072799FED1B7A07EE902A1C4AF8EE677A6A
:10B2FC00C3F308054FF0140C0CFB052267EE877A9C
:10B30C000025C2ED007AC2ED027A1574FDF750B932
:10B31C00124AC3F308054FF0140C0CFB05224FF036
:10B32C007E551560956000251574FDF741B90B4AE3
:10B33C00C3F308054FF0140C0CFB05220025F0E7B5
:10B34C0000140140004C0040004800400010014037
:10B35C008180803B5C8F823F17B7D138981A0120CF
:10B36C00B8F10A0F7CF4F9AF854A73781578002D83
:10B37C007CF4F3AF012B29D0022B7FD0032B40F0B0
:10B38C00A280804BB278804F31891A70F379D6F84D
:10B39C0003003B707D4F7E4E49BA3980012A01BAB9
:10B3AC00316000F0B880002A40F0D780002800F00F
:10B3BC008D81072B00F28A81DFE813F061025002C5
:10B3CC003F022E02C501B301A1017701714BB27886
:10B3DC00714F31891A70F379D6F803003B706F4FB7
:10B3EC006F4E49BA3980012A01BA316011D0002A56
:10B3FC0031D1002800F05A82072B00F25782DFE887
:10B40C0013F01C030B03FA02E90234032203D702E4
:10B41C004402644864490DF001FE624829460DF06F
:10B42C004FFE604829460DF053FE5E4829460DF04C
:10B43C003FFE5E4A5E4B15701D705E495E4A5F4B67
:10B44C001560052008701D605D495E4A5E4B1580D5
:10B45C00402008801D705D4A0023137072B65C4A50
:10B46C005C4813605C495D4A03604FF49670088039
:10B47C00138062B65A4A1370FCF76FBF594BB278FF
:10B48C00594F31891A70F379D6F803003B70574F36
:10B49C00574E49BA3980012A01BA316000F00A824C
:10B4AC00002A40F02982002800F0F682072B00F2D7
:10B4BC00F382DFE813F0F502470336032F03290369
:10B4CC0017030503E002042B7CF447AF494BB27819
:10B4DC00494F31891A70F379D6F803003B70474F06
:10B4EC00474E49BA3980012A01BA316000F0A88070
:10B4FC00002A40F0C780002800F0FD80072B00F2E6
:10B50C00FA80DFE813F083017201610150014A01F6
:10B51C0038012601E7003B4823490DF07FFD3948EF
:10B52C0029460DF0CDFD374829460DF0D1FD3548A3
:10B53C0029460DF0BDFD344A344B15701D7034494D
:10B54C00344A354B1560052008701D603349344A68
:10B55C00344B1580402008801D70334A0023137033
:10B56C0072B6324A324813603249334A03604FF4A0
:10B57C0096700880138062B6304A1370FCF7EDBEEB
:10B58C00B60A00201C060020F4830020F283002061
:10B59C00180600208C0A00208C1A01208A1A01201F
:10B5AC00880A00200014014040420F006C0A012060
:10B5BC006B0A0120850A00208017012084170120C6
:10B5CC00860A00207C170120520A0120790A0120EA
:10B5DC00504701204C4701208E0A0020484701208B
:10B5EC006A0A01205408002040CF00203ECF0020E2
:10B5FC0050080020E4030020A8380020A6380020C2
:10B60C00E003002000480040D4730020D3730020D6
:10B61C0015060020E8800020EC8000201606002093
:10B62C00E4800020BA730020E1730020B0B0002049
:10B63C00ACB000201E060020A8B00020D273002061
:10B64C00B748B8490DF0EAFCB54829460DF038FD6D
:10B65C00B34829460DF03CFDB14829460DF028FDB4
:10B66C00B14AB24B15701D70B149B24AB24B15605C
:10B67C00052008701D60B149B14AB24B15804020BD
:10B68C0008801D70B04A0023137072B6AF4AB048E0
:10B69C001360B049B04A03604FF496700880138071
:10B6AC0062B6AE4A1370FCF758BEAD480DF0B6FC4E
:10B6BC00AB484FF480510DF003FDA9484FF40051F5
:10B6CC000DF006FDA64800210DF0F2FCA54B002262
:10B6DC001A7042E792480DF0A1FC91484FF480514A
:10B6EC000DF0EEFC8E484FF400510DF0F1FC8C483F
:10B6FC0000210DF0DDFC9C4B00221A70C2E798482B
:10B70C000DF08CFC964800210DF0DAFC94484FF4B7
:10B71C0000510DF0DDFC92484FF4C0610DF0C8FCF7
:10B72C00D4E78F480DF07AFC8D4800210DF0C8FC51
:10B73C008B484FF400510DF0CBFC89484FF48061DD
:10B74C000DF0B6FCC2E786480DF068FC8448002179
:10B75C00B1E773480DF062FC714800210DF0B0FCAC
:10B76C006F484FF400510DF0B3FC6D484FF4C061BD
:10B77C000DF09EFCBFE76A480DF050FC68480021B4
:10B78C000DF09EFC66484FF400510DF0A1FC64488E
:10B79C004FF480610DF08CFCADE761480DF03EFC80
:10B7AC005F4800219CE75E480DF038FC5C484FF484
:10B7BC0080510DF085FC5A4800210DF089FC584849
:10B7CC0000210DF075FC96E755480DF027FC544808
:10B7DC0000210DF075FC524800210DF079FC504809
:10B7EC004FF4C0610DF064FC85E74D480DF016FC7C
:10B7FC004B4800210DF064FC494800210DF068FC19
:10B80C0047484FF480610DF053FC74E744480DF049
:10B81C0005FC43480021CCE751480DF0FFFB504894
:10B82C004FF480510DF04CFC4D4800210DF050FCB4
:10B83C004B4800210DF03CFC48E749480DF0EEFB6D
:10B84C00474800210DF03CFC454800210DF040FC20
:10B85C0043484FF4C0610DF02BFC37E740480DF026
:10B86C00DDFB3F4800210DF02BFC3D4800210DF085
:10B87C002FFC3B484FF480610DF01AFC26E738484A
:10B88C000DF0CCFB36480021CCE738480DF0C6FB58
:10B89C0036484FF480510DF013FC34484FF40051EE
:10B8AC000DF016FC314800210DF002FC304B00224B
:10B8BC001A70D0E52F481B490DF0B0FB2D482946D6
:10B8CC000DF0FEFB2B4829460DF002FC29482946B9
:10B8DC000DF0EEFB284A294B15701D702849294A9A
:10B8EC00294B1560052008701D602849284A294BF2
:10B8FC001580402008801D70274A0023137072B6F3
:10B90C00264A274813602749274A03604FF496704C
:10B91C000880138062B6254A1370FCF71EBD00BF69
:10B92C000010014040420F0088280020872800208A
:10B93C00DD0300209C350020A0350020DE03002014
:10B94C00983500206E280020952800206465002082
:10B95C0060650020E60300205C650020862800203E
:10B96C0000480040E273002096280020001401409B
:10B97C007A0A0120004C004020BF00201FBF00208D
:10B98C004D08002034CC002038CC00204E0800207C
:10B99C0030CC002006BF00202DBF0020FCFB002077
:10B9AC00F8FB002056080020F4FB00201EBF0020EE
:10B9BC006D480DF033FB6C4800210DF081FB6A489B
:10B9CC004FF400510DF084FB67484FF4C0610DF04B
:10B9DC006FFB6BE764480DF021FB63484FF480511B
:10B9EC000DF06EFB604800210DF072FB5E480021EB
:10B9FC000DF05EFB5AE75C480DF010FB5A48002135
:10BA0C000DF05EFB584800210DF062FB56484FF4D8
:10BA1C00C0610DF04DFB49E753480DF0FFFA524859
:10BA2C0000210DF04DFB504800210DF051FB4E480C
:10BA3C004FF480610DF03CFB38E74B480DF0EEFA0B
:10BA4C0049480021CCE748480DF0E8FA4648002167
:10BA5C000DF036FB44484FF400510DF039FB4248D1
:10BA6C004FF480610DF024FB20E73F480DF0D6FA2F
:10BA7C003D4800210FE73D480DF0D0FA3B484FF40C
:10BA8C0080510DF01DFB39484FF400510DF020FB97
:10BA9C00364800210DF00CFB354B00221A702BE7B9
:10BAAC0032480DF0BBFA314800210DF009FB2F484C
:10BABC0000210DF00DFB2D4800210DF0F9FAEBE7FC
:10BACC002A480DF0ABFA294800210DF0F9FA274865
:10BADC004FF400510DF0FCFA24484FF4C0610DF006
:10BAEC00E7FAD9E721480DF099FA204800210DF02A
:10BAFC00E7FA1E484FF400510DF0EAFA1B484FF4D8
:10BB0C0080610DF0D5FAC7E718480DF087FA174891
:10BB1C000021B6E715480DF081FA14484FF4805116
:10BB2C00C3E712480DF07AFA104800210DF0C8FA5C
:10BB3C000E4800210DF0CCFA0C484FF4C0610DF00A
:10BB4C00B7FAA9E709480DF069FA084800210DF089
:10BB5C00B7FA064800210DF0BBFA04484FF4806197
:10BB6C000DF0A6FA98E700BF00140140004C00400D
:10BB7C002EBF00202DE9F04FAB4BAC4AAC4C1978E2
:10BB8C001078257883B0002940F0AA805DB1A94BCC
:10BB9C00A94D1E682B68F31AB3F57A7F00F27C81ED
:10BBAC0003B0BDE8F08F002840F0EC80A14BA24D13
:10BBBC001E682B68F31A012BF2D9DFF8C0C2BCF84F
:10BBCC0000100029ECD0DFF8B8E29C4CDEF8002025
:10BBDC00DFF8B082DFF8B0B2534203F03F0302F05B
:10BBEC003F0758BF5F4234F817305C1CA4B2A8FB67
:10BBFC0004A94FEAD92909EB4909A4EB8924A4B279
:10BC0C00DFF888921BF80440A9FB04A904EBD914B3
:10BC1C0004F0FF04DFF8789219F804A009F8040086
:10BC2C00BAF1000F40F09C80DFF868A21AF8079078
:10BC3C00B9F1000F00F09480814A8248D25D0092E5
:10BC4C004FF4804101930CF0D3FD009A002A00F0D0
:10BC5C006B81019B009619467B4B184603EB420CFB
:10BC6C00A8FB01E6F60A06EB4606A1EB8626013197
:10BC7C001BF8066020F8026B8445F1D1009E91B24E
:10BC8C00DFF8E4817148C8F81C100621C8F80830A8
:10BC9C000BF040FD42466D4806210BF06DFD6B48E4
:10BCAC0006210BF0B3FD0522684806210BF0C2FDFE
:10BCBC00674880210DF02AFA1022644806210BF007
:10BCCC00C5FD062161480BF0ABFD624A62492E604E
:10BCDC00012309F1FF390AF807900B5513705FE740
:10BCEC005E4A584814784FF4804100221A700CF0C8
:10BCFC007FFDE243D2B25A4B5A48995C524B805C5E
:10BD0C005C8081F03C02584C9A800425D880AF228C
:10BD1C004E48A3600621E5611A800BF0FBFC22461D
:10BD2C004A4806210BF028FD484806210BF06EFD11
:10BD3C000522464806210BF07DFD454880210DF07B
:10BD4C00E5F91022414806210BF080FD3F48062101
:10BD5C000BF066FD3F4B01221A7003B0BDE8F08F6B
:10BD6C0001325342414803F03F0302F03F0258BFF7
:10BD7C005A420388CEF8002001390133ACF8001088
:10BD8C0003800DE73A4B2F481C7815704FF4804117
:10BD9C000CF02EFD374B1B78A34240F2BF80364A85
:10BDAC002F4804EB840302EB4302274B56785E804A
:10BDBC0086F03F069578815D9D804D402949D77866
:10BDCC008E5DDF8085F03F057E40475D4D5D92F8CE
:10BDDC0005C0DC81774016791E817540C65DCF5D4C
:10BDEC00A3F80AC06E409579825D8E5D9D8187EACD
:10BDFC000C077A406E40855C8A5C75405440425D0D
:10BE0C0054404A5D005D095DAA2442400A2609207F
:10BE1C001C800825144C23F81520A36023F810105F
:10BE2C00E6610A48062178E76B0A01206C0A0120BA
:10BE3C00850A00201C4C0120700A012008180120E2
:10BE4C00C8170120000402409842012000640240FF
:10BE5C0000140140780A012088190120830A00206F
:10BE6C00F0F40108F0F30108900A0020860A002083
:10BE7C00840A00204E08012058FE00207C17012067
:10BE8C0080170120ABAAAAAA7C0B0120818080809C
:10BE9C008818012088170120254B26481F784FF45D
:10BEAC0080410CF0A5FC244B244A5F8087F0BF072F
:10BEBC002348D25D82F015029A80224AD25D224F2D
:10BECC00DA80CC22BB601A8006210423FB610BF0C4
:10BEDC0021FC3A461A4806210BF04EFC1848062164
:10BEEC000BF094FC0522164806210BF0A3FC174816
:10BEFC0080210DF00BF91022114806210BF0A6FC45
:10BF0C000F4806210BF08CFC114B2E6001221A708D
:10BF1C002378013B237003B0BDE8F08FFF21064B63
:10BF2C00022601200A4675E7034B1146A8E600BF1E
:10BF3C00820A00200004024098420120F0F401081B
:10BF4C0000640240F0F30108900A00200014014044
:10BF5C00780A012070B52A4B2A482B4A2B491B68BA
:10BF6C000578098810782A4C002263F3070260F3E5
:10BF7C000F22080A60F3174261F31F620021254863
:10BF8C00C4F8062065F307011A0E62F30F211A0C90
:10BF9C0062F317411B0A05681F4A63F31F61C4F85B
:10BFAC0002104FF4D07312881C49238028460EF0DF
:10BFBC00F7FA18B11A4B01221A7070BD41220621F2
:10BFCC0018480DF08FFE412203460A2120461C46DC
:10BFDC000DF088FE0146064620460DF091FF2146E5
:10BFEC0028460EF091FA28460EF008FB20460DF07C
:10BFFC005FFF30460DF05CFF094B01221A7070BDDB
:10C00C00880A00208C0A00208C1A01208A1A012030
:10C01C00600A0120104C0120B40A0020C04B012002
:10C02C006A0A0120144C012038B572B634493548DF
:10C03C00354D0CF0F3FF334800210DF041F8314839
:10C04C004FF400510DF044F82E4800210DF030F85B
:10C05C004FF480412D480CF0CBFB2D4B9FED2D7AEE
:10C06C002A46002142F8021B03F52051D3ED027A37
:10C07C0067EE877A1433FCEEE77A8B4217EE900A60
:10C08C0022F8020FF2D1244C2448A56040F202237E
:10C09C000621E3610BF03EFB2246204806210BF003
:10C0AC006BFB1E4806210BF0B1FB05221B48062139
:10C0BC000BF0C0FB134880210DF028F81748102214
:10C0CC0006210BF0C3FB154806210BF0A9FB41F22E
:10C0DC00883400BF013CFCD10A4811490CF09EFF8A
:10C0EC00214608480CF0ECFF06484FF400510CF0C8
:10C0FC00EFFF044821460CF0DBFF62B638BD00BFF1
:10C10C00A086010000140140984201200004024066
:10C11C00981A012000007F43900A0020006402401E
:10C12C0090D003002DE9F84F364E374F3488C4F3C6
:10C13C00080505EB850307EB83031A7C52B1013428
:10C14C00A4B2324B1B88B4FBF3F203FB12443480D1
:10C15C00BDE8F88F93ED007ADFED2D6AD3ED017A0F
:10C16C00DFF8C0A02B49013427EE267A1346C4F31E
:10C17C00072262F3070367EEA67A274ABCEEC77A5A
:10C18C00D2F80090FCEEE77A17EE102AA4B264F312
:10C19C000F2362F3174317EE902A62F31F631F4AB3
:10C1AC00CAF80230128840F2A31348464FEA8508B9
:10C1BC00AAF800300EF0F4F928B1A84407EB880770
:10C1CC0001233B74BDE74122062115480DF08AFD81
:10C1DC0041220346062150469A460DF083FD8346C4
:10C1EC00014650460DF08CFE514648460EF08CF937
:10C1FC0048460EF003FA50460DF05AFE58460DF024
:10C20C0057FEDAE7881A0120981A01208A1A0120B1
:10C21C0000007F43C04B0120104C0120B40A0020C9
:10C22C00144C0120901A01202DE9F04F824B834AC7
:10C23C00834C19781078257883B0002940F0AA80B7
:10C24C005DB1804B804E1F683368FB1AB3F57A7F63
:10C25C0000F2988103B0BDE8F08F002840F01E81F9
:10C26C00784B794D1E682B68F31A012BF2D9DFF845
:10C27C0010C2BCF800100029ECD0DFF808E2734CB7
:10C28C00DEF80020DFF80082DFF800B2534203F042
:10C29C003F0302F03F0758BF5F4234F817305C1C75
:10C2AC00A4B2A8FB04A94FEAD92909EB4909A4EBCC
:10C2BC008924A4B2DFF8D8911BF80440A9FB04A987
:10C2CC0004EBD91404F0FF04DFF8C89119F804A0AA
:10C2DC0009F80400BAF1000F40F09C80DFF8B8A117
:10C2EC001AF80790B9F1000F00F09480584A594899
:10C2FC00D25D00924FF4805101930CF079FA009AC0
:10C30C00002A00F08A81019B00961946524B184670
:10C31C0003EB420CA8FB01E6F60A06EB4606A1EB82
:10C32C00862601311BF8066020F8026B8445F1D19A
:10C33C00009E91B2DFF840814848C8F81C100421D7
:10C34C00C8F808300BF0E6F94246444804210BF0DB
:10C35C0013FA424804210BF059FA042211463F48C3
:10C36C000BF068FA3E4880210CF0D0FE10223B48BE
:10C37C0004210BF06BFA042138480BF051FA394ABE
:10C38C0039492E60012309F1FF390AF807900B5542
:10C39C0013705FE7354A2F4815784FF4805100220F
:10C3AC001A700CF025FAEA43D2B2314B3148995C41
:10C3BC00294B805C5D8004242F4DD88081F03C0299
:10C3CC009A802146AF222548AB601A80EC610BF0B5
:10C3DC00A1F92A46214621480BF0CEF921461F48E7
:10C3EC000BF014FA224621461C480BF023FA1C4889
:10C3FC0080210CF08BFE1022214618480BF026FAF7
:10C40C00164821460BF00CFA164B01221A7003B099
:10C41C00BDE8F08F01325342184803F03F0302F09D
:10C42C003F0258BF5A420388CEF80020013901332D
:10C43C00ACF8001003800DE71FBF002020BF0020C8
:10C44C004D0800201C4C012024BF0020BCCC002037
:10C45C007CCC00200008024044F700200060024021
:10C46C00004C00402CBF00203CCE00204B0800208C
:10C47C00F0F40108F0F30108580800204E080020E1
:10C48C0030CC002034CC0020ABAAAAAA30C00020AB
:10C49C00818080803CCD00203CCC0020604B6148EA
:10C4AC001C7815704FF480510CF0A2F95E4B1B7880
:10C4BC00A34240F2AC805D4A5D4804EB840302EB7E
:10C4CC0043025C4B56785E8086F03F069578815D22
:10C4DC009D804D405849D7788E5DDF8085F03F05B3
:10C4EC007E40475D4D5D92F805C0DC817740167942
:10C4FC001E817540C65DCF5DA3F80AC06E4095796C
:10C50C00825D8E5D9D8187EA0C077A406E40855C6A
:10C51C008A5C75405440425D54404A5D005D095D43
:10C52C00AA2442400A2609201C800825434C23F8E3
:10C53C00152023F810104248A3600421E6610BF08B
:10C54C00E9F822463E4804210BF016F93C48042138
:10C55C000BF05CF90422114639480BF06BF93948A1
:10C56C0080210CF0D3FD1022354804210BF06EF91C
:10C57C00334804210BF054F9334B01221A7003B0E9
:10C58C00BDE8F08F314B27481D78DFF8B0804FF4B1
:10C59C0080510CF02DF9274B254A5D8085F0BF05A5
:10C5AC002748525DC8F8083082F015029A80224A5A
:10C5BC00525DDA800425CC2229461A80C8F81C501A
:10C5CC000BF0A8F8424629461D480BF0D5F8294631
:10C5DC001B480BF01BF92A46294619480BF02AF97F
:10C5EC00184880210CF092FD1022294614480BF0BB
:10C5FC002DF9134829460BF013F9134B3760012220
:10C60C001A702378013B237003B0BDE8F08FFF2133
:10C61C00084B022601200A4688E7064B114689E69C
:10C62C004C0800200008024002BD00200CB3002082
:10C63C00F0F4010844F70020F0F30108580800203A
:10C64C0000600240004C00402CBF00204A08002033
:10C65C0070B52A4B2A482B4A2B491B680578098848
:10C66C0010782A4C002263F3070260F30F22080AA9
:10C67C0060F3174261F31F6200212548C4F80620BD
:10C68C0065F307011A0E62F30F211A0C62F31741BE
:10C69C001B0A05681F4A63F31F61C4F802104FF4AC
:10C6AC00287312881C49238028460DF079FF18B195
:10C6BC001A4B01221A7070BD4122062118480DF048
:10C6CC0011FB412203460A2120461C460DF00AFBB1
:10C6DC000146064620460DF013FC214628460DF077
:10C6EC0013FF28460DF08AFF20460DF0E1FB304683
:10C6FC000DF0DEFB094B01221A7070BD50080020B2
:10C70C005408002040CF00203ECF002014BF002052
:10C71C00104C0120B40A0020C04B01201EBF002089
:10C72C00144C012038B572B634493548354D0CF0EF
:10C73C0075FC334800210CF0C3FC31484FF4005118
:10C74C000CF0C6FC2E4800210CF0B2FC4FF48051CA
:10C75C002D480CF04DF82D4B9FED2D7A2A460021DB
:10C76C0042F8021B03F52051D3ED027A67EE877A6B
:10C77C001433FCEEE77A8B4217EE900A22F8020F84
:10C78C00F2D1244C2448A56040F202230421E36139
:10C79C000AF0C0FF2246204804210AF0EDFF1E4893
:10C7AC0004210BF033F8042211461B480BF042F81D
:10C7BC00134880210CF0AAFC1748102204210BF01E
:10C7CC0045F8154804210BF02BF841F2883400BFD2
:10C7DC00013CFCD10A4811490CF020FC21460848C8
:10C7EC000CF06EFC06484FF400510CF071FC044840
:10C7FC0021460CF05DFC62B638BD00BFA08601007E
:10C80C00004C004044F700200008024044CF0020B8
:10C81C0000007F43580800200060024090D00300C5
:10C82C002DE9F84F364E374F3488C4F3080505EB25
:10C83C00850307EB83031A7C52B10134A4B2324B4B
:10C84C001B88B4FBF3F203FB12443480BDE8F88F71
:10C85C0093ED007ADFED2D6AD3ED017ADFF8C0A0FD
:10C86C002B49013427EE267A1346C4F3072262F3D0
:10C87C00070367EEA67A274ABCEEC77AD2F8009077
:10C88C00FCEEE77A17EE102AA4B264F30F2362F3DE
:10C89C00174317EE902A62F31F631F4ACAF802303F
:10C8AC00128840F2A32348464FEA8508AAF80030C4
:10C8BC000DF076FE28B1A84407EB880701233B74E2
:10C8CC00BDE74122062115480DF00CFA4122034622
:10C8DC00062150469A460DF005FA8346014650460D
:10C8EC000DF00EFB514648460DF00EFE48460DF07D
:10C8FC0085FE50460DF0DCFA58460DF0D9FADAE711
:10C90C003CCF002044CF00203ECF002000007F43CE
:10C91C00C04B0120104C0120B40A0020144C012003
:10C92C00901A01202DE9F04FAB4BAC4AAC4C197866
:10C93C001078257883B0002940F0AA805DB1A94B0E
:10C94C00A94D1E682B68F31AB3F57A7F00F27C812F
:10C95C0003B0BDE8F08F002840F0EC80A14BA24D55
:10C96C001E682B68F31A012BF2D9DFF8C0C2BCF891
:10C97C0000100029ECD0DFF8B8E29C4CDEF8002067
:10C98C00DFF8B082DFF8B0B2534203F03F0302F09D
:10C99C003F0758BF5F4234F817305C1CA4B2A8FBA9
:10C9AC0004A94FEAD92909EB4909A4EB8924A4B2BB
:10C9BC00DFF888921BF80440A9FB04A904EBD914F6
:10C9CC0004F0FF04DFF8789219F804A009F80400C9
:10C9DC00BAF1000F40F09C80DFF868A21AF80790BB
:10C9EC00B9F1000F00F09480814A8248D25D009228
:10C9FC004FF4004101930BF0FBFE009A002A00F06B
:10CA0C006D81019B009619467B4B184603EB420C3B
:10CA1C00A8FB01E6F60A06EB4606A1EB86260131D9
:10CA2C001BF8066020F8026B8445F1D1009E91B290
:10CA3C00DFF8E4817148C8F81C100321C8F80830ED
:10CA4C000AF068FE42466D4803210AF095FE6B48D9
:10CA5C0003210AF0DBFE0422684803210AF0EAFEF7
:10CA6C00674880210CF052FB1022644803210AF025
:10CA7C00EDFE032161480AF0D3FE624A62492E6042
:10CA8C00012309F1FF390AF807900B5513705FE782
:10CA9C005E4A584814784FF4004100221A700BF08B
:10CAAC00A7FEE243D2B25A4B5A48995C524B805C77
:10CABC005C8081F03C02584C9A800425D880AF22CF
:10CACC004E48A3600321E5611A800AF023FE22463A
:10CADC004A4803210AF050FE484803210AF096FE0A
:10CAEC000422464803210AF0A5FE454880210CF09B
:10CAFC000DFB1022414803210AF0A8FE3F480321F8
:10CB0C000AF08EFE3F4B01221A7003B0BDE8F08F85
:10CB1C0001325342414803F03F0302F03F0258BF39
:10CB2C005A420388CEF8002001390133ACF80010CA
:10CB3C0003800DE73A4B2F481C7815704FF40041D9
:10CB4C000BF056FE374B1B78A34240F2C180364A9D
:10CB5C002F4804EB840302EB4302274B56785E808C
:10CB6C0086F03F069578815D9D804D402949D778A8
:10CB7C008E5DDF8085F03F057E40475D4D5D92F810
:10CB8C0005C0DC81774016791E817540C65DCF5D8E
:10CB9C00A3F80AC06E409579825D8E5D9D8187EA0F
:10CBAC000C077A406E40855C8A5C75405440425D4F
:10CBBC0054404A5D005D095DAA2442400A260920C2
:10CBCC001C800825144C23F81520A36023F81010A2
:10CBDC00E6610A48032178E7D3730020D473002060
:10CBEC00150600201C4C0120D873002070810020F9
:10CBFC003081002000040240F8AB002000600240AD
:10CC0C0000480040E0730020F08200201306002052
:10CC1C00F0F40108F0F301082006002016060020AD
:10CC2C0014060020B6710020C0670020E4800020AC
:10CC3C00E8800020ABAAAAAAE4740020818080803E
:10CC4C00F0810020F0800020264B27481F784FF4FD
:10CC5C0000410BF0CDFD254B254A5F8087F0BF07C7
:10CC6C004FF00408D25D234882F015029A80224AC4
:10CC7C00D25D224FDA800321CC22BB601A80C7F828
:10CC8C001C800AF047FD3A461A4803210AF074FD4D
:10CC9C00184803210AF0BAFD4246164803210AF04F
:10CCAC00C9FD174880210CF031FA102211480321DC
:10CCBC000AF0CCFD0F4803210AF0B2FD114B2E6097
:10CCCC0001221A702378013B237003B0BDE8F08F6A
:10CCDC00FF21064B022601200A4673E7034B11463F
:10CCEC00A6E600BF1206002000040240F8AB0020AC
:10CCFC00F0F4010800600240F0F301082006002067
:10CD0C0000480040E073002070B52A4B2A482B4A9B
:10CD1C002B491B680578098810782A4C002263F38C
:10CD2C00070260F30F22080A60F3174261F31F62D7
:10CD3C0000212548C4F8062065F307011A0E62F39A
:10CD4C000F211A0C62F317411B0A05681F4A63F383
:10CD5C001F61C4F802104FF4687312881C492380B9
:10CD6C0028460DF01DFC18B11A4B01221A7070BD2B
:10CD7C004122062118480CF0B5FF412203460A2136
:10CD8C0020461C460CF0AEFF0146064620460DF030
:10CD9C00B7F8214628460DF0B7FB28460DF02EFCBF
:10CDAC0020460DF085F830460DF082F8094B012233
:10CDBC001A7070BD180600201C060020F483002099
:10CDCC00F2830020C8730020104C0120B40A00200C
:10CDDC00C04B0120D2730020144C012038B572B620
:10CDEC0034493548354D0CF019F9334800210CF015
:10CDFC0067F931484FF400510CF06AF92E480021C4
:10CE0C000CF056F94FF400412D480BF0F1FC2D4B72
:10CE1C009FED2D7A2A46002142F8021B03F5205182
:10CE2C00D3ED027A67EE877A1433FCEEE77A8B4205
:10CE3C0017EE900A22F8020FF2D1244C2448A56078
:10CE4C0040F202230321E3610AF064FC22462048ED
:10CE5C0003210AF091FC1E4803210AF0D7FC04229E
:10CE6C001B4803210AF0E6FC134880210CF04EF914
:10CE7C001748102203210AF0E9FC154803210AF097
:10CE8C00CFFC41F2883400BF013CFCD10A48114967
:10CE9C000CF0C4F8214608480CF012F906484FF47F
:10CEAC0000510CF015F9044821460CF001F962B65A
:10CEBC0038BD00BFA086010000480040F8AB002040
:10CECC0000040240F883002000007F43200600206D
:10CEDC000060024090D003002DE9F84F364E374FDA
:10CEEC003488C4F3080505EB850307EB83031A7C30
:10CEFC0052B10134A4B2324B1B88B4FBF3F203FBE6
:10CF0C0012443480BDE8F88F93ED007ADFED2D6A82
:10CF1C00D3ED017ADFF8C0A02B49013427EE267A35
:10CF2C001346C4F3072262F3070367EEA67A274A77
:10CF3C00BCEEC77AD2F80090FCEEE77A17EE102A16
:10CF4C00A4B264F30F2362F3174317EE902A62F333
:10CF5C001F631F4ACAF80230128840F2A3334846B6
:10CF6C004FEA8508AAF800300DF01AFB28B1A84446
:10CF7C0007EB880701233B74BDE7412206211548C6
:10CF8C000CF0B0FE41220346062150469A460CF0A6
:10CF9C00A9FE8346014650460CF0B2FF5146484666
:10CFAC000DF0B2FA48460DF029FB50460CF080FF0C
:10CFBC0058460CF07DFFDAE7F0830020F883002060
:10CFCC00F283002000007F43C04B0120104C012055
:10CFDC00B40A0020144C0120901A01202DE9F04FC6
:10CFEC00AA4BAB4AAB4C19781078257883B0002942
:10CFFC0040F0A9805DB1A84BA84D1E682B68F31AB0
:10D00C00B3F57A7F00F27A8103B0BDE8F08F002887
:10D01C0040F0EA80A04BA14D1E682B68F31A012B3F
:10D02C00F2D9DFF8BCC2BCF800100029ECD0DFF854
:10D03C00B4E29B4CDEF80020DFF8AC82DFF8ACB237
:10D04C00534203F03F0302F03F0758BF5F4234F8EE
:10D05C0017305C1CA4B2A8FB04A94FEAD92909EB30
:10D06C004909A4EB8924A4B2DFF884921BF804408C
:10D07C00A9FB04A904EBD91404F0FF04DFF87492A3
:10D08C0019F804A009F80400BAF1000F40F09A80D6
:10D09C00DFF864A21AF80790B9F1000F00F0928043
:10D0AC00804A8148D25D0092022101930BF0A0FBD3
:10D0BC00009A002A00F06B81019B009619467B4B6D
:10D0CC00184603EB420CA8FB01E6F60A06EB4606F3
:10D0DC00A1EB862601311BF8066020F8026B844513
:10D0EC00F1D1009E91B2DFF8E4817148C8F81C10B0
:10D0FC000721C8F808300AF00DFB42466C4807219E
:10D10C000AF03AFB6A4807210AF080FB04226848BF
:10D11C0007210AF08FFB674880210BF0F7FF1022E4
:10D12C00634807210AF092FB072161480AF078FB5B
:10D13C00614A62492E60012309F1FF390AF8079010
:10D14C000B55137060E75E4A574814780221002291
:10D15C001A700BF04DFBE243D2B25A4B5A48995C11
:10D16C00524B805C5C8081F03C02584C9A800425C8
:10D17C00D880AF224E48A3600721E5611A800AF0DF
:10D18C00C9FA22464A4807210AF0F6FA484807210C
:10D19C000AF03CFB0422464807210AF04BFB4548A9
:10D1AC0080210BF0B3FF1022414807210AF04EFBFF
:10D1BC003F4807210AF034FB3F4B01221A7003B0A1
:10D1CC00BDE8F08F01325342414803F03F0302F0B7
:10D1DC003F0258BF5A420388CEF800200139013370
:10D1EC00ACF8001003800FE73A4B2F481C781570F1
:10D1FC0002210BF0FDFA384B1B78A34240F2C180A0
:10D20C00364A304804EB840302EB4302274B567832
:10D21C005E8086F03F069578815D9D804D402A4961
:10D22C00D7788E5DDF8085F03F057E40475D4D5D94
:10D23C0092F805C0DC81774016791E817540C65D79
:10D24C00CF5DA3F80AC06E409579825D8E5D9D819D
:10D25C0087EA0C077A406E40855C8A5C75405440C6
:10D26C00425D54404A5D005D095DAA2442400A2695
:10D27C0009201C800825154C23F81520A36023F8E1
:10D28C001010E6610A48072179E700BF87280020C3
:10D29C0088280020DD0300201C4C01208C28002055
:10D2AC0024360020E4350020000C0240AC60002045
:10D2BC00006402400010014094280020A437002094
:10D2CC00DB030020F0F40108F0F30108E803002070
:10D2DC00DE030020DC0300206A260020741C0020E2
:10D2EC00983500209C350020ABAAAAAA98290020CA
:10D2FC0081808080A4360020A4350020254B264850
:10D30C001F7802210BF074FA244B254A5F8087F0BA
:10D31C00BF074FF00408D25D224882F015029A80B4
:10D32C00214AD25D214FDA800721CC22BB601A80C2
:10D33C00C7F81C800AF0EEF93A461A4807210AF0A1
:10D34C001BFA184807210AF061FA424615480721D2
:10D35C000AF070FA164880210BF0D8FE1022114802
:10D36C0007210AF073FA0F4807210AF059FA114BFA
:10D37C002E6001221A702378013B237003B0BDE8A4
:10D38C00F08FFF21054B022601200A4673E7034B61
:10D39C001146A8E6DA030020000C0240AC60002025
:10D3AC00F0F4010800640240F0F30108E8030020E7
:10D3BC00001001409428002070B52A4B2A482B4AB3
:10D3CC002B491B680578098810782A4C002263F3D6
:10D3DC00070260F30F22080A60F3174261F31F6221
:10D3EC0000212548C4F8062065F307011A0E62F3E4
:10D3FC000F211A0C62F317411B0A05681F4A63F3CD
:10D40C001F61C4F802104FF4946312881C492380E6
:10D41C0028460DF0C5F818B11A4B01221A7070BDD0
:10D42C004122062118480CF05DFC412203460A21DA
:10D43C0020461C460CF056FC0146064620460CF0D5
:10D44C005FFD214628460DF05FF828460DF0D6F812
:10D45C0020460CF02DFD30460CF02AFD094B012224
:10D46C001A7070BDE0030020E4030020A8380020EF
:10D47C00A63800207C280020104C0120B40A002083
:10D48C00C04B012086280020144C012038B572B600
:10D49C0033493448344D0BF0C1FD324800210BF0B8
:10D4AC000FFE30484FF400510BF012FE2D480021B6
:10D4BC000BF0FEFD02212D480BF09AF92C4B9FED41
:10D4CC002D7A2A46002142F8021B03F52051D3ED98
:10D4DC00027A67EE877A1433FCEEE77A8B4217EE0A
:10D4EC00900A22F8020FF2D1234C2448A56040F296
:10D4FC0002230721E3610AF00DF922461F48072198
:10D50C000AF03AF91D4807210AF080F904221B4859
:10D51C0007210AF08FF9134880210BF0F7FD17480B
:10D52C00102207210AF092F9144807210AF078F921
:10D53C0041F2883400BF013CFCD10A4810490BF081
:10D54C006DFD214607480BF0BBFD06484FF400511A
:10D55C000BF0BEFD034821460BF0AAFD62B638BDA8
:10D56C00A086010000100140AC600020000C0240BD
:10D57C00AC38002000007F43E80300200064024028
:10D58C0090D003002DE9F84F364E374F3488C4F352
:10D59C00080505EB850307EB83031A7C52B10134B4
:10D5AC00A4B2324B1B88B4FBF3F203FB124434805D
:10D5BC00BDE8F88F93ED007ADFED2D6AD3ED017A9B
:10D5CC00DFF8C0A02B49013427EE267A1346C4F3AA
:10D5DC00072262F3070367EEA67A274ABCEEC77AE6
:10D5EC00D2F80090FCEEE77A17EE102AA4B264F39E
:10D5FC000F2362F3174317EE902A62F31F631F4A3F
:10D60C00CAF80230128840F2A34348464FEA850814
:10D61C00AAF800300CF0C4FF28B1A84407EB880727
:10D62C0001233B74BDE74122062115480CF05AFB3F
:10D63C0041220346062150469A460CF053FB834682
:10D64C00014650460CF05CFC514648460CF05CFF21
:10D65C0048460CF0D3FF50460CF02AFC58460CF010
:10D66C0027FCDAE7A4380020AC380020A6380020CC
:10D67C0000007F43C04B0120104C0120B40A002055
:10D68C00144C0120901A01202DE9F04F83B00AF0C0
:10D69C006FFE01200AF07EFF02200AF07BFF1020B3
:10D6AC000AF078FF40200AF075FFDFF858928C4F93
:10D6BC008C4E80200AF06EFF4FF0FF0858200AF0C5
:10D6CC0073FE09F1C80A0AF065FE1025444621E0F4
:10D6DC00B15C17F802804C400AF04AFE01200AF0B7
:10D6EC0059FF02200AF056FF10200AF053FF402089
:10D6FC000AF050FF80200AF04DFF7B4801212818CA
:10D70C0009F102090AF0D0FE0AF044FECA4505F1FF
:10D71C00080549D099F800B08BEA0404325D3C5DF1
:10D72C0088EA02080AF024FE01200AF033FF0220E6
:10D73C000AF030FF10200AF02DFF40200AF02AFFDB
:10D74C0080200AF027FF6948594628180AF0ACFED9
:10D75C000AF020FE99F8011088F001020029B7D1D7
:10D76C0016F808200191544017F808800AF000FEC2
:10D77C0001200AF00FFF02200AF00CFF10200AF023
:10D78C0009FF40200AF006FF80200AF003FF5648EC
:10D79C000199281809F102090AF086FE0AF0FAFD2F
:10D7AC00CA4505F10805B5D1DFF85C91504D99F8E3
:10D7BC0000A08AEA040309F11009F45C17F803B01D
:10D7CC000AF0D6FD01200AF0E5FE02200AF0E2FE86
:10D7DC0010200AF0DFFE40200AF0DCFE80200AF068
:10D7EC00D9FE5146281F0AF05FFE0AF0D3FD19F846
:10D7FC000FAC84EA0A0388EA030316F80380FC5C86
:10D80C000AF0B6FD01200AF0C5FE02200AF0C2FEA5
:10D81C0010200AF0BFFE40200AF0BCFE80200AF067
:10D82C00B9FE514628460AF03FFE0AF0B3FD19F83E
:10D83C000CAC8BEA08038AEA0303F25C17F803804A
:10D84C0054400AF095FD01200AF0A4FE02200AF0D3
:10D85C00A1FE10200AF09EFE40200AF09BFE8020C4
:10D86C000AF098FE5146281D0AF01EFE0AF092FDA1
:10D87C00204B0C359D429AD10AF07AFD01200AF01A
:10D88C0089FE02200AF086FE10200AF083FE40205A
:10D89C000AF080FE80200AF07DFE214616480AF030
:10D8AC0003FE0AF077FD0AF063FD01200AF072FE18
:10D8BC0002200AF06FFE10200AF06CFE40200AF0E5
:10D8CC0069FE80200AF066FE41460C480AF0ECFD29
:10D8DC000AF060FD0A4B00221A7003B0BDE8F08F0D
:10D8EC00F0F30108F0F40108FCFF0D08F8FF0D0837
:10D8FC002C030E08A4030E0800000E0804000E08EA
:10D90C00760D0020F81900208C0000202DE9F04F36
:10D91C00994A9A4C1278238885B00292984A1278C8
:10D92C000192002B40F03A8102F03F0823888BB91A
:10D93C00DDE901329A4207D903F1010B904B83F8D0
:10D94C0000B005B0BDE8F08F8E4B00221A7005B008
:10D95C00BDE8F08F8C4FDFF83C92DFF83CA28B4E89
:10D96C00013B23803B68591C89FB0120CA17C2EB81
:10D97C00A00203EB430302EB42020125A1EBC2011F
:10D98C000AEB0302396082480AF80350294682F8F0
:10D99C00018095700BF02AFB33882B44338023884D
:10D9AC00002BC5D0013B23803B687948591989FB72
:10D9BC00012CCA1703EB4303C2EBAC0202EB42028D
:10D9CC00A1EBC2010AF803505344396002222946E4
:10D9DC0083F801809A700BF009FB33882B44338059
:10D9EC002388002BA4D0013B23803B68684859193D
:10D9FC0089FB012CCA1703EB4303C2EBAC0202EB0D
:10DA0C004202A1EBC2010AF80350534439600322CD
:10DA1C00294683F801809A700BF0E8FA33882B447E
:10DA2C0033802388002B83D0013B23803B685848EC
:10DA3C00591989FB012CCA1703EB4303C2EBAC0247
:10DA4C0002EB4202A1EBC2010AF8035053443960C5
:10DA5C000422294683F801809A700BF0C7FA3388A8
:10DA6C002B4433802388002B3FF462AF013B23808F
:10DA7C003B684748591989FB012CCA1703EB430330
:10DA8C00C2EBAC0202EB4202A1EBC2010AF803505A
:10DA9C00534439600522294683F801809A700BF0B3
:10DAAC00A5FA33882B4433802388002B3FF440AFF6
:10DABC00013B23803B683648591989FB012CCA1756
:10DACC0003EB4303C2EBAC0202EB4202A1EBC2013B
:10DADC000AF80350534439600622294683F8018022
:10DAEC009A700BF083FA33882B4433802388002BF5
:10DAFC003FF41EAF013B23803B682548591989FB35
:10DB0C00012CCA1703EB4303C2EBAC0202EB42023B
:10DB1C00A1EBC2010AF8035053443960072229468D
:10DB2C0083F801809A700BF061FA33882B443380B0
:10DB3C002388002B3FF4FCAE013B23803B68144848
:10DB4C005C1989FB042903EB4303E217C2EBA9021E
:10DB5C000AF8035002EB42025344A4EBC2042946D8
:10DB6C00082283F801809A703C600BF03FFA3388EE
:10DB7C002B443380DCE600BF560D00200000002053
:10DB8C00550D0020540D0020040B0020FC0A002031
:10DB9C0000140040ABAAAA2A080B0020DFF87CB3C3
:10DBAC00D94FDBF80020D94D501C87FB0016C1174C
:10DBBC00C1EBA60102EB420201EB4101A0EBC1005B
:10DBCC00A918D34ECBF80000013B4FF0020C4FF0DC
:10DBDC00000A2380CF4825F802C081F802A0012159
:10DBEC000BF004FA3188013131802188002900F0D2
:10DBFC00BE8101392180DBF80010C64801F1010E0D
:10DC0C0087FB0EC84FEAEE7CCCEBA80C01EB410174
:10DC1C000CEB4C0CAEEBCC0305EB010C4FF4AA4E09
:10DC2C00CBF8003025F801E001218CF802A00BF0B4
:10DC3C00DDF93188019B01313180218803F03F08E7
:10DC4C0000293FF473AE01392180DBF80010B24B90
:10DC5C0001F1010C87FB0C0E4FEAEC7001EB41015A
:10DC6C00C0EBAE0000EB4000ACEBC00005F801A02F
:10DC7C002944CBF8000013F83800487081F802A052
:10DC8C00A44801210BF0B2F931880131318021888F
:10DC9C0000293FF44BAE01392180DBF800109E4B7C
:10DCAC0001F1010C87FB0C0E4FEAEC7001EB41010A
:10DCBC00C0EBAE0003EBC80900EB4000ACEBC000BE
:10DCCC0005F801A02944CBF8000099F80100487030
:10DCDC0081F802A08F4801210BF088F931880131BD
:10DCEC00318021884FEAC802039200293FF41EAE0E
:10DCFC0001392180DBF8001099F802C0481C01EBB7
:10DD0C00410105F801A0294481F801C081F802A065
:10DD1C0087FB001CC117C1EBAC0101EB4101A0EB6F
:10DD2C00C100CBF8000001217A480BF05FF9318873
:10DD3C0001313180218800293FF4F8AD013921806F
:10DD4C00DBF8001099F803C0481C01EB410105F801
:10DD5C0001A0294481F801C081F802A087FB001CB6
:10DD6C00C117C1EBAC0101EB4101A0EBC100CBF839
:10DD7C000000012167480BF039F9318801313180FD
:10DD8C00218800293FF4D2AD01392180DBF8001045
:10DD9C0099F804C0481C01EB410105F801A0294485
:10DDAC0081F801C081F802A087FB001CC117C1EBF0
:10DDBC00AC0101EB4101A0EBC100CBF8000001214B
:10DDCC0054480BF013F93188013131802188002936
:10DDDC003FF4ACAD01392180DBF8001099F805C097
:10DDEC00481C01EB410105F801A0294481F801C050
:10DDFC0081F802A087FB001CC117C1EBAC0101EB41
:10DE0C004101A0EBC100CBF80000012141480BF00F
:10DE1C00EDF8318801313180218800293FF486AD3D
:10DE2C0001392180DBF8001099F806E0394801F13E
:10DE3C00010C01EB410187FB0C974FEAEC7205F8E2
:10DE4C0001A0C2EBA702294402EB4202ACEBC202D6
:10DE5C0081F801E081F802A00121CBF800200BF041
:10DE6C00C5F83288013232802288002A3FF45EAD38
:10DE7C000399294B244F013A2280DBF800201944E6
:10DE8C00501C91F807C087FB001EC117C1EBAE01F7
:10DE9C0002EB420201EB4101A0EBC100A9184FF0CB
:10DEAC000009CBF8000081F801C081F802901948F4
:10DEBC0005F8029001210BF099F83288013232807A
:10DECC002288002A3FF432AD013A2280DBF8002090
:10DEDC00104802F1010C87FB0C1E4FEAEC71C1EBF0
:10DEEC00AE0101EB410102EB4202ACEBC101CBF8FC
:10DEFC000010A9184FF43E4C25F802C081F802908E
:10DF0C0001210BF073F80BE0ABAAAA2A080B002036
:10DF1C00FC0A002000140040540B0020040B0020CD
:10DF2C003288013232802288002A3FF401AD013A56
:10DF3C002280DBF800200121501802EB420287FB03
:10DF4C0000C7A9541544C217C2EBA70202EB420248
:10DF5C00A0EBC200CBF80000074885F8029085F8CA
:10DF6C0001800BF043F8338801333380DEE4019BEE
:10DF7C0003F03F08DAE400BF00140040364B37488A
:10DF8C00197870B5F4221C7B02800A1E18BF01227E
:10DF9C00002C38D0197E42F0020269B393F8243079
:10DFAC0042F0040263BB42702D4B9FED2E6AD3ED01
:10DFBC00016A93ED087AD3ED0F7A2B4B2B4A1C6830
:10DFCC00128866EE866A27EE067A67EE867AFCEE93
:10DFDC00E66ABCEEC77A16EE903AFCEEE77A17EEDC
:10DFEC00101A837017EE903AC170037120492046C5
:10DFFC000CF0D6FA88B170BD93F82430002BD2D037
:10E00C0042F00802CFE71C7E002CC7D193F82430D5
:10E01C00002BF5D10029C7D0C5E7412206211548B0
:10E02C000BF060FE4122054605210C480BF05AFE10
:10E03C000646014628460BF063FF294620460CF0A5
:10E04C0063FA20460CF0DAFA28460BF031FF304622
:10E05C00BDE870400BF02CBF381C0020640D002074
:10E06C008001002000007F43104C0120B40A0020E6
:10E07C00C04B0120144C012090F83530DB0700D444
:10E08C00704710B50CF0E2FA084B0446186060B10A
:10E09C00074940F2E1720CF007F930B90246054924
:10E0AC002046BDE810400CF0B3BA10BD104C012056
:10E0BC00C44B01206D820008024A136801331360BF
:10E0CC00704700BF1C4C012010B584B00BF046FA11
:10E0DC000BF0AEFB1849194A19481A4C08601A4B38
:10E0EC004FF6FF7010600620B3F804C084F83400BB
:10E0FC001868164BC4F82E000293154B019300239D
:10E10C0000932046134BA4F832C00BF00FFC2046B2
:10E11C000BF0E8FC104920460BF012FD0EF0DCFB76
:10E12C0020460EF0E9FB20460BF0E2FC204604B042
:10E13C00BDE810400DF0BCBACC4B0120C84B0120FF
:10E14C00A9FE2F5ED04B0120144C012011D80108E0
:10E15C00BD760108C44B012085E0000870B5184855
:10E16C000DF068FC174B1B7800B103B970BD164A53
:10E17C00164B146816491A8820460CF011FA002820
:10E18C00F4D14122062113480BF0ACFD4122054687
:10E19C00012111480BF0A6FD0646014628460BF05E
:10E1AC00AFFE294620460CF0AFF920460CF026FABB
:10E1BC0028460BF07DFE3046BDE870400BF078BE73
:10E1CC00D04B0120B60A0020104C0120B40A0020CC
:10E1DC00C04B0120144C0120B049012070B55B49A3
:10E1EC005B480AF0C1FF0546002840F0838059497E
:10E1FC0057480AF0B9FF0646002872D156495448D0
:10E20C000AF0B2FF0446002862D151484FF4427123
:10E21C000AF0AAFFF8B951494D480AF0A5FF0028A9
:10E22C002CD145EA06000443E4B2002C2ED14C4913
:10E23C0047480AF099FF38B14A4A1388002B62D13B
:10E24C00474943480AF0A6FF474941480AF08CFF6A
:10E25C0000282DD170BD3E4800210AF05DFF3C48DE
:10E26C0043F208010AF058FF39484FF442710AF0A2
:10E27C0091FF3A4936480AF077FF38B13448032108
:10E28C000AF04AFF354932480AF084FF72B6374823
:10E29C00374C3449374A002303604FF4967023609F
:10E2AC000880138062B63449344A0B701370BEE791
:10E2BC00274840F206310AF049FF31484FF48041BB
:10E2CC000AF098FABDE87040274921480AF062BF6D
:10E2DC001F4803210AF020FF1F491D480AF05AFF6E
:10E2EC0093E71B4802210AF017FF1A4918480AF055
:10E2FC0051FF83E7164801210AF00EFF1349144819
:10E30C000AF048FF73E71A4D1E492C681E4E013B5C
:10E31C001380631C81FB0301DA17C2EB61124FF40B
:10E32C00967101FB12330A482B600AF0EBFE114A7E
:10E33C0016491388114D096826F81400013313800F
:10E34C00134B01222A7019607AE700BF0005010007
:10E35C000014014000050200000503000503030042
:10E36C00050305008E0A0020060306004C47012019
:10E37C005047012048470120520A0120790A012008
:10E38C0000040240B5814E1B544701201C4C012057
:10E39C00740A012010B50C482022062109F068FAF5
:10E3AC0000B910BD09480A4C40F206310AF0C2FE11
:10E3BC000849054800230B7023702022BDE810404B
:10E3CC00062109F07BBB00BF006402400014014031
:10E3DC00780A0120790A01202DE9F84F994B1B7816
:10E3EC00012B00F09D8083B1022B0CD172B69648A4
:10E3FC00964C9749974A002303604FF4967023601C
:10E40C000880138062B6BDE8F88F934B1A68002A17
:10E41C00F9D092488F4B924D9249066818882C7807
:10E42C000968002833D072B618880138188062B693
:10E43C00854F8D4BDFF854C2A3FB040338683CF8BE
:10E44C0010E000F1010C8948DB0980FB0C08C3EBE0
:10E45C00831003EB8003E31A4FEAEC70C0EB6810F7
:10E46C00BEF5807FDFF81882DBB228BF4FF0000EBC
:10E47C0008F803E04FF4967303FB10C33B60631C76
:10E48C002B7072B6724803880133038062B6002C7D
:10E49C00B9D0891B49F64043B3FBF2F301339942DF
:10E4AC00B1D9734A734B166873491A8830460CF00D
:10E4BC0077F890BB71484FF4D17303806A4BA3FB80
:10E4CC000423DB09C3EB831203EB8203E41A14F07D
:10E4DC00FF0200F0A3836A490230941C0FF024FA67
:10E4EC004122062167480BF0FDFB412221460446E0
:10E4FC0062480BF0F7FB0146074620460BF000FD87
:10E50C00214630460CF000F830460CF077F82046E7
:10E51C000BF0CEFC38460BF0CBFC00232B7072E7D3
:10E52C004C4A118800293FF46EAF72B6118801393C
:10E53C00118062B6444D4D492E68534C721C81FBC0
:10E54C000201D017C0EB6110504931F816104FF48E
:10E55C00967606FB10222A602278F2B9FF2914D88D
:10E56C00552900F0E181C9B2332940F03483484881
:10E57C00484902700225484825700A70474C4849A2
:10E58C00037045F2FF5322700B8072B6304A138829
:10E59C000133138062B6BDE8F88F013A032AF4D830
:10E5AC00DFE802F01C883402394B1A78002A40F05C
:10E5BC00CA813B4A3B4C10783B4DB1F5807F28BF5C
:10E5CC000021C9B248402970245C012119703749D7
:10E5DC005378095C54704B401370D6E72C4B1A7867
:10E5EC00032A00F0D282043A052ACED801A050F8B2
:10E5FC0022F000BFF9E80008D9E80008AFE80008ED
:10E60C0097E5000891E70008ADE70008204B1A7861
:10E61C00002A00F07B81082A00F0B480092AB4D1CA
:10E62C00234B1D4A0020187012781D4B5B7832B1B9
:10E63C00B1F5807F28BF01468B4200F0FF8200239A
:10E64C002370A2E78C0A00204C4701205047012080
:10E65C008E0A002048470120880A0020740A0120F5
:10E66C007A0A01201C4C0120A98D8481B5814E1B96
:10E67C00104C0120B40A0020C04B0120BC490120E1
:10E68C007C0A0120144C0120520A0120544701201D
:10E69C00510A0120500A01207C0800204F0A012059
:10E6AC0080080020F0F30108530A0120F0F401085F
:10E6BC00790A0120B04B1A78002A00F02781082A29
:10E6CC0060D0092A7FF461AFAC4BAD4A00201870C2
:10E6DC001278AC4B5B78002AB1D0B1F5807F28BFA3
:10E6EC0001468B42ABD1A84AA84B16781B78B34293
:10E6FC00A5D9A74AA74B1768A7491A8838460BF023
:10E70C004FFF00289BD1A54DA5492A4601204FF06B
:10E71C00A10E0A2313FB060C02F801EB03FB0613F4
:10E72C000CEB010E51F80C10C5F80110BEF80410DA
:10E73C009180F0226A72DA79AA721A7AE8715B7A9D
:10E74C00EA720621412297482E722B730BF0CAFAFB
:10E75C00412203460D2128461D460BF0C3FA0646FE
:10E76C00014628460BF0CCFB294638460BF0CCFE74
:10E77C0038460BF043FF28460BF09AFB30460BF063
:10E78C0097FB5CE77F4AB1F5807F127828BF0021A8
:10E79C008A4202D07A4A0021117009221A70F4E6DA
:10E7AC00764B774A00251D701278764B5B78002AE1
:10E7BC003FF445AFB1F5807F28BF29468B427FF4EB
:10E7CC003EAFDFF8C8A1784F9AF80080FF26B8FB5F
:10E7DC00F6F6464416F0FF0600F07682DFF8EC9170
:10E7EC00BB4603E00135AE4200F06E82494606227C
:10E7FC00584609F10A090FF07FF80028F2D1684B4E
:10E80C006A4EDFF8B49131780A2202FB0533604A74
:10E81C00D971D2F800805F4AB9F8001019811288BA
:10E82C005D494046EDB20BF0BBFEA0BB32785B4EAF
:10E83C003868C6F801003346A12103F8011BB988DA
:10E84C00998099F80030F37299F8013033730123F1
:10E85C00B272F3714122F023062152487372357261
:10E86C000BF040FA412203460D2130461E460BF0B8
:10E87C0039FA0146074630460BF042FB314640461A
:10E88C000BF042FE40460BF0B9FE30460BF010FB8D
:10E89C0038460BF00DFB4649464B0D7001221A70A1
:10E8AC00CDE6384A444D1078444CB1F5807F28BFF2
:10E8BC000021C9B2484069704149245C095C0820B8
:10E8CC001870537854704B4013705EE62D4A3A4DD5
:10E8DC0010783A4CB1F5807F28BF0021C9B248406E
:10E8EC0029703749245C095C0620E9E7254A2F4D3D
:10E8FC001078324CB1F5807F28BF0021C9B2484056
:10E90C0029702F49245C095C0520D9E71D4A2B4C42
:10E91C0010781D4DB1F5807F28BF0021C9B2484049
:10E92C002970245C082151E61349237003200870D8
:10E93C00244C254912480A702270124A037047F67B
:10E94C007F71118021E6013A082A3FF61EAE01A024
:10E95C0050F822F077EB00084DEB000897E5000823
:10E96C0097E5000897E5000897E5000801EB00081B
:10E97C0091E70008DDE90008510A0120790A01201D
:10E98C007C08002080080020530A01204E0801203A
:10E99C00104C0120B40A0020C04B0120BC490120BE
:10E9AC0058FE0020144C0120580A0120560A012060
:10E9BC00840A00206C0A0120540A0120F0F301089B
:10E9CC00F0F40108500A01204F0A012059FE0020E2
:10E9DC00A34BA44D1E78A448A44BA54F1B787F785D
:10E9EC00A5FB0625A34A92F800C0A34A06EBD51551
:10E9FC0092F80080A14A05F0FF054FF0000E80F858
:10EA0C0000E032F91500BCF1000F3FF418AEB1F57F
:10EA1C00807F28BF71468F427FF411AE1BB222F863
:10EA2C001530974A1278B2427FF609AE98425BD005
:10EA3C00944B95491F68954B38461A880BF0B0FDDE
:10EA4C000246002850D19249DFF878E24FF0010CD1
:10EA5C0008460A2313FB05C3A12500F8015B03EB51
:10EA6C000E055EF80330C1F80130AB88838081F865
:10EA7C0007C04FF0FF0CB8FBFCF308EB030505EAED
:10EA8C000C05DFF820E20E7205F1FF3809E0B3FB4C
:10EA9C00FCF0C0EB00201B1A9BB21EF8010BC854F3
:10EAAC00013202F1090342459BB2F0DD41220621FD
:10EABC0078480BF017F9412205F109010546744815
:10EACC000BF010F90146804628460BF019FA29463E
:10EADC0038460BF019FD38460BF090FD28460BF02C
:10EAEC00E7F940460BF0E4F96B496C4B0E700122D0
:10EAFC001A70A4E56A4D5B4A28785D4C694EA2FBFE
:10EB0C000072B1F5807F00EBD21228BF002102F019
:10EB1C00FF02C9B2B15422784A40634901308E5C7D
:10EB2C006249C0B228708D5C534A11786278667065
:10EB3C006A40814222707FF428AD08221A7024E5C5
:10EB4C00FF296DD84A484C4CCAB2227004786240F6
:10EB5C00554CA55C554CA45C4278457062400270E3
:10EB6C000029EAD007221A700FE5414A3F4D107870
:10EB7C004D4CB1F5807F28BF0021C9B248402970A7
:10EB8C004A49245C095C02209AE6454D484A28789B
:10EB9C00374C484EA2FB0072920802EB4202B1F5D0
:10EBAC00807FA0EB420228BF0021D2B2C9B2B1547F
:10EBBC00421C207841403C48D2B22A70455C3B480C
:10EBCC00405C617865704140062A21707FF4DDACB1
:10EBDC0004221A70D9E45F290ED1374830490270EB
:10EBEC000325244825700A70234C2149037047F6ED
:10EBFC00FF0322700B80C8E450297FF4C6AC2E486A
:10EC0C002749027004251B4825700A701A4C1849B4
:10EC1C00037047F6BF4322700B80B6E402245FE416
:10EC2C00134A22481178204D445C6D5C517812488F
:10EC3C00557061401170002202707EE7084B1B7802
:10EC4C00FF22B3FBF2F2134403F0FF031B4AD15C27
:10EC5C0000293FF4F4ACD054194A0121D154EEE40C
:10EC6C00530A012081808080790A01204F080120FD
:10EC7C00800800207C0800204F0A01208408002016
:10EC8C004E080120104C0120C04B0120B40A00207A
:10EC9C00BC490120144C0120830A00206B0A01207E
:10ECAC00500A012050090120F0F30108F0F401088A
:10ECBC00ABAAAAAA580A0120510A012088190120DE
:10ECCC008818012058FE00202C4A2D4BD2F80090B9
:10ECDC002C4DB98838680A2202FB06332A4EA3F859
:10ECEC0005102A4A2978D9713188C3F80100198195
:10ECFC001288274908F1010348468AF800300BF0C6
:10ED0C004FFC98BB2A78234D3868C5F801002B4678
:10ED1C00A12103F8011BB98899803378EB727378C1
:10ED2C002B730123AA72EB714122F02306211A489E
:10ED3C006B7285F808800AF0D5FF412203460D213D
:10ED4C0028461D460AF0CEFF0146064628460BF023
:10ED5C00D7F8294648460BF0D7FB48460BF04EFC3B
:10ED6C0028460BF0A5F830460BF0A2F80B490C4BDB
:10ED7C0081F8008001221A7061E400BF104C012060
:10ED8C0058FE0020560A0120540A0120B40A002023
:10ED9C00C04B0120BC490120144C0120840A0020E6
:10EDAC006C0A012070B55B495B480AF0DDF9054639
:10EDBC00002840F08380594957480AF0D5F9064697
:10EDCC00002872D1564954480AF0CEF9044600285E
:10EDDC0062D151484FF442710AF0C6F9F8B9514961
:10EDEC004D480AF0C1F900282CD145EA060004432D
:10EDFC00E4B2002C2ED14C4947480AF0B5F938B191
:10EE0C004A4A1388002B62D1474943480AF0C2F999
:10EE1C00474941480AF0A8F900282DD170BD3E4859
:10EE2C0000210AF079F93C4843F208010AF074F920
:10EE3C0039484FF442710AF0ADF93A4936480AF0B4
:10EE4C0093F938B1344803210AF066F93549324850
:10EE5C000AF0A0F972B63748374C3449374A0023C8
:10EE6C0003604FF4967023600880138062B63449B7
:10EE7C00344A0B701370BEE7274840F206310AF093
:10EE8C0065F931484FF4805109F0B4FCBDE870408D
:10EE9C00274921480AF07EB91F4803210AF03CF9A2
:10EEAC001F491D480AF076F993E71B4802210AF026
:10EEBC0033F91A4918480AF06DF983E7164801210D
:10EECC000AF02AF9134914480AF064F973E71A4D49
:10EEDC001E492C681E4E013B1380631C81FB0301F1
:10EEEC00DA17C2EB61124FF4967101FB12330A4828
:10EEFC002B600AF007F9114A16491388114D09685D
:10EF0C0026F8140001331380134B01222A70196068
:10EF1C007AE700BF00050100004C0040000502002C
:10EF2C000005030005030300050305005608002037
:10EF3C0006030600F8FB0020FCFB0020F4FB00207D
:10EF4C0006BF00202DBF002000080240B5814E1BDB
:10EF5C0000FC00201C4C012028BF002010B50C48E0
:10EF6C002022042108F084FC00B910BD09480A4C89
:10EF7C0040F206310AF0DEF80849054800230B7010
:10EF8C0023702022BDE81040042108F097BD00BF7B
:10EF9C0000600240004C00402CBF00202DBF002020
:10EFAC002DE9F84F994B1B78012B00F09D8083B114
:10EFBC00022B0CD172B69648964C9749974A00236F
:10EFCC0003604FF4967023600880138062B6BDE82E
:10EFDC00F88F934B1A68002AF9D092488F4B924DB8
:10EFEC009249066818882C780968002833D072B6C4
:10EFFC0018880138188062B6854F8D4BDFF854C2E3
:10F00C00A3FB040338683CF810E000F1010C8948BC
:10F01C00DB0980FB0C08C3EB831003EB8003E31AC2
:10F02C004FEAEC70C0EB6810BEF5807FDFF81882F9
:10F03C00DBB228BF4FF0000E08F803E04FF49673D4
:10F04C0003FB10C33B60631C2B7072B672480388C1
:10F05C000133038062B6002CB9D0891B49F64043BA
:10F06C00B3FBF2F301339942B1D9734A734B16686F
:10F07C0073491A8830460BF093FA90BB714840F2F2
:10F08C00A22303806A4BA3FB0423DB09C3EB83128B
:10F09C0003EB8203E41A14F0FF0200F0A2836A4926
:10F0AC000230941C0EF040FC4122062167480AF005
:10F0BC0019FE41222146044662480AF013FE01461D
:10F0CC00074620460AF01CFF214630460BF01CFA7E
:10F0DC0030460BF093FA20460AF0EAFE38460AF066
:10F0EC00E7FE00232B7072E74C4A118800293FF48D
:10F0FC006EAF72B611880139118062B6444D4D491C
:10F10C002E68534C721C81FB0201D017C0EB6110AE
:10F11C00504931F816104FF4967606FB10222A60EF
:10F12C002278F2B9FF2914D8552900F0E181C9B22F
:10F13C00332940F033834848484902700225484837
:10F14C0025700A70474C4849037045F2FF532270F2
:10F15C000B8072B6304A13880133138062B6BDE857
:10F16C00F88F013A032AF4D8DFE802F01C88340245
:10F17C00394B1A78002A40F0CA813B4A3B4C107834
:10F18C003B4DB1F5807F28BF0021C9B248402970A2
:10F19C00245C0121197037495378095C54704B4039
:10F1AC001370D6E72C4B1A78032A00F0D182043A5C
:10F1BC00052ACED801A050F822F000BFC1F40008F7
:10F1CC00A1F4000877F400085FF1000859F3000877
:10F1DC0075F30008204B1A78002A00F07B81082A6E
:10F1EC0000F0B480092AB4D1234B1D4A00201870BA
:10F1FC0012781D4B5B7832B1B1F5807F28BF014688
:10F20C008B4200F0FE8200232370A2E754080020FA
:10F21C00F8FB0020FCFB002056080020F4FB00202B
:10F22C005008002028BF00202EBF00201C4C0120BD
:10F23C00A98D8481B5814E1B104C0120B40A00208D
:10F24C00C04B0120BC49012030BF0020144C0120D0
:10F25C0006BF002000FC002005BF002004BF0020DA
:10F26C004406002003BF002048060020F0F30108EC
:10F27C0007BF0020F0F401082DBF0020B04B1A7816
:10F28C00002A00F02781082A60D0092A7FF461AF98
:10F29C00AC4BAD4A002018701278AC4B5B78002A4E
:10F2AC00B1D0B1F5807F28BF01468B42ABD1A84AC3
:10F2BC00A84B16781B78B342A5D9A74AA74B176859
:10F2CC00A7491A8838460BF06BF900289BD1A54D3D
:10F2DC00A54829464FF0A10C0A23012201F801CBC5
:10F2EC0013FB062202EB000C8258C5F80120BCF877
:10F2FC0004208A8003FB0603F0226A72DA79AA7270
:10F30C001A7A5B7AEA722B73412202230621974800
:10F31C002E72EB710AF0E6FC412203460D212846C1
:10F32C001D460AF0DFFC0646014628460AF0E8FDB9
:10F33C00294638460BF0E8F838460BF05FF92846BA
:10F34C000AF0B6FD30460AF0B3FD5CE77F4AB1F532
:10F35C00807F127828BF00218A4202D07A4A00218D
:10F36C00117009221A70F4E6764B774A00251D704D
:10F37C001278764B5B78002A3FF445AFB1F5807F6D
:10F38C0028BF29468B427FF43EAFDFF8C8A1784FE7
:10F39C009AF80080FF26B8FBF6F6464416F0FF06F6
:10F3AC0000F07682DFF8EC91BB4603E00135AE420B
:10F3BC0000F06E8249460622584609F10A090EF001
:10F3CC009BFA0028F2D1684B6A4EDFF8B491317881
:10F3DC000A2202FB0533604AD971D2F800805F4AD9
:10F3EC00B9F80010198112885D494046EDB20BF056
:10F3FC00D7F8A0BB32785B4E3868C6F801003346AC
:10F40C00A12103F8011BB988998099F80030F37297
:10F41C0099F8013033730223B272F3714122F02355
:10F42C0006215248737235720AF05CFC4122034685
:10F43C000D2130461E460AF055FC01460746304663
:10F44C000AF05EFD314640460BF05EF840460BF08C
:10F45C00D5F830460AF02CFD38460AF029FD46490D
:10F46C00464B0D7001221A70CDE6384A444D107887
:10F47C00444CB1F5807F28BF0021C9B24840697067
:10F48C004149245C095C08201870537854704B4037
:10F49C0013705EE62D4A3A4D10783A4CB1F5807FE8
:10F4AC0028BF0021C9B2484029703749245C095C47
:10F4BC000620E9E7254A2F4D1078324CB1F5807FB4
:10F4CC0028BF0021C9B2484029702F49245C095C2F
:10F4DC000520D9E71D4A2B4C10781D4DB1F5807FC6
:10F4EC0028BF0021C9B248402970245C082151E68C
:10F4FC001349237003200870244C254912480A70C4
:10F50C002270124A037047F67F71118021E6013A8E
:10F51C00082A3FF61EAE01A050F822F03DF7000875
:10F52C0013F700085FF100085FF100085FF10008B5
:10F53C005FF10008C7F6000859F30008A5F50008AC
:10F54C0005BF00202DBF00204406002048060020E7
:10F55C0007BF002002BD0020104C0120B40A00207F
:10F56C00C04B0120BC4901200CB30020144C0120DD
:10F57C000CBF00200ABF00204C08002020BF002038
:10F58C0008BF0020F0F30108F0F4010804BF0020CC
:10F59C0003BF00200DB30020A34BA44D1E78A4483C
:10F5AC00A44BA54F1B787F78A5FB0625A34A92F8A0
:10F5BC0000C0A34A06EBD51592F80080A14A05F0CD
:10F5CC00FF054FF0000E80F800E032F91500BCF199
:10F5DC00000F3FF418AEB1F5807F28BF71468F4203
:10F5EC007FF411AE1BB222F81530974A1278B24252
:10F5FC007FF609AE98425AD0944B95491F68954BAB
:10F60C0038461A880AF0CCFF024600284FD192499E
:10F61C00DFF878C2DFF854E201200A2313FB05035C
:10F62C000846A12500F8015B03EB0C055CF80330E0
:10F63C00C1F80130AB8883804FF0FF0CB8FBFCF3B2
:10F64C0008EB030505EA0C0502230E72CB7105F1DC
:10F65C00FF3809E0B3FBFCF0C0EB00201B1A9BB297
:10F66C001EF8010BC854013202F1090342459BB24A
:10F67C00F0DD4122062179480AF034FB412205F1E4
:10F68C000901054674480AF02DFB014680462846C0
:10F69C000AF036FC294638460AF036FF38460AF09E
:10F6AC00ADFF28460AF004FC40460AF001FC6C4908
:10F6BC006C4B0E7001221A70A5E56B4D5B4A2878D5
:10F6CC005D4C6A4EA2FB0072B1F5807F00EBD2124A
:10F6DC0028BF002102F0FF02C9B2B15422784A407F
:10F6EC00634901308E5C6349C0B228708D5C544A0A
:10F6FC001178627866706A40814222707FF429AD7D
:10F70C0008221A7025E5FF296DD84B484C4CCAB21B
:10F71C00227004786240564CA55C564CA45C42782E
:10F72C004570624002700029EAD007221A7010E579
:10F73C00414A404D10784E4CB1F5807F28BF0021D6
:10F74C00C9B2484029704B49245C095C02209BE6F5
:10F75C00454D494A2878384C484EA2FB0072920815
:10F76C0002EB4202B1F5807FA0EB420228BF0021E0
:10F77C00D2B2C9B2B154421C207841403C48D2B2FA
:10F78C002A70455C3B48405C617865704140062AB4
:10F79C0021707FF4DEAC04221A70DAE45F290ED1FA
:10F7AC003748314902700325244825700A70244CCF
:10F7BC002149037047F6FF0322700B80C9E45029DE
:10F7CC007FF4C7AC2E482849027004251B482570CD
:10F7DC000A701B4C1849037047F6BF4322700B800C
:10F7EC00B7E4022460E4144A22481178204D445CAA
:10F7FC006D5C517812485570614011700022027096
:10F80C007EE7094B1B78FF22B3FBF2F2134403F0A3
:10F81C00FF031C4AD15C00293FF4F5ACD0541A4AC2
:10F82C000121D154EFE400BF07BF0020818080800C
:10F83C002DBF002003BD00204806002044060020F8
:10F84C0003BF00204C06002002BD0020104C0120FC
:10F85C00C04B0120B40A0020BC490120144C0120EB
:10F86C004B0800201FBF002004BF002004BE002056
:10F87C00F0F30108F0F40108ABAAAAAA0CBF00200F
:10F88C0005BF00203CCE00203CCD00200CB3002056
:10F89C002C4A2D4BD2F800902C4DB98838680A228E
:10F8AC0002FB06332A4EA3F805102A4A2978D9718F
:10F8BC003188C3F8010019811288274908F1010326
:10F8CC0048468AF800300AF06BFE98BB2A78234D24
:10F8DC003868C5F801002B46A12103F8011BB98833
:10F8EC0099803378EB7273782B730223AA72EB71C5
:10F8FC004122F02306211A486B7285F808800AF021
:10F90C00F1F9412203460D2128461D460AF0EAF979
:10F91C000146064628460AF0F3FA294648460AF0FC
:10F92C00F3FD48460AF06AFE28460AF0C1FA304652
:10F93C000AF0BEFA0B490C4B81F8008001221A70B8
:10F94C0061E400BF104C01200CB300200ABF002062
:10F95C0008BF0020B40A0020C04B0120BC49012084
:10F96C00144C01204C08002020BF002070B55B49CE
:10F97C005B4809F0F9FB0546002840F083805949A3
:10F98C00574809F0F1FB0646002872D156495448F5
:10F99C0009F0EAFB0446002862D151484FF4427149
:10F9AC0009F0E2FBF8B951494D4809F0DDFB00289C
:10F9BC002CD145EA06000443E4B2002C2ED14C496C
:10F9CC00474809F0D1FB38B14A4A1388002B62D161
:10F9DC004749434809F0DEFB4749414809F0C4FB5D
:10F9EC0000282DD170BD3E48002109F095FB3C4804
:10F9FC0043F2080109F090FB39484FF4427109F0C9
:10FA0C00C9FB3A49364809F0AFFB38B134480321F9
:10FA1C0009F082FB3549324809F0BCFB72B6374815
:10FA2C00374C3449374A002303604FF496702360F7
:10FA3C000880138062B63449344A0B701370BEE7E9
:10FA4C00274840F2063109F081FB31484FF4004160
:10FA5C0008F0D0FEBDE870402749214809F09ABB58
:10FA6C001F48032109F058FB1F491D4809F092FB60
:10FA7C0093E71B48022109F04FFB1A49184809F07B
:10FA8C0089FB83E71648012109F046FB134914480A
:10FA9C0009F080FB73E71A4D1E492C681E4E013B82
:10FAAC001380631C81FB0301DA17C2EB61124FF464
:10FABC00967101FB12330A482B6009F023FB114AA3
:10FACC0016491388114D096826F814000133138068
:10FADC00134B01222A7019607AE700BF0005010060
:10FAEC000048004000050200000503000503030068
:10FAFC00050305001E06002006030600ACB000201E
:10FB0C00B0B00020A8B00020BA730020E173002030
:10FB1C0000040240B5814E1BB4B000201C4C0120E7
:10FB2C00DC73002010B50C482022032107F0A0FE46
:10FB3C0000B910BD09480A4C40F2063109F0FAFA36
:10FB4C000849054800230B7023702022BDE81040A3
:10FB5C00032107F0B3BF00BF006002400048004023
:10FB6C00E0730020E17300202DE9F84F994B1B78CE
:10FB7C00012B00F09D8083B1022B0CD172B69648FC
:10FB8C00964C9749974A002303604FF49670236074
:10FB9C000880138062B6BDE8F88F934B1A68002A70
:10FBAC00F9D092488F4B924D9249066818882C7860
:10FBBC000968002833D072B618880138188062B6EC
:10FBCC00854F8D4BDFF854C2A3FB040338683CF817
:10FBDC0010E000F1010C8948DB0980FB0C08C3EB39
:10FBEC00831003EB8003E31A4FEAEC70C0EB681050
:10FBFC00BEF5807FDFF81882DBB228BF4FF0000E15
:10FC0C0008F803E04FF4967303FB10C33B60631CCE
:10FC1C002B7072B6724803880133038062B6002CD5
:10FC2C00B9D0891B49F64043B3FBF2F30133994237
:10FC3C00B1D9734A734B166873491A8830460AF067
:10FC4C00AFFC90BB714840F2A23303806A4BA3FB1C
:10FC5C000423DB09C3EB831203EB8203E41A14F0D5
:10FC6C00FF0200F0A2836A490230941C0DF05CFE86
:10FC7C004122062167480AF035F841222146044604
:10FC8C0062480AF02FF80146074620460AF038F978
:10FC9C00214630460AF038FC30460AF0AFFC2046CC
:10FCAC000AF006F938460AF003F900232B7072E7C4
:10FCBC004C4A118800293FF46EAF72B61188013995
:10FCCC00118062B6444D4D492E68534C721C81FB19
:10FCDC000201D017C0EB6110504931F816104FF4E7
:10FCEC00967606FB10222A602278F2B9FF2914D8E6
:10FCFC00552900F0E181C9B2332940F033834848DB
:10FD0C00484902700225484825700A70474C4849FA
:10FD1C00037045F2FF5322700B8072B6304A138881
:10FD2C000133138062B6BDE8F88F013A032AF4D888
:10FD3C00DFE802F01C883402394B1A78002A40F0B4
:10FD4C00CA813B4A3B4C10783B4DB1F5807F28BFB4
:10FD5C000021C9B248402970245C0121197037492F
:10FD6C005378095C54704B401370D6E72C4B1A78BF
:10FD7C00032A00F0D182043A052ACED801A050F80B
:10FD8C0022F000BF89000108690001083F0001084A
:10FD9C0027FD000821FF00083DFF0008204B1A78C2
:10FDAC00002A00F07B81082A00F0B480092AB4D123
:10FDBC00234B1D4A0020187012781D4B5B7832B112
:10FDCC00B1F5807F28BF01468B4200F0FE820023F4
:10FDDC002370A2E71C060020ACB00020B0B00020BD
:10FDEC001E060020A8B0002018060020DC7300209E
:10FDFC00E27300201C4C0120A98D8481B5814E1B1F
:10FE0C00104C0120B40A0020C04B0120BC49012039
:10FE1C00E4730020144C0120BA730020B4B000200D
:10FE2C00B9730020B87300200C040020B7730020B5
:10FE3C0010040020F0F30108BB730020F0F401085B
:10FE4C00E1730020B04B1A78002A00F02781082AB1
:10FE5C0060D0092A7FF461AFAC4BAD4A002018701A
:10FE6C001278AC4B5B78002AB1D0B1F5807F28BFFB
:10FE7C0001468B42ABD1A84AA84B16781B78B342EB
:10FE8C00A5D9A74AA74B1768A7491A8838460AF07C
:10FE9C0087FB00289BD1A54DA54829464FF0A10C06
:10FEAC000A23012201F801CB13FB062202EB000C02
:10FEBC008258C5F80120BCF804208A8003FB060395
:10FECC00F0226A72DA79AA721A7A5B7AEA722B7366
:10FEDC0041220323062197482E72EB7109F002FF91
:10FEEC00412203460D2128461D4609F0FBFE06461D
:10FEFC00014628460AF004F8294638460AF004FB65
:10FF0C0038460AF07BFB284609F0D2FF304609F050
:10FF1C00CFFF5CE77F4AB1F5807F127828BF0021C4
:10FF2C008A4202D07A4A0021117009221A70F4E632
:10FF3C00764B774A00251D701278764B5B78002A39
:10FF4C003FF445AFB1F5807F28BF29468B427FF443
:10FF5C003EAFDFF8C8A1784F9AF80080FF26B8FBB7
:10FF6C00F6F6464416F0FF0600F07682DFF8EC91C8
:10FF7C00BB4603E00135AE4200F06E8249460622D4
:10FF8C00584609F10A090DF0B7FC0028F2D1684B6C
:10FF9C006A4EDFF8B49131780A2202FB0533604ACD
:10FFAC00D971D2F800805F4AB9F800101981128813
:10FFBC005D494046EDB20AF0F3FAA0BB32785B4ED5
:10FFCC003868C6F801003346A12103F8011BB98833
:10FFDC00998099F80030F37299F801303373032348
:10FFEC00B272F3714122F0230621524873723572BA
:04FFFC0009F078FE92
:020000040801F1
:10000000412203460D2130461E4609F071FE01468D
:100010000746304609F07AFF314640460AF07AFA40
:1000200040460AF0F1FA304609F048FF384609F038
:1000300045FF4649464B0D7001221A70CDE6384AFD
:10004000444D1078444CB1F5807F28BF0021C9B2DF
:10005000484069704149245C095C08201870537855
:1000600054704B4013705EE62D4A3A4D10783A4C6E
:10007000B1F5807F28BF0021C9B2484029703749B7
:10008000245C095C0620E9E7254A2F4D1078324CA4
:10009000B1F5807F28BF0021C9B2484029702F499F
:1000A000245C095C0520D9E71D4A2B4C10781D4DB6
:1000B000B1F5807F28BF0021C9B248402970245C77
:1000C000082151E61349237003200870244C254968
:1000D00012480A702270124A037047F67F7111802D
:1000E00021E6013A082A3FF61EAE01A050F822F0A0
:1000F00005030108DB02010827FD000827FD0008B1
:1001000027FD000827FD00088F02010821FF0008D5
:100110006D010108B9730020E17300200C04002078
:1001200010040020BB730020B6710020104C012089
:10013000B40A0020C04B0120BC490120C067002048
:10014000144C0120C0730020BE7300201406002050
:10015000D4730020BC730020F0F30108F0F4010810
:10016000B8730020B7730020C1670020A34BA44DD3
:100170001E78A448A44BA54F1B787F78A5FB0625C5
:10018000A34A92F800C0A34A06EBD51592F8008066
:10019000A14A05F0FF054FF0000E80F800E032F9AB
:1001A0001500BCF1000F3FF418AEB1F5807F28BFF9
:1001B00071468F427FF411AE1BB222F81530974A78
:1001C0001278B2427FF609AE98425AD0944B9549C4
:1001D0001F68954B38461A880AF0E8F9024600284D
:1001E0004FD19249DFF878C2DFF854E201200A23A8
:1001F00013FB05030846A12500F8015B03EB0C0582
:100200005CF80330C1F80130AB8883804FF0FF0CFD
:10021000B8FBFCF308EB030505EA0C0503230E729B
:10022000CB7105F1FF3809E0B3FBFCF0C0EB002017
:100230001B1A9BB21EF8010BC854013202F10903CC
:1002400042459BB2F0DD41220621794809F050FD7C
:10025000412205F109010546744809F049FD0146AE
:100260008046284609F052FE294638460AF052F9DF
:1002700038460AF0C9F9284609F020FE404609F040
:100280001DFE6C496C4B0E7001221A70A5E56B4D7A
:100290005B4A28785D4C6A4EA2FB0072B1F5807F04
:1002A00000EBD21228BF002102F0FF02C9B2B15404
:1002B00022784A40634901308E5C6349C0B228709D
:1002C0008D5C544A1178627866706A40814222706F
:1002D0007FF429AD08221A7025E5FF296DD84B4817
:1002E0004C4CCAB2227004786240564CA55C564C05
:1002F000A45C42784570624002700029EAD007226F
:100300001A7010E5414A404D10784E4CB1F5807F8F
:1003100028BF0021C9B2484029704B49245C095CC0
:1003200002209BE6454D494A2878384C484EA2FBAE
:100330000072920802EB4202B1F5807FA0EB42020C
:1003400028BF0021D2B2C9B2B154421C207841402A
:100350003C48D2B22A70455C3B48405C617865708D
:100360004140062A21707FF4DEAC04221A70DAE4E0
:100370005F290ED137483149027003252448257082
:100380000A70244C2149037047F6FF0322700B804A
:10039000C9E450297FF4C7AC2E48284902700425CF
:1003A0001B4825700A701B4C1849037047F6BF4361
:1003B00022700B80B7E4022460E4144A22481178CA
:1003C000204D445C6D5C517812485570614011704D
:1003D000002202707EE7094B1B78FF22B3FBF2F28A
:1003E000134403F0FF031C4AD15C00293FF4F5AC31
:1003F000D0541A4A0121D154EFE400BFBB7300204E
:1004000081808080E1730020B771002010040020FB
:100410000C040020B773002014040020B6710020E3
:10042000104C0120C04B0120B40A0020BC4901201F
:10043000144C012013060020D3730020B873002051
:10044000B8720020F0F30108F0F40108ABAAAAAAE0
:10045000C0730020B9730020F0820020F0810020DA
:10046000C06700202C4A2D4BD2F800902C4DB98843
:1004700038680A2202FB06332A4EA3F805102A4ADE
:100480002978D9713188C3F8010019811288274968
:1004900008F1010348468AF800300AF087F898BB53
:1004A0002A78234D3868C5F801002B46A12103F8AE
:1004B000011BB98899803378EB7273782B7303230F
:1004C000AA72EB714122F02306211A486B7285F85B
:1004D000088009F00DFC412203460D2128461D46E7
:1004E00009F006FC01460646284609F00FFD29469C
:1004F00048460AF00FF848460AF086F8284609F000
:10050000DDFC304609F0DAFC0B490C4B81F8008029
:1005100001221A7061E400BF104C0120C067002066
:10052000BE730020BC730020B40A0020C04B012021
:10053000BC490120144C012014060020D473002073
:1005400070B55A495A4808F015FE0546002840F093
:1005500082805849564808F00DFE0646002871D1A1
:100560005549534808F006FE0446002861D150481A
:100570004FF4427108F0FEFDF8B950494C4808F0BC
:10058000F9FD00282CD145EA06000443E4B2002C12
:100590002ED14B49464808F0EDFD38B1494A138841
:1005A000002B61D14649424808F0FAFD46494048CF
:1005B00008F0E0FD00282DD170BD3D48002108F075
:1005C000B1FD3B4843F2080108F0ACFD38484FF458
:1005D000427108F0E5FD3949354808F0CBFD38B1E6
:1005E0003348032108F09EFD3449314808F0D8FD16
:1005F00072B63648364C3349364A002303604FF40E
:10060000967023600880138062B63349334A0B70BA
:100610001370BEE7264840F2063108F09DFD3048D1
:10062000022108F0EDF8BDE870402749204808F0A5
:10063000B7BD1F48032108F075FD1F491C4808F08D
:10064000AFFD94E71A48022108F06CFD19491848DB
:1006500008F0A6FD84E71648012108F063FD134960
:10066000134808F09DFD74E7194D1E492C681E4E75
:10067000013B1380631C81FB0301DA17C2EB61129B
:100680004FF4967101FB123309482B6008F040FDCE
:10069000104A16491388114D096826F814000133D1
:1006A0001380134B01222A7019607BE700050100BB
:1006B00000100140000502000005030005030300CF
:1006C00005030500E6030020060306006065002020
:1006D000646500205C6500206E28002095280020BD
:1006E000000C0240B5814E1B686500201C4C0120A7
:1006F0009028002010B50C482022072107F0BEF8F2
:1007000000B910BD09480A4C40F2063108F018FD46
:100710000849054800230B7023702022BDE81040D3
:10072000072107F0D1B900BF00640240001001406A
:1007300094280020952800202DE9F84F994B1B782C
:10074000012B00F09D8083B1022B0CD172B696482C
:10075000964C9749974A002303604FF496702360A4
:100760000880138062B6BDE8F88F934B1A68002AA0
:10077000F9D092488F4B924D9249066818882C7890
:100780000968002833D072B618880138188062B61C
:10079000854F8D4BDFF854C2A3FB040338683CF847
:1007A00010E000F1010C8948DB0980FB0C08C3EB69
:1007B000831003EB8003E31A4FEAEC70C0EB681080
:1007C000BEF5807FDFF81882DBB228BF4FF0000E45
:1007D00008F803E04FF4967303FB10C33B60631CFF
:1007E0002B7072B6724803880133038062B6002C06
:1007F000B9D0891B49F64043B3FBF2F30133994268
:10080000B1D9734A734B166873491A88304609F098
:10081000CDFE90BB714840F2A24303806A4BA3FB1C
:100820000423DB09C3EB831203EB8203E41A14F005
:10083000FF0200F0A2836A490230941C0DF07AF89E
:1008400041220621674809F053FA41222146044615
:10085000624809F04DFA01460746204609F056FB6A
:100860002146304609F056FE304609F0CDFE2046BE
:1008700009F024FB384609F021FB00232B7072E7B6
:100880004C4A118800293FF46EAF72B611880139C5
:10089000118062B6444D4D492E68534C721C81FB49
:1008A0000201D017C0EB6110504931F816104FF417
:1008B000967606FB10222A602278F2B9FF2914D816
:1008C000552900F0E181C9B2332940F0338348480B
:1008D000484902700225484825700A70474C48492B
:1008E000037045F2FF5322700B8072B6304A1388B2
:1008F0000133138062B6BDE8F88F013A032AF4D8B9
:10090000DFE802F01C883402394B1A78002A40F0E4
:10091000CA813B4A3B4C10783B4DB1F5807F28BFE4
:100920000021C9B248402970245C0121197037495F
:100930005378095C54704B401370D6E72C4B1A78EF
:10094000032A00F0D182043A052ACED801A050F83B
:1009500022F000BF4D0C01082D0C0108030C01080A
:10096000EB080108E50A0108010B0108204B1A7881
:10097000002A00F07B81082A00F0B480092AB4D153
:10098000234B1D4A0020187012781D4B5B7832B142
:10099000B1F5807F28BF01468B4200F0FE82002324
:1009A0002370A2E7E4030020606500206465002056
:1009B000E60300205C650020E00300209028002072
:1009C000962800201C4C0120A98D8481B5814E1BE6
:1009D000104C0120B40A0020C04B0120BC4901206A
:1009E00098280020144C01206E2800206865002003
:1009F0006D2800206C280020D40100206B280020E6
:100A0000D8010020F0F301086F280020F0F401085D
:100A100095280020B04B1A78002A00F02781082A78
:100A200060D0092A7FF461AFAC4BAD4A002018704A
:100A30001278AC4B5B78002AB1D0B1F5807F28BF2B
:100A400001468B42ABD1A84AA84B16781B78B3421B
:100A5000A5D9A74AA74B1768A7491A88384609F0AD
:100A6000A5FD00289BD1A54DA54829464FF0A10C16
:100A70000A23012201F801CB13FB062202EB000C32
:100A80008258C5F80120BCF804208A8003FB0603C5
:100A9000F0226A72DA79AA721A7A5B7AEA722B7396
:100AA00041220423062197482E72EB7109F020F9A8
:100AB000412203460D2128461D4609F019F9064634
:100AC0000146284609F022FA2946384609F022FD57
:100AD000384609F099FD284609F0F0F9304609F04A
:100AE000EDF95CE77F4AB1F5807F127828BF0021DD
:100AF0008A4202D07A4A0021117009221A70F4E663
:100B0000764B774A00251D701278764B5B78002A69
:100B10003FF445AFB1F5807F28BF29468B427FF473
:100B20003EAFDFF8C8A1784F9AF80080FF26B8FBE7
:100B3000F6F6464416F0FF0600F07682DFF8EC91F8
:100B4000BB4603E00135AE4200F06E824946062204
:100B5000584609F10A090CF0D5FE0028F2D1684B7D
:100B60006A4EDFF8B49131780A2202FB0533604AFD
:100B7000D971D2F800805F4AB9F800101981128843
:100B80005D494046EDB209F011FDA0BB32785B4EE5
:100B90003868C6F801003346A12103F8011BB98863
:100BA000998099F80030F37299F801303373042377
:100BB000B272F3714122F0230621524873723572EA
:100BC00009F096F8412203460D2130461E4609F0F1
:100BD0008FF801460746304609F098F931464046FD
:100BE00009F098FC404609F00FFD304609F066F91F
:100BF000384609F063F94649464B0D7001221A70D8
:100C0000CDE6384A444D1078444CB1F5807F28BF7A
:100C10000021C9B2484069704149245C095C082040
:100C20001870537854704B4013705EE62D4A3A4D5D
:100C300010783A4CB1F5807F28BF0021C9B24840F6
:100C400029703749245C095C0620E9E7254A2F4DC5
:100C50001078324CB1F5807F28BF0021C9B24840DE
:100C600029702F49245C095C0520D9E71D4A2B4CCB
:100C700010781D4DB1F5807F28BF0021C9B24840D2
:100C80002970245C082151E6134923700320087061
:100C9000244C254912480A702270124A037047F604
:100CA0007F71118021E6013A082A3FF61EAE01A0AD
:100CB00050F822F0C90E01089F0E0108EB08010848
:100CC000EB080108EB080108EB080108530E0108C6
:100CD000E50A0108310D01086D2800209528002043
:100CE000D4010020D80100206F2800206A260020AF
:100CF000104C0120B40A0020C04B0120BC49012047
:100D0000741C0020144C012074280020722800203C
:100D1000DC0300208828002070280020F0F3010860
:100D2000F0F401086C2800206B280020751C0020BE
:100D3000A34BA44D1E78A448A44BA54F1B787F78E5
:100D4000A5FB0625A34A92F800C0A34A06EBD515D9
:100D500092F80080A14A05F0FF054FF0000E80F8E0
:100D600000E032F91500BCF1000F3FF418AEB1F508
:100D7000807F28BF71468F427FF411AE1BB222F8EC
:100D80001530974A1278B2427FF609AE98425AD08F
:100D9000944B95491F68954B38461A8809F006FC14
:100DA000024600284FD19249DFF878C2DFF854E2BA
:100DB00001200A2313FB05030846A12500F8015B67
:100DC00003EB0C055CF80330C1F80130AB8883807D
:100DD0004FF0FF0CB8FBFCF308EB030505EA0C052C
:100DE00004230E72CB7105F1FF3809E0B3FBFCF070
:100DF000C0EB00201B1A9BB21EF8010BC854013235
:100E000002F1090342459BB2F0DD412206217948F7
:100E100008F06EFF412205F109010546744808F00B
:100E200067FF01468046284609F070F82946384693
:100E300009F070FB384609F0E7FB284609F03EF858
:100E4000404609F03BF86C496C4B0E7001221A7059
:100E5000A5E56B4D5B4A28785D4C6A4EA2FB00729B
:100E6000B1F5807F00EBD21228BF002102F0FF0213
:100E7000C9B2B15422784A40634901308E5C63495B
:100E8000C0B228708D5C544A1178627866706A40EE
:100E9000814222707FF429AD08221A7025E5FF29CE
:100EA0006DD84B484C4CCAB2227004786240564C04
:100EB000A55C564CA45C42784570624002700029E3
:100EC000EAD007221A7010E5414A404D10784E4C86
:100ED000B1F5807F28BF0021C9B2484029704B4935
:100EE000245C095C02209BE6454D494A2878384C31
:100EF000484EA2FB0072920802EB4202B1F5807FDD
:100F0000A0EB420228BF0021D2B2C9B2B154421CA8
:100F1000207841403C48D2B22A70455C3B48405C56
:100F2000617865704140062A21707FF4DEAC0422AE
:100F30001A70DAE45F290ED137483149027003256F
:100F4000244825700A70244C2149037047F6FF039A
:100F500022700B80C9E450297FF4C7AC2E48284981
:100F6000027004251B4825700A701B4C1849037039
:100F700047F6BF4322700B80B7E4022460E4144AB2
:100F800022481178204D445C6D5C517812485570B0
:100F900061401170002202707EE7094B1B78FF222E
:100FA000B3FBF2F2134403F0FF031C4AD15C0029A7
:100FB0003FF4F5ACD0541A4A0121D154EFE400BFFC
:100FC0006F28002081808080952800206B260020DB
:100FD000D8010020D40100206B280020DC01002073
:100FE0006A260020104C0120C04B0120B40A0020CA
:100FF000BC490120144C0120DB030020872800207D
:101000006C2800206C270020F0F30108F0F40108A0
:10101000ABAAAAAA742800206D280020A4370020BB
:10102000A4360020741C00202C4A2D4BD2F80090CE
:101030002C4DB98838680A2202FB06332A4EA3F8E1
:1010400005102A4A2978D9713188C3F8010019811D
:101050001288274908F1010348468AF8003009F050
:10106000A5FA98BB2A78234D3868C5F801002B46AD
:10107000A12103F8011BB98899803378EB7273784A
:101080002B730423AA72EB714122F02306211A4824
:101090006B7285F8088008F02BFE412203460D2173
:1010A00028461D4608F024FE01460646284608F05C
:1010B0002DFF2946484609F02DFA484609F0A4FAC2
:1010C000284608F0FBFE304608F0F8FE0B490C4BB2
:1010D00081F8008001221A7061E400BF104C0120E9
:1010E000741C00207228002070280020B40A002000
:1010F000C04B0120BC490120144C0120DC0300201E
:101100008828002010B5824C2DED028BD4ED017A99
:1011100094ED048A94ED057AF4EEC87AF1EE10FAB3
:101120007FDD38EE078AF4EEC87AF1EE10FA40F16E
:101130008180B0EE678AC4ED047AB5EE408AF1EEA4
:1011400010FA7ED0F7EE008AB4EE688AF1EE10FA5B
:1011500070487CD07022002107F0F0FE78EEC88A3B
:101160009FED6D7ADFED6D7A6A48E8EE877A0021AF
:10117000FCEEE77A17EE903A9AB207F007FFD4ED4B
:10118000087A94ED0B8A94ED0C7AF4EEC87AF1EEBD
:1011900010FA79DD38EE078AF4EEC87AF1EE10FA2B
:1011A0007AD5B0EE678AC4ED0B7AB5EE408AF1EEDF
:1011B00010FA78D0F7EE008AB4EE688AF1EE10FAF1
:1011C000544876D15022012107F0B8FED4ED0F7AB1
:1011D00094ED128A94ED137AF4EEC87AF1EE10FAD7
:1011E0003ADD38EE078AF4EEC87AF1EE10FA3BD514
:1011F000B0EE678AC4ED127AB5EE408AF1EE10FACD
:1012000039D0F7EE008AB4EE688AF1EE10FA414860
:1012100065D1BDEC028B5022BDE81040022107F0E1
:101220008DBE8AD538EE478AF4EEC87AF1EE10FA10
:101230003FF77FAFB5EE408AF1EE10FA84ED048AF5
:1012400080D134484022002107F078FE97E75022F1
:10125000002107F073FE92E7CED538EE478AF4EE10
:10126000C87AF1EE10FAC3DCB5EE408AF1EE10FA5E
:1012700084ED128AC5D1BDEC028B2648BDE8104032
:101280004022022107F05ABE8FD538EE478AF4EE8D
:10129000C87AF1EE10FA84DCB5EE408AF1EE10FA6D
:1012A00084ED0B8A86D11B484022012107F046FEBF
:1012B0008CE77022012107F041FE78EEC88A9FED8D
:1012C000167ADFED167A1348E8EE877A0121FCEEF4
:1012D000E77A17EE903A9AB207F058FE76E7702256
:1012E000022107F02BFE78EEC88A9FED0B7ADFED26
:1012F0000B7A0848E8EE877ABDEC028BFCEEE77AC1
:10130000BDE8104017EE903A02219AB207F03EBEB7
:1013100080010020000800400000704400002042CE
:10132000F8B5234D234C244826782F684FF480715C
:1013300007F068FAB0FA80F04009864203D0002333
:101340002070676023721D48267B2F68102107F0EC
:1013500059FAB0FA80F04009864203D00023207386
:10136000276123751548267E2F684FF4806107F0AA
:1013700049FAB0FA80F04009864204D00023207672
:10138000E76184F820300C482E6894F824504FF41C
:10139000004107F037FAB0FA80F04009854205D0E5
:1013A000002384F82400A66284F82C30F8BD00BF26
:1013B0001C4C0120381C00200000024000040240A8
:1013C0002DE9F84F274F284E3C7804F0030505EB34
:1013D000450306EB8302127A1AB101343C70BDE872
:1013E000F88F224ADFF89490D2F800A0204A2149D1
:1013F00012889B005046F35C89F80230012389F87B
:101400000030EB184FEA450889F8013009F0CEF8B2
:1014100040B1A84406EB8806013401233C703372C6
:10142000BDE8F88F41220621134808F061FC4122F3
:10143000034603214846994608F05AFC8346014674
:10144000484608F063FD4946504609F063F85046A7
:1014500009F0DAF8484608F031FD584608F02EFD4C
:10146000D7E700BF301C0020381C0020104C0120A2
:10147000B40A0020C04B0120144C0120341C002071
:1014800070B540F6154084B007F08CFA1F4C204B25
:10149000204A1A6001250026204601AA0221CDE932
:1014A0000156039607F054FC32462046022107F00D
:1014B0006DFD20466022022107F040FD08222046F3
:1014C000022107F071FD2946204607F037FC4FF452
:1014D0008071204607F02EFC204607F023FC04F51F
:1014E00017342A4629460D2007F004FA2046022127
:1014F00006F092F920460522022106F0A1F91022F9
:101500000221204606F0A8F904B070BD0004004096
:101510005C0100203C040040F8B51548202202215F
:1015200006F0ACF900B9F8BD124E11482022022194
:1015300006F0CAFA34883B2CF5D80F4A0F4F125DDB
:101540000F4B104DBD6003EB02130FCB85E80F006E
:101550000D48002107F0ECFB05483A46022106F051
:1015600011F901340248022106F060F93480F8BD17
:1015700000600240141C0020D81B00205C010020E9
:10158000F0E30108181C0020000400402DE9F84396
:10159000DFF8F082A54C98F800302068002B40F06E
:1015A0008380A34DDFEDA34A9FEDA35ADFEDA35A3D
:1015B0009FEDA36ADFEDA36AA349DFF8CC828446DE
:1015C0002A4605F1F00EC82788FB0C364FEAEC736B
:1015D000C3EBA61307FB13C301EB830393ED007A60
:1015E000C2ED026AF0EE457AE7EE247A0C329645B7
:1015F0000CF10A0C67EEA57A27EE867A42ED037AA3
:1016000002ED027AE0D1914B1B78002B40F0C380B1
:10161000002840F0F6808E4B01221A608D4D844BDD
:101620009FED8D6A02442260AC46D3ED016A93EDD2
:10163000007AD3ED027A66EE866A27EE067A67EEC6
:10164000867AFCEEE66ABCEEC77AFCEEE77A16EE26
:10165000900A17EE101A17EE902A0C339E458CF85C
:1016600000008CF801108CF802200CF1030CDCD186
:101670002A787A4B7A4C7B4D7B4E03EB02130FCBCF
:1016800084E80F000123794833800021AC6007F023
:101690004FFB77482A46022106F074F8BDE8F8436C
:1016A0007348022106F0C2B807EE900A9FED717AE6
:1016B0009FED626A5E4DDFED5F4A9FED5F5ADFEDA1
:1016C000605AF8EEE77AF7EE006A67EE877A6428E8
:1016D00027EE866A76EEE76A2ED05B49DFF8A881AE
:1016E00084462A4605F1F00EC82788FB0C364FEADF
:1016F000EC73C3EBA61307FB13C301EB830393ED5A
:10170000007AF0EE457AE7EE247A0C3272450CF15D
:101710000A0C66EE277A26EEA77A42ED037A77EE78
:10172000C77A02ED017AA7EEA57A02ED027ADCD142
:10173000464B1B787BBB6BE74349DFF84CC12A461D
:1017400005F1F00E0646C827ACFB06939B0907FB84
:10175000136301EB830393ED007AF0EE457AE7EE35
:10176000247A0C32724506F10A0666EE277A26EED6
:10177000A77A42ED037A77EEC77A02ED017AA7EEF7
:10178000A57A02ED027ADFD1304B1B78002288F86F
:101790000020002B37D0384E384B3168DFF8EC8012
:1017A000C1F1090201F10A0783FB02C983FB073C6F
:1017B000D317C3EBE90303EB8303A2EB830303EB30
:1017C000430305EB8302FB17C3EBEC0303EB83033B
:1017D000A7EB830303EB430305EB83034FF07E5535
:1017E00015601D604FF07C55C2F804809560C3F809
:1017F00004809D6051B9224A01231360194431606D
:1018000006E7C8280CD0124B1A6807E7092902D04E
:101810001B4B1B68F2E71A4A4FF0FF331360EDE7EA
:101820000B4B4FF0FF321A60F8E600BFD01B0020D0
:10183000DC1A0020CDCC4C3FCDCC4C3E9A99993E41
:101840005655553F00000000D0E00108CC1B002099
:1018500054010020D81B002000007F43F0E3010862
:10186000181C00205C010020141C00200004004013
:10187000006002400AD7233CD41B002067666666DE
:1018800058010020520100201F85EB51ABAA6A3F8E
:1018900070B540F6164084B007F084F81F4D204B19
:1018A000204A1A6001240026284601AA0321CDE916
:1018B0000146039607F04CFA32462846032107F00A
:1018C00065FB28466022032107F038FB08222846E2
:1018D000032107F069FB2146284607F02FFA4FF451
:1018E0008071284607F026FA284607F01BFA05F50E
:1018F000B03522462146392006F0FCFF2146284615
:1019000005F08AFF21462846072205F099FF10229C
:101910002146284605F0A0FF04B070BD0004014038
:101920002C010020400401408E4A8E499368C8680B
:10193000DFF840C2FF2B98BFDB432DE9F04F8A4E02
:1019400017688A4D94BFDAB2FF22FF28B35CA95C06
:10195000844A6FEA0303DBB29CBF4340DBB21069E9
:10196000F25CFF2881EA02019CBF4140C9B2EA5CF7
:101970007C4B5869735CFF2882EA030298BF42409F
:101980006B5C784998BFD2B28969B05CAA5C43406D
:10199000FF299CBF4B40DBB27249F05CC969EB5C2C
:1019A0004240FF299CBF4A40D2B26E49B05C096AEE
:1019B000AA5C4340FF299CBF4B40DBB26949F05C05
:1019C000496AEB5C4240FF299CBF4A40D2B265495C
:1019D000B05C896AAA5C4340FF299CBF4B40DBB2E4
:1019E0006049F05CC96AEB5C4240FF299CBF4A40F9
:1019F000D2B25C49B05C096BAA5C4340FF299CBF32
:101A00004B40DBB25749F05C496BEB5C4240FF292D
:101A10009CBF4A40D2B25349B05C896BAA5C434038
:101A2000FF299CBF4B40DBB24E49F05CC96BEB5CBD
:101A30004240FF299CBF4A40D2B24A49B05C096C7F
:101A4000AA5C4340FF299CBF4B40DBB24549F05C98
:101A5000496CEB5C4240FF299CBF4A40D2B24149ED
:101A6000B05C896CAA5C4340FF299CBF4B40DBB251
:101A70003C49F05CC96CEB5C4240FF299CBF4A408A
:101A8000D2B23849B05C096DAA5C4340FF299CBFC3
:101A90004B40DBB23349F05C496DEB5C4240FF29BF
:101AA0009CBF4A40D2B22F49B05C896DAA5C4340CA
:101AB000FF299CBF4B40DBB22A49C96DF05CEB5C4F
:101AC0004240FF299CBF4A40D2B22649B05C096E11
:101AD000AA5C4340FF299CBF4B40DBB22149F05C2C
:101AE000496EEB5C4240FF299CBF4A40D2B21D497F
:101AF000B05C896EAA5C4340FF299CBF4B40DBB2BF
:101B00001849F05CC96EEB5C4240FF299CBF4A401B
:101B1000D2B21449B05C096FAA5C4340FF299CBF54
:101B20004B40DBB20F49F05C496FEB5C4240FF2950
:101B30009CBF4A40D2B20B49B05C896FAA5C43405B
:101B4000FF299CBF4B40DBB20649F05CC96FEB5CE0
:101B50004240FF299CBF4A40D2B2B15CA85C044A13
:101B60004B4009E000000E08F0F40108F0F3010812
:101B700080000E08A0030E0811685468FF299CBF5E
:101B80004B40DBB2FF2CF15CEB5C81EA000181EAA7
:101B90000400C0B20AD8315C285C0832624583EA8E
:101BA0000103E9D1BB420AD0BDE8F08F745C685CE8
:101BB0000832624583EA0403DED1BB42F4D1334BE1
:101BC0005B689842F0D1324C324A234604F1C80592
:101BD000002652F8040C52F8081BFF2801F1FF31CF
:101BE00094BF18701E70FE298CBF0021012159700E
:101BF0000233AB42EDD10023DFF8A0C0DFF8A0E054
:101C0000254FDFF8A0909846642609E08CF8048000
:101C1000ACF802800EF10C0ECE450CF1100CC3D0C6
:101C2000DEF80020B2F5807F28BF00228CF800206B
:101C3000DEF80420B2F5807F28BF00228CF8012056
:101C4000DEF80820FF2AE1D8D2B2A7FB0201490939
:101C50008CF8042006FB112212F0FF05ACF802807C
:101C6000D8D04FF0000A514614F81320581CA7FB97
:101C700000B3013152445B098D421FFA82FA06FB20
:101C80001303F1D1ACF802A0C4E700BF00000E08B6
:101C9000F81900200C000E081F85EB518C00002065
:101CA00028030E08A0030E08F8B5164820220121CB
:101CB00005F0E4FD00B9F8BD134E124820220121C1
:101CC00005F002FF3488B4F5166FF4D20F4A104FB6
:101CD000125D104B104DBD6003EB02130FCB85E876
:101CE0000F000E48002107F023F806483A4601216C
:101CF00005F048FD01340348012105F097FD3480CB
:101D0000F8BD00BF00640240C01A0020780D00201A
:101D10002C010020F0E30108C41A00200004014057
:101D20002DE9F04F2DED108BDFF83CB3C74FC848BD
:101D3000C84B9FEDC9DADFEDC9AADFF83083DFF8C1
:101D400030A399B04FF00009CDF84C904D46DE46D7
:101D50000993CB463E4681467388C14A707896ED1A
:101D600002AA9EED009ADEED01CA0CEE103A33791C
:101D7000A2FB03426421520901FB123309999EF828
:101D8000082091F820400A9213F0FF0C99F82020C7
:101D90000C9401F0DC82139BAD4FCDF850C003EBE7
:101DA000830307EBC303129391F821300B9399F847
:101DB00021300393CDE9166E431E0024079300EBF8
:101DC000400302940093A4460D9001924F46A54B08
:101DD000CDF838C013F81520049203EB4503944462
:101DE0005B780593002A00F0DD8207EE902AB8EEBA
:101DF00067EA07EE904A059B1194F8EEE79A0121F5
:101E00003846CDE90FC529EE0EBA6CEE8EBAF1EE6A
:101E1000699AF0EE6CFA0F46002B40F096827B1E1A
:101E20000FEE103AB5EEC0AAF1EE10FAF8EECFDAE6
:101E300040F39782B4EEEDBAF1EE10FA00F24C8363
:101E4000F4EEEDBAF1EE10FACCBF012300230A9AAA
:101E50009A4200F086820C9B002B00F03F83099B86
:101E60000B9A1C78F7EE008A102C2CBFF0EE6ACA91
:101E7000F0EE68CA38BFF0EE6A8AF2B1D3ED077AA5
:101E800093ED048A93F82330A9EEA78A3BB1B0EE14
:101E9000480A06900BF0BAFE069838EE408AB5EE76
:101EA000C08AF1EE10FA00F15F87F7EE007AB4EE27
:101EB000E78AF1EE10FA40F3DF87079B013300F069
:101EC0003A8200240897F7EE00CA07462646039890
:101ED00008254FF4166920E0F5EEC07AF1EE10FA0D
:101EE00040F3F882FCEEE77A0123CDED037A02930A
:101EF0009DF80C3008F80B300BF10103AAFB032B03
:101F00004FEA1B2B09FB1B3B009B03349C4205F152
:101F1000010506F1020600F00B8218F80B30019A59
:101F200008EE103AA5F108035AB3E8B1D7ED077AE5
:101F300097ED040A97F82320A7EEA90AF0EE40EAED
:101F40003AB1069003930BF061FE0698039B7EEE78
:101F5000C0EAF5EEC0EAF1EE10FA05D4F4EEECEAD0
:101F6000F1EE10FA40F34986F8EE487A68EEA77A67
:101F7000F4EECD7AF1EE10FAAEDD0122FF230292EB
:101F8000B8E70028F0D097F82320D7ED04EA4AB14B
:101F9000B0EE6E0A069003930BF038FE0698039B92
:101FA0007EEEC0EAF5EEC0EAF1EE10FADCD4F4EE13
:101FB000ECEAF1EE10FAD7DC3A78212AD4D801A164
:101FC00051F822F013220108691F0108691F010856
:101FD000691F0108691F0108691F0108691F0108BD
:101FE000691F0108691F0108691F0108691F0108AD
:101FF000691F0108691F0108691F0108691F01089D
:10200000691F0108B92101089B220108691F010805
:10201000691F0108691F0108691F0108691F01087C
:10202000691F0108691F0108691F0108691F01086C
:10203000691F0108691F0108691F0108691F01085C
:10204000691F010857210108752001088C00002034
:1020500068180020D816002000007F430000000010
:102060001F85EB51F819002014000020780D002086
:10207000B5814E1BDFF8B0C2DFF8B0E29CF800304B
:102080009EF80020D7ED067ADFEDA26A83EA0313FB
:10209000DBB282EA5201594081EA4301CBB2B3EE8E
:1020A000097A67EE877A069307EE103A8EF80030C9
:1020B000994B1B780393B8EE477A8CF80030974B16
:1020C00027EE267A1978944B15931970B4EEE77AB7
:1020D000924BF1EE10FA1A7000F2CA868E4B8CF811
:1020E00000101A708D4B069A1A70039B83EA031333
:1020F000DBB283EA4303534083EA5203DBB207EEC9
:10210000903A8EF80030864B711CA3FB06C2A3FBED
:1021100001C3D208DB0802EB420203EB4303A1EB4D
:102120008303A6EB8202791CB8EE677A8A5CCB5CEB
:1021300027EE267A07EE902A06EE903AF8EE677AB6
:10214000F8EE666A76EEE76AE6EE877A67EE8A7AF6
:102150006AEE277A0AE797F82430002B40F02086B1
:10216000A3F15533A3FB0523DB08129A03EB4303CA
:10217000A5EB830313445A7818EE103A9342F8EE15
:10218000487A3FF4F3AEB7EE007A97ED066A37EE81
:102190006E7AB4EEC76AF1EE10FA01F27E8006EEB6
:1021A000902AF8EE666A76EEE76A66EE866A86EE52
:1021B000876A77EE867AD9E6594B611CA3FB04C285
:1021C000A3FB01C3D208DB0803EB430302EB42028B
:1021D000A1EB8301A4EB82027B1C9A5C595C07EEA5
:1021E000102A97F825201AB1F7EE006A76EEEEEA8B
:1021F000B8EE477ADFED4B6AAEEE8D7AB4EEE67A52
:10220000F1EE10FA40F2748507EE901AF8EE677A54
:102210009EE7434AA2FB0312D20802EB4202A3EB61
:102220008203129A1344B8EE487A5B7807EE903A2C
:10223000F8EE677A67EE8A7AF4EECD7AF1EE10FA6C
:1022400000F28485F5EEC07AF1EE10FAC0F27E85D8
:10225000FCEEE76A18EE102ACDED036A9DF80C300B
:10226000934200F0798597F82230002B7FF47EAE00
:10227000F7EE006A97ED066A76EEEE6AB4EEE66A6D
:10228000F1EE10FA3FF672AE77EEC77A67EE867A15
:1022900087EEA66A76EE077A68E6214B611CA3FBFF
:1022A00004C2A3FB01C3D208DB0803EB430302EB28
:1022B0004202A1EB8301A4EB82027B1C9A5C13F81F
:1022C00001C007EE102A97F825201AB1F7EE006A30
:1022D00076EEEEEA1FEE102A0E999FED125A0A448E
:1022E00005EE902AB8EE4C6AF8EEE55AB8EE477A59
:1022F000C5EE866A76EEAE6AA6EE8D7AB4EEC57A43
:10230000F1EE10FA40F2CF8707EE90CAF8EE677A46
:102310001EE700BF8180803B6A0D0020690D002010
:10232000ABAAAAAA0000004F6B0D002013000020EA
:1023300003903846089F049A974207F101032BD077
:102340001F46059B002B3FF46AAD049BDB1B0FEE81
:10235000103AB5EEC0AAF1EE10FAF8EECFDA3FF778
:1023600069AD079B0133E6D00D9C00234FF4166145
:102370004FF0000208F80B200BF101020133AAFB19
:10238000025B4FEA1B2BA34201FB1B2BF0D1049AEB
:10239000974207F10103D3D1DDE90FC5119CF0EE9F
:1023A0006FCA0746AF4A6B1CA2FB03125509642291
:1023B00002FB1535149B0134A3427FF408ADDDE91F
:1023C000166EB946337B029A934202D001233273D0
:1023D0007373039B2BB3D9ED047AD9ED066A99ED9B
:1023E000057A99F8223077EEA67AF5EEC07AF1EE0A
:1023F00010FAC0F28387002B00F06387B4EEE77A0F
:102400000123F1EE10FA89F8233000F25F874FF0D4
:102410007E53C9F8143040F20113C9ED04AAA9F89B
:1024200023300B9BEBB1099BD3ED047AD3ED066A05
:1024300093ED057A93F8223077EEA67AF5EEC07A1E
:10244000F1EE10FAC0F26787002B40F04687B4EE39
:10245000E77AF1EE10FA00F24987099A002382F830
:102460002130139B099A013328320A2B139306F16A
:1024700010060EF10C0E09F1280909927FF46CACDC
:10248000BBF5166F06DACBF51662002108EB0B00E0
:102490000BF048FA98F80020734B744C744D754E4D
:1024A00003EB02130FCBAC6084E80F0001247248E9
:1024B0003480002106F03CFC214670482A4605F095
:1024C00061F96E48214619B0BDEC108BBDE8F04FA4
:1024D00005F0ACB900230DE50023B8E4099B0B9A85
:1024E0001C78F7EE008A102C2CBFB0EE6A8AB0EE92
:1024F000688A38BFF0EE6A8A002A3FF4DEACD3ED7A
:1025000004EA93F823303BB1B0EE6E0A06900BF06C
:102510007DFB06987EEEC0EAF5EEC0EAF1EE10FA19
:1025200000F11E84F7EE007AF4EEE7EAF1EE10FA1D
:102530003FF7C3AC252C00F29280DFE814F04A018B
:10254000110326006D02B1029000900090009000EF
:1025500090009000900090009000900090009000FB
:1025600017034E012C01E1029000900090009000B2
:1025700090009000900090009000900090008F02DA
:10258000AF00E0004702FD01C801099B93F8243029
:10259000002B41F055800E991FEE102AA3F1553300
:1025A0000A4403F1004383FB0231D317C3EB211329
:1025B00003EB43031399B2EB431348BF60338D0021
:1025C0002F49304CA1FB03131399691804EBC10187
:1025D00001EBD301DB080693534203F0070302F03B
:1025E000070658BF5E42002E91F801E0B8BF0836DA
:1025F0004EFA06F3DA0700F1A286099BDFED226AA4
:1026000093ED067A37EE2E7ADFF888C0DFF88890EF
:102610009CF8002099F800101C4C82EA0212D2B2F9
:1026200081EA5103534083EA4203DBB207EE903A5A
:10263000F8EE677A89F8003067EEA67A144B2278B4
:102640002170F4EEC77A19788CF80010F1EE10FAC8
:102650001A7000F12881099B93F821300B93F7EE53
:10266000008A2AE41F85EB51F0E30108C41A002018
:102670002C010020C01A0020000401400064024028
:10268000ABAAAAAAD81600208180803B690D002041
:102690006A0D00206B0D002013000020BC4EDFF8F7
:1026A000FCC233789CF80010BA4C83EA0313DBB207
:1026B00081EA51025A4082EA4302D5B2099AB64BE6
:1026C0008CF8005092F804C02278217019781A70A2
:1026D000099B3170DA78AC4507EE902A40F28B8284
:1026E0009B78F8EE677A07EE103AF7EE006AB8EEDC
:1026F000477A77EEA67AC7EE278AFFF7DEBB099BFB
:10270000DFEDB06ADA78F4EEE6EA07EE902A1A799D
:10271000F1EE10FA07EE102A00F25582DFEDAA6AF8
:10272000F4EEE6EAF1EE10FAC0F24D82B8EE477A26
:10273000974DF0EE6E6AFEEECC6A984C2A782178BE
:1027400016EE903A5E42F6B2DBB258BF7342944E38
:1027500082EA021206EB8303D3ED006AD2B281EA69
:102760005103534083EA4203DBB227EE267A06EE9A
:10277000903AF8EE666A874A2370874B1478117096
:10278000F4EEC76A1A782A70F1EE10FA1C7040F164
:102790003182099BA4E7099B93F82530002B00F0B8
:1027A0002486F7EE007A77EEEE7AB8EE4C7ADFED1B
:1027B000846A0E9A67EE877A1FEE103AF4EEE67A94
:1027C000F1EE10FA1A4440F2C68700239A42BFF68F
:1027D00046AFF0EE6A8AFFF770BB099B93F824308E
:1027E000002B40F021860E991FEE102AA3F15533DD
:1027F0000A4403F1004383FB0231D317C3EB2113D7
:1028000003EB43031399B2EB431348BF60338D00CE
:102810006449654CA1FB03131399691804EBC101CA
:1028200001EBD301DB080693534203F0070302F0E8
:10283000070658BF5E42002E91F801E0B8BF083687
:102840004EFA06F3DB073FF506AF099BDFED576A4B
:1028500093ED067A37EE2E7ADFF834C1DFF83C913B
:102860009CF8002099F800104A4C82EA0212D2B279
:1028700081EA5103534083EA4203DBB207EE903A08
:10288000F8EE677A89F8003067EEA67A424B227834
:102890002170F4EEC77A19788CF80010F1EE10FA76
:1028A0001A7040F14C85139B3F4ADFED418AEB18CB
:1028B00002EBC303069A13440122B2404EEA02021D
:1028C0005A70099B93F821300B93FFF7F6BA099AD7
:1028D00092F82530D17853B1F6EE007AF4EEE7EABB
:1028E000F1EE10FAD4BF7EEEA7EA7EEEE7EAF8EE4C
:1028F0004C7A9FED337A0E9A67EEAE7A1FEE103A5D
:10290000F4EEC77AF1EE10FA1A4407D89FED2B7A4D
:10291000F4EEC77AF1EE10FA80F22B87002393428F
:1029200033D01CEE104AE31A013B93422DD0099B91
:102930005B7807EE901AD4E6099A92F82530D178A0
:102940001BB1F7EE007A77EEEEEAF8EE4C7A9FEDE7
:10295000197A0E9A67EEAE7A1FEE103AF4EEC77A45
:10296000F1EE10FA1A44D9D89FED137AF4EEC77A33
:10297000F1EE10FAD2DBB6EE007A67EE877AFDEE62
:10298000E77A17EE903A9342CBD1099B9B78D0E738
:102990006B0D0020690D00206A0D0020130000203F
:1029A000D0DC0108ABAAAAAAD81600208180803BFF
:1029B00000007F430000804F000080CF000000CF68
:1029C0000000004F0000004B000000CB099A92F875
:1029D0002530D1781BB1F7EE007A77EEEEEAF8EE0B
:1029E0004C7A1FED097A0E9A67EEAE7A1FEE103A16
:1029F000F4EEC77AF1EE10FA1A4407D81FED117AF7
:102A0000F4EEC77AF1EE10FA80F29F8600239A4224
:102A1000099BBBD05B788CE7099B93F82530002B92
:102A200000F02385F7EE007A77EEEE7AB8EE4C7A76
:102A30005FED1D6A0E9A67EE877A1FEE103AF4EE8C
:102A4000E67AF1EE10FA1A4440F2718600239A42B7
:102A5000FFF605AEF0EE6A8AFFF72FBA5FED277A30
:102A6000F4EEE7EAF1EE10FA00F293805FED2A7AD5
:102A7000F4EEE7EAF1EE10FAC0F28B80F0EE6E7A37
:102A8000FEEECC7ABA4A17EE903A5942C9B2DBB29E
:102A900058BF4B4202EB8302D2ED008AFFF70DBA1A
:102AA000099B93F82530002B00F0FE841CEE103AB1
:102AB000013323F001039BB207EE903AB7EE007AA0
:102AC00037EE6E7AF8EE677ADFEDAA6A0E9A67EE55
:102AD000877A1FEE103AF4EEE67AF1EE10FA1A4415
:102AE00040F21386002393423FF7B9AD1CEE101A53
:102AF000CB1A93427FF7B3ADF0EE6A8AFFF7DDB9E8
:102B0000099B93F82530002B00F0BB851CEE103A92
:102B1000013323F001039BB207EE903AB7EE007A3F
:102B200037EE6E7AF8EE677ADFED926A0E9A67EE0C
:102B3000877A1FEE103AF4EEE67AF1EE10FA1A44B4
:102B400040F2D185002393423FF743AE1CEE101AAA
:102B5000CB1A93427FF73DAEF7EE008AFFF7ADB98F
:102B6000F7EE008A78EEEE8AFFF7A7B9F0EE6E8AEC
:102B7000FFF7A3B9DFED807AB4EEE78AF1EE10FA41
:102B800007D8DFED7E7AB4EEE78AF1EE10FA80F234
:102B90004386DFED7B8AFFF790B9099BDFED766A0C
:102BA000DA78B4EEE68A07EE902A1A79F1EE10FA96
:102BB00007EE102A07D8DFED716AB4EEE68AF1EE6F
:102BC00010FA80F261836F4E6F4C33782178DFF812
:102BD000CCC16E4D83EA0313DBB281EA51025A4045
:102BE00082EA430222709CF800302A788CF80010A8
:102BF00032702B70099B5B7873E53A78212A3FF697
:102C0000B3A901A151F822F013220108691F01089C
:102C1000691F0108691F0108691F0108691F010870
:102C2000691F0108691F0108691F0108691F010860
:102C3000691F0108691F0108691F0108691F010850
:102C4000691F0108691F0108B9210108912C0108B9
:102C5000691F0108691F0108691F0108691F010830
:102C6000691F0108691F0108691F0108691F010820
:102C7000691F0108691F0108691F0108691F010810
:102C8000691F0108691F0108572101087520010803
:102C90003F4B611CA3FB04C2A3FB01C3D208DB08AA
:102CA00003EB430302EB4202A1EB8301A4EB82029C
:102CB0007B1C9A5C595C07EE102A97F825201AB104
:102CC000F7EE006A76EEEEEAF7EE006A86EE8E6ABE
:102CD000B0EE6E0AADEE860AB8EE477ADFED2D6AE9
:102CE000A0EE0D7AB4EEE67AF1EE10FA3FF68CAA79
:102CF000DFED296A07EE901AB4EEE67AF1EE10FAEB
:102D0000F8EE677AFFF624AA214AA11CA2FB01C2B1
:102D1000D20802EB4202A1EB8202BDEEC77A9B5CB5
:102D2000134A06EE903A17EE103A5942C9B2DBB296
:102D3000F8EE666A58BF4B4202EB830276EEE76A12
:102D400092ED007AE7EE267AFFF702BA18EE102A23
:102D5000002393427FF487AAF0EE477AFFF706B983
:102D6000F0EE488AFFF7A9B8F0EE6C8AFFF7A5B835
:102D7000D0DC01080000804F0000004B000000CBB9
:102D8000000000006B0D0020130000206A0D0020E1
:102D9000ABAAAAAA0000004F000000CF690D0020D6
:102DA000CF4BD04A1B78DFF85CE39FEDCF6A83EA14
:102DB00003135FFA83FC711CA2FB0603DB08A2FB72
:102DC0000102D20803EB4303A6EB830302EB4202AA
:102DD000A1EB820218467B1C9EF80010185C9B5CDD
:102DE000C24A06EE903A81EA51038CEA030383EA71
:102DF0004C03DBB207EE103A07EE900AF8EE666A73
:102E0000F8EE677AB8EE477A76EEE76A27EE067A4A
:102E10008EF80030E6EE877AB54B92F800C011705C
:102E200067EE8A7AAE491A780A70F4EECD7AF1EE3E
:102E300010FA83F800C000F22E82F5EEC07AF1EEAF
:102E400010FAC0F22882FCEEE77ACDED037A9DF805
:102E50000C20A44BA3FB0513DB08129903EB4303DF
:102E6000A5EB83030B445A7097F82100FFF784B950
:102E7000F8EE487AFFF76CB9252C3FF6F0AB01A3CA
:102E800053F824F0D32701087D320108B13101083D
:102E900041320108573101085F2601085F26010809
:102EA0005F2601085F2601085F2601085F260108EA
:102EB0005F2601085F2601085F2601085F260108DA
:102EC0005F2601085F260108612D01084F300108C7
:102ED000133001080D3101085F2601085F26010843
:102EE0005F2601085F2601085F2601085F260108AA
:102EF0005F2601085F2601085F2601085F2601089A
:102F00005F260108752B01089D2601089B2B0108EF
:102F1000C92F0108812F01081D2F0108099A92F875
:102F20002530D27807EE902A53B1B6EE007AB4EE8F
:102F3000C78AF1EE10FAD4BF38EE078A38EE478A16
:102F40002EEE088A9FED6B7AB4EEC78AF1EE10FA86
:102F500007D89FED697AB4EEC78AF1EE10FA80F2D5
:102F6000658400231FEE102A93423FF412AC049AAA
:102F7000D31A1FEE102A013B93427FF43BAE08E4C4
:102F8000099A92F82530D27807EE902A1BB1B7EE55
:102F9000007A37EE488A2EEE088A9FED5B7AB4EE0F
:102FA000C78AF1EE10FADCD89FED547AB4EEC78AE6
:102FB000F1EE10FAD5DBB6EE007A28EE078ABDEE08
:102FC000C87A17EE103ACDE7099A92F82530D278F0
:102FD00007EE902A1BB1B7EE007A37EE488A2EEE44
:102FE000088A9FED447AB4EEC78AF1EE10FA07D84A
:102FF0009FED417AB4EEC78AF1EE10FA80F21084A8
:1030000000231FEE102A9342099B7FF4F4ADFFF7D3
:1030100067BB099B93F82530002B00F0CD82F7EEBB
:10302000007A77EEC87A9FED337A67EE8E7AF4EE07
:10303000C77AF1EE10FA40F2C48300231FEE102A83
:1030400093423FF7C6ABF7EE008AFEF736BF099B07
:1030500093F82430002B40F0A6811FEE102AA3F134
:10306000553303F1004383FB02321FEE103ADB17A6
:10307000C3EB22131FEE102A03EB4303B2EB4313FF
:10308000139A48BF60339500164A1D49A2FB0323DB
:10309000139AAA1801EBC20202EBD302DB080693D3
:1030A0001FEE103A92F801E05B421FEE102A03F087
:1030B000070302F0070658BF5E42002EB8BF08366D
:1030C0004EFA06F313F0010F099B7FF4C5AA93EDA6
:1030D000067ADFED056A37EE087AFFF7BDBB00BF61
:1030E0006B0D0020ABAAAAAA8180803B690D00204D
:1030F0006A0D00200000004F000000CF000080CFCC
:10310000D8160020130000200000804F099B93F880
:103110002530002B00F06B82049B5FED056A0133C4
:1031200003F4FF7307EE903AB7EE007A37EE487A71
:10313000F8EE677A67EE877AF4EEE67AF1EE10FA47
:1031400040F22E8300231FEE102A93423FF741AB3B
:10315000049AD31A89E0099B93F82530002B00F0DC
:10316000E781049B5FED186A013303F4FF7307EEF8
:10317000903AB7EE007A37EE487AF8EE677A67EE63
:10318000877AF4EEE67AF1EE10FA40F23483002307
:103190001FEE102A93423FF762AA049AD31A1FEE39
:1031A000102A93427FF75BAAF0EE6A8AFEF785BE8B
:1031B000099B93F82430002B40F0D3801FEE102A97
:1031C000A3F1553303F1004383FB02321FEE103AA3
:1031D000DB17C3EB22131FEE102A03EB4303B2EB02
:1031E0004313139A48BF60339500C84AC849A2FBED
:1031F0000323139AAA1801EBC20202EBD302DB08E5
:1032000006931FEE103A92F801E05B421FEE102A7F
:1032100003F0070302F0070658BF5E42002EB8BF56
:1032200008364EFA06F313F0010F099B40F0888030
:1032300093ED067ADFEDB76A37EE087AFFF7E4B967
:10324000099B93F82530002B00F09B81F7EE007A64
:1032500077EEC87A9FEDB27A67EE8E7AF4EEC77A8F
:10326000F1EE10FA40F2BA8200231FEE102A9342C8
:103270007FF7AFAAF7EE008AFEF71FBEF7EE008ACF
:1032800078EEC88AFEF719BEB8EE477AA24DF0EE86
:10329000486AFFF750BA0022DBE507EE902AF8EE05
:1032A000677AFEF763BEDFED9F6A07EE90CAB4EE61
:1032B000E67AF1EE10FAF8EE677ABFF625ADFEF782
:1032C00047BFB4EEE77AF1EE10FA1FD90023C9ED3B
:1032D000047A89F82430FFF7A4B8099AB4EEE77AA3
:1032E0000123F1EE10FA82F823301CD9099A002349
:1032F000C2ED047A82F82430FFF7B3B8B4EEE77A6F
:10330000F1EE10FAE2D8002B7FF481A8002389F8AF
:103310002130FFF786B8B4EEE77AF1EE10FAE5D87F
:10332000002B3FF49AA8099A4FF07E53536140F264
:103330000113C2ED04AAA2F82330FFF792B8099B4B
:1033400093F821300B93F0EE6A8AFEF7B6BD91F840
:1033500021300B9399F82130CDF808C00393FFF783
:1033600031B86E4A1FEE103A1FEE101ADB1782FBBF
:103370000141C3EB21131FEE101A03EB4303B1EB22
:10338000431300F17A82139C614D82FB0312D9171B
:10339000C1EB620104EB840205EBC2020A44002186
:1033A0005170A50021E75D4A1FEE103A1FEE101A7A
:1033B000DB1782FB0141C3EB21131FEE101A03EB55
:1033C0004303B1EB431300F14882139C504D82FB41
:1033D0000312D917C1EB620104EB840205EBC202B0
:1033E0000A4400215170A5004EE6F8EE4C7A9FED9C
:1033F0004C7A0E9967EEAE7A1FEE102AF4EEC77A79
:10340000F1EE10FA0A440AD89FED467AF4EEC77A34
:10341000F1EE10FAA4BFFDEEE77A17EE903A9A4269
:103420007FF71DA9FFF7D5B91FEE103A0E9A3B4959
:103430009A1881FB0234D317C3EB241303EB430325
:10344000B2EB431300F1F881139D314E81FB034130
:10345000DC17C4EB610405EB850106EBC1012144D7
:1034600000244C70AD00FFF7D3B9F8EE4C7A9FED15
:103470002C7A0E9967EEAE7A1FEE102AF4EEC77A18
:10348000F1EE10FA0A440AD89FED267AF4EEC77AD4
:10349000F1EE10FAA4BFFDEEE77A17EE903A9A42E9
:1034A0007FF797A9FFF7DBB81CEE102A013222F054
:1034B000010292B207EE902AF8EE677A9FED1A7A2F
:1034C0000E9967EEAE7A1FEE102AF4EEC77AF1EE8F
:1034D00010FA0A440ED89FED157AF4EEC77AF1EE91
:1034E00010FA07DBB6EE007A67EE877AFDEEE77A30
:1034F00017EE903A9342BFF66CA91CEE101ACB1A45
:10350000013B93427FF765A9FFF7A9B8ABAAAAAA26
:10351000D81600208180803B6B0D0020ABAAAA2A20
:103520000000004F000000CF0000804F000080CF5F
:10353000049A1FED037A013202F4FF7207EE902A1B
:10354000F8EE677A67EE887AF4EEC77AF1EE10FA51
:103550000ED81FED0A7AF4EEC77AF1EE10FA07DB07
:10356000B6EE007A67EE877AFDEEE77A17EE903ACC
:103570001FEE102A9342BFF62CA9049AD31A013BDE
:1035800073E62EEE088A5FED1A7AB4EEE78AF1EE62
:1035900010FA0AD85FED1D7AB4EEE78AF1EE10FA60
:1035A000A4BFFDEEC87A17EE903A1FEE102A9342A0
:1035B000BFF60FA9FFF753B82EEE088A5FED287A01
:1035C000B4EEE78AF1EE10FA0AD85FED2A7AB4EE8B
:1035D000E78AF1EE10FAA4BFFDEEC87A17EE903A32
:1035E0001FEE102A9342BFF63AA8FFF7F2B8049AEA
:1035F0001FED337A013202F4FF7207EE902AF8EEE3
:10360000677A67EE887AF4EEC77AF1EE10FA0ED890
:103610001FED3A7AF4EEC77AF1EE10FA07DBB6EE58
:10362000007A67EE877AFDEEE77A17EE903A1FEEA2
:10363000102A9342BFF613A8049AD31A013BFDE463
:103640001FEE103A0E9A95499A1881FB0234D3174F
:10365000C3EB241303EB4303B2EB431300F18F805E
:10366000139D8F4E81FB0341DC17C4EB610405EB16
:10367000850106EBC101214400244C70AD00FEF72A
:103680009FBF1CEE102A013222F0010292B207EE17
:10369000902AF8EE677A9FED837A0E9967EEAE7AFC
:1036A0001FEE102AF4EEC77AF1EE10FA0A440ED893
:1036B0009FED7D7AF4EEC77AF1EE10FA07DBB6EEF5
:1036C000007A67EE877AFDEEE77A17EE903A93423A
:1036D000BEF6C5AF1CEE101ACB1A013B93427EF723
:1036E000BEAFFFF776B89FED707AF4EEC77AF1EED1
:1036F00010FAFFF627AAB6EE007A67EE877AFDEE9B
:10370000E77A17EE903AFFF71EBA9FED677AF4EE6C
:10371000C77AF1EE10FAFFF6E5A9B6EE007A67EE89
:10372000877AFDEEE77A17EE903AFFF7DCB99FED66
:103730005F7AF4EEC77AF1EE10FAFFF687A9FDEE94
:10374000E77A17EE903AFFF782B9FDEEE77A17EEC7
:10375000903AFFF75CB99FED557AF4EEC77AF1EE37
:1037600010FAFFF632A8FDEEE77A17EE903AFFF76F
:103770002DB8FDEEE77A17EE903AFFF7D0B8139D1B
:103780004B49474E6033A1FB031405EB850106EB63
:10379000C10101EBD40100244C70AD00FEF710BF55
:1037A0009FED417AF4EEC77AF1EE10FAFFF6CAAC5B
:1037B000B6EE007A67EE877AFDEEE77A17EE903A7A
:1037C000C1E49FED3A7AF4EEC77AF1EE10FAFFF613
:1037D00034ACFDEEE77A17EE903A2FE49FED337AA2
:1037E000F4EEC77AF1EE10FAFFF63EADFDEEE77AA1
:1037F00017EE903A39E59FED2C7AF4EEC77AF1EEA8
:1038000010FAFFF6C4ACB6EE007A67EE877AFDEEEA
:10381000E77A17EE903ABBE4F0EE487AFFF730B95A
:10382000BDEEC87A17EE103AFFF7EBBBBDEEC87AD3
:1038300017EE103AFFF796BB139D1D49184E6033E3
:10384000A1FB031405EB850106EBC10101EBD401DB
:1038500000244C70AD00FEF7DBBF139C144A104DE2
:103860006033A2FB032104EB840205EBC20202EBEE
:10387000D10200215170A50006E4139C0C4A084DAA
:103880006033A2FB032104EB840205EBC20202EBCE
:10389000D10200215170A500A7E400BFABAAAA2A5B
:1038A000D81600200000804F000080CF000000CF1D
:1038B000ABAAAAAA2DE9F04F2DED108BDFF888C234
:1038C000994A9A499A4CDFED9BCADFED9BAADFF833
:1038D0007C929BB0002312919E4614930493194648
:1038E00066469246608894F804C062780D920CEEA9
:1038F000100A924894ED02AA96ED009A96ED01EA1C
:10390000A0FB0C02307A0A909AF8200001906427FC
:103910001298520907FB12C212F0FF0C90F82070A7
:103920000C9701F0D482149A7F4D90F821000B90EF
:1039300002EB820205EBC2050D9A9AF8210013955D
:1039400000270090049D1894501E02EB4202199625
:10395000039708900292CDF854C0BE4698463C4664
:103960008B465646764BCDF838E013F81520069274
:1039700003EB450396445B780793002A00F0F2823C
:1039800007EE902AF8EE67DA07EE904A3346F8EE33
:10399000E79A46469846079B6A48129F11944FF053
:1039A000010ACDE90FE529EE2DBA6EEE2DBAF1EE42
:1039B000699AF0EE4EFACDF810A0002B40F09C82F0
:1039C000049B013B0FEE103AB5EEC0AAF1EE10FADF
:1039D000B8EECFDA40F39D82B4EECDBAF1EE10FA34
:1039E00000F26383F4EECDBAF1EE10FACCBF0123FE
:1039F00000230A9A9A4200F08C820C9B002B00F064
:103A000056833C780B9BB7EE008A102C2CBFB0EE8F
:103A10006AEAB0EE48EA38BFB0EE6A8AEBB1D7ED99
:103A2000077AD7ED048A97F82330E9EEA78A33B1F5
:103A3000B0EE680A0AF0EAF8424878EEC08AF5EE7D
:103A4000C08AF1EE10FA00F11487F7EE007AF4EE76
:103A5000E78AF1EE10FA40F38087089B013300F00B
:103A600040820024F7EE008A0825A246099725E047
:103A7000F5EEC07AF1EE10FA40F31583FCEEE77A2A
:103A80000123CDED057A03939DF8143000F80B3037
:103A90009F4218BF01260BF10103A9FB032B4FEA3C
:103AA0001B2B4FF4166202FB1B3B029B03349C4210
:103AB00005F101050AF1020A00F01282019A10F8DC
:103AC0000B70A5F10803002A42D0009AE2B1D8EDAC
:103AD000077A98ED040A98F82320A7EEA90AF0EED9
:103AE00040EA32B105930AF091F81648059B7EEE44
:103AF000C0EAF5EEC0EAF1EE10FA05D4F4EEE8EA19
:103B0000F1EE10FA40F3FD8507EE907AF8EE677A51
:103B100068EE277AF4EEEC7AF1EE10FAA8DD0122D5
:103B2000FF230392B2E700BF68180020D8160020D8
:103B30008C00002000007F43000000001F85EB5137
:103B4000F8190020780D002014000020B5814E1BCC
:103B5000009A002AD8D098F82320D8ED04EA42B180
:103B6000B0EE6E0A05930AF051F8D548059B7EEE3B
:103B7000C0EAF5EEC0EAF1EE10FAC5D4F4EEE8EAD8
:103B8000F1EE10FAC0DC98F80020212ABCD801A17F
:103B900051F822F0BD3D0108093B0108093B01082D
:103BA000093B0108093B0108093B0108093B0108E1
:103BB000093B0108093B0108093B0108093B0108D1
:103BC000093B0108093B0108093B0108093B0108C1
:103BD000093B0108613D0108453E0108093B010818
:103BE000093B0108093B0108093B0108093B0108A1
:103BF000093B0108093B0108093B0108093B010891
:103C0000093B0108093B0108093B0108093B010880
:103C1000093B0108013D01081D3C0108A94ADFF8E4
:103C2000B8E213789EF80010169183EA0313DBB212
:103C300081EA5101594081EA4301D8ED067ADFF863
:103C40009CC2DFEDA16ACBB2B3EE097A67EE877A48
:103C500007EE103AB8EE477A179327EE267A8EF8D9
:103C600000309CF8003013700593984B169A197821
:103C70008CF80010B4EEE77AF1EE10FA1A7000F248
:103C80006686904A1170169A8CF80020179A1A705E
:103C9000059B83EA0313DBB283EA4303534083EAC1
:103CA0005203DBB207EE903A8EF80030884B0AF1EF
:103CB0000101A3FB0AC2A3FB01C3D208DB0802EB8C
:103CC000420203EB4303A1EB8303AAEB820208F158
:103CD0000101B8EE677A8A5CCB5C27EE267A07EEA4
:103CE000902A06EE903AF8EE677AF8EE666A76EE7B
:103CF000E76AE6EE877A67EE8A7A6AEE277A07E75E
:103D000098F82430002B40F0B885714AA2FB0523B7
:103D1000DB08139A03EB4303A5EB830313445A78A0
:103D200007EE907A9742F8EE677A3FF4F1AEB7EE7D
:103D3000007A98ED066A37EE6E7AB4EEC76AF1EE55
:103D400010FA01F2728006EE902AF8EE666A76EEBC
:103D5000E76A66EE866A86EE876A77EE867AD7E647
:103D60005B4B611CA3FB04C2A3FB01C3D208DB08AD
:103D700003EB430302EB4202A1EB8301A4EB8202BB
:103D800008F101039A5C595C07EE102A98F8252087
:103D90001AB1F7EE006A76EEEEEAB8EE477ADFED9A
:103DA0004D6AAEEEAC7AB4EEE67AF1EE10FA40F27D
:103DB000268507EE901AF8EE677A9EE7444AA2FB42
:103DC0000312D20802EB4202A3EB8203139A1344BC
:103DD00007EE907A5B78B8EE677A07EE903AF8EEE5
:103DE000677A67EE8A7AF4EEEC7AF1EE10FA00F276
:103DF0003485F5EEC07AF1EE10FAC0F22E85FCEEB5
:103E0000E76ACDED056A9DF81430BB4200F02985C4
:103E100098F82230002B7FF47BAEF7EE006A98ED25
:103E2000066A76EEEE6AB4EEE66AF1EE10FA3FF656
:103E30006FAE77EEC77A67EE867A87EEA66A76EE81
:103E4000077A65E6224B611CA3FB04C2A3FB01C3F6
:103E5000D208DB0803EB430302EB4202A1EB830130
:103E6000A4EB820208F101039A5C13F801C007EE8B
:103E7000102A98F825201AB1F7EE006A76EEEEEADD
:103E80001FEE102A0E999FED135A0A4405EE902A50
:103E9000B8EE4C6AF8EEE55AB8EE477AC5EE866A97
:103EA00076EEAE6AA6EEAC7AB4EEC57AF1EE10FA12
:103EB00040F2C18707EE90CAF8EE677A1DE700BFAF
:103EC000780D00206B0D00208180803B690D002063
:103ED000ABAAAAAA0000004F130000206A0D002020
:103EE000099F049A06998A4202F1010332D0049391
:103EF000079B002B3FF464AD069B049A9B1A0FEEC0
:103F0000103AB5EEC0AAF1EE10FAB8EECFDA3FF7EC
:103F100063AD089B0133E4D000230D9D1C464FF494
:103F2000166110F80B2000F80B40002A0BF101027B
:103F300003F10103A9FB02CB18BF01264FEA1B2B9B
:103F4000AB4201FB1B2BECD1049A06998A4202F189
:103F50000103CCD1DDE90FE54346119CB046B0EE3C
:103F60006FEA1E46964A6B1CA2FB03125509642297
:103F700002FB1535159B0134A3427FF4F3ACB24626
:103F8000189C199E049559464346227B0398824209
:103F900002D0012220736273009A2AB3DAED047A08
:103FA000DAED066A9AED057A9AF8222077EEA67A7B
:103FB000F5EEC07AF1EE10FAC0F27C87002A00F02C
:103FC0004887B4EEE77A0122F1EE10FA8AF823204E
:103FD00000F244874FF07E52CAF8142040F20112DA
:103FE000CAED04AAAAF823200B9AEAB1129AD2EDDC
:103FF000047AD2ED066A92ED057A92F8222077EEE5
:10400000A67AF5EEC07AF1EE10FAC0F23F87002AE8
:1040100040F02B87B4EEE77AF1EE10FA00F22E872B
:104020001298002280F82120149A12980132283028
:104030000A2A149204F1100406F10C060AF1280A67
:1040400012907FF44FACB1F5166F8B4608DA5D48DD
:104050000093C1F516625844002109F063FC009BEF
:10406000002B00F0FB87574A574B1278574C584D9E
:10407000584E03EB02130FCBAC6084E80F00012411
:1040800055483480002104F053FE214653482A4607
:1040900003F078FB514821461BB0BDEC108BBDE806
:1040A000F04F03F0C3BB0023F0E40023A1E43C780D
:1040B0000B9BB7EE008A102C2CBFF0EE6A8AF0EE54
:1040C000488A38BFB0EE6A8A002B3FF4C6AC97F836
:1040D0002330D7ED04EA33B1B0EE6E0A09F096FD55
:1040E00038487EEEC0EAF5EEC0EAF1EE10FA00F1D3
:1040F000BC83F7EE007AF4EEE7EAF1EE10FA3FF750
:10410000ACAC252C2AD8DFE814F0E0001F024302F3
:104110008E01C30129002900290029002900290056
:10412000290029002900290029002900B402E400FF
:10413000C300600229002900290029002900290064
:1041400029002900290029002900AF012C0077004F
:104150008F02F201590197F821300B93B7EE008AD4
:104160007BE4DFF888C01E4C9CF8003021781D4DA0
:1041700083EA0313DBB281EA51025A4082EA430226
:104180005FFA82FE184B2A7884F800E03C792970A7
:1041900019781A70FB788CF80010744507EE903A85
:1041A00040F2AD82BB78F8EE677A07EE103AF7EE90
:1041B000006AB8EE477A77EEA67A87EE278A4CE453
:1041C0001F85EB51780D0020F0E30108C41A002090
:1041D0002C010020C01A00200004014000640240AD
:1041E00013000020690D00206A0D00206B0D0020D7
:1041F0000000004B000000CBFB785FED036A07EE88
:10420000903AF4EEE6EA3B79F1EE10FA07EE103A56
:1042100000F25B825FED096AF4EEE6EAF1EE10FA75
:10422000C0F25382B8EE477ADFF848C3F0EE6E6A08
:10423000FEEECC6A9CF80030C64D16EE902A83EA5A
:104240000313D9B25342DBB2D2B258BF5A42C24B67
:104250002C7803EB8203D3ED006AC04A84EA54034E
:104260004B4083EA4103DBB227EE267A06EE903A12
:10427000F8EE666A2B70BA4B11781470F4EEC76AC8
:104280001A788CF80020F1EE10FA19708AD436E210
:1042900097F82530002B00F02486F7EE007A77EEB1
:1042A000EE7AB8EE4C7ADFEDB56A0E9A67EE877A51
:1042B0001FEE103AF4EEE67AF1EE10FA1A4441F2EB
:1042C0006D8000239A42BFF649AFB0EE6A8AFFF7CD
:1042D000C4BB97F82430002B40F09E861FEE102AB6
:1042E0000E99A3F15533541803F1004383FB0432B4
:1042F000E317C3EB221303EB4303B4EB431301F1C6
:104300005B80149A4FEA820A964A9749A2FB0323DC
:10431000149A524401EBC20202EBD302DB08099368
:1043200053780593634203F0070304F0070C58BF6A
:10433000C3F1000CBCF1000F059BB8BF0CF1080CD9
:1043400043FA0CF3DB073FF506AFDFF828E2814CB8
:104350009EF80020217897ED067ADFED846A7F4D84
:1043600082EA0212D2B281EA5103534083EA420345
:10437000DBB207EE903AF8EE677A37EE2E7A67EE08
:10438000A67A2370764B2A782970F4EEC77A1978CA
:104390008EF80010F1EE10FA1A7040F11085149B9F
:1043A000714A0599534402EBC303099A134401224D
:1043B00002FA0CF21143597000F065BC97F82530F1
:1043C000F97853B1F6EE007AF4EEE7EAF1EE10FA7E
:1043D000D4BF7EEEA7EA7EEEE7EAF8EE4C7A9FEDD8
:1043E000677A0E9A67EEAE7A1FEE103AF4EEC77A4D
:1043F000F1EE10FA1A4407D89FED617AF4EEC77A0D
:10440000F1EE10FA81F211800023934200F09A80BD
:104410001CEE104AE31A013B934200F093807B7834
:1044200007EE901ABFE697F82530002B00F0AB8618
:10443000F7EE007A77EEEE7AB8EE4C7ADFED4F6A5F
:104440000E9A67EE877A1FEE103AF4EEE67AF1EEF6
:1044500010FA1A4440F2DB8700239A42FFF67EAE40
:10446000B0EE6A8AFFF7F9BADFED477AF4EEE7EAD1
:10447000F1EE10FA00F21081DFED447AF4EEE7EA93
:10448000F1EE10FAC0F20881F0EE6E7A00F05DBF36
:1044900097F82530002B00F05B851CEE103A0133B5
:1044A00023F001039BB207EE903AB7EE007A37EEA5
:1044B0006E7AF8EE677ADFED306A0E9A67EE877AE9
:1044C0001FEE103AF4EEE67AF1EE10FA1A4440F2DA
:1044D000B887002393423FF741AE1CEE101ACB1A67
:1044E00093427FF73BAEB0EE6A8AFFF7B6BA97F811
:1044F0002530F9781BB1F7EE007A77EEEEEAF8EEA8
:104500004C7A9FED1D7A0E9A67EEAE7A1FEE103A46
:10451000F4EEC77AF1EE10FA1A443FF675AF9FED4C
:10452000147AF4EEC77AF1EE10FAFFF66DAFB6EE3C
:10453000007A67EE877AFDEEE77A17EE903A9342BB
:104540007FF466AFBB786BE7B7EE008A38EE6E8A11
:10455000FFF783BA13000020D0DC0108690D0020AA
:104560006A0D0020ABAAAAAAD81600208180803B41
:10457000000080CF6B0D00200000804F0000004F36
:10458000000000CF000000000000004B000000CB46
:1045900097F82430002B40F015861FEE102A0E9954
:1045A000A3F15533541803F1004383FB0432E3179E
:1045B000C3EB221303EB4303B4EB431300F1538724
:1045C000149A4FEA820A00F01DBE97F82530002B9E
:1045D00000F0F0841CEE103A013323F001039BB28B
:1045E00007EE903AB7EE007A37EE6E7AF8EE677A19
:1045F0005FED1F6A0E9A67EE877A1FEE103AF4EEAF
:10460000E67AF1EE10FA1A4440F2EF860023934264
:104610003FF75BAE1CEE101ACB1A93427FF755AEF4
:10462000B7EE008AFFF719BA97F82530F9781BB171
:10463000F7EE007A77EEEEEAF8EE4C7A1FED317A7B
:104640000E9A67EEAE7A1FEE103AF4EEC77AF1EEEC
:1046500010FA1A4407D81FED367AF4EEC77AF1EE55
:1046600010FA80F2E88600239A427FF4D8AEBB7835
:10467000D6E6B0EE6E8AFFF7F0B95FED3D7AF4EE64
:10468000E78AF1EE10FA07D85FED407AF4EEE78A98
:10469000F1EE10FA80F257861FED468AFFF7DDB97A
:1046A000FB785FED476A07EE903AF4EEE68A3B79D5
:1046B000F1EE10FA07EE103A07D85FED4C6AF4EE0F
:1046C000E68AF1EE10FA80F2A683DFF844C3CC4DFF
:1046D0009CF800302978CB4CDFF83CE383EA0313E5
:1046E000DBB281EA51025A4082EA43022A702378FF
:1046F0009EF8002021708CF800208EF800307B7826
:1047000051E598F80020212A3FF6FEA901A151F8B1
:1047100022F000BFBD3D0108093B0108093B01082B
:10472000093B0108093B0108093B0108093B010855
:10473000093B0108093B0108093B0108093B010845
:10474000093B0108093B0108093B0108093B010835
:10475000093B0108613D01089D470108093B01082B
:10476000093B0108093B0108093B0108093B010815
:10477000093B0108093B0108093B0108093B010805
:10478000093B0108093B0108093B0108093B0108F5
:10479000093B0108013D01081D3C01089A4B611CC1
:1047A000A3FB04C2A3FB01C3D208DB0803EB430352
:1047B00002EB4202A1EB8301A4EB820208F10103A8
:1047C0009A5C595C07EE102A98F825201AB1F7EE8A
:1047D000006A76EEEEEAF7EE006A86EEAD6AB0EEBB
:1047E0006E0AADEE060AB8EE477ADFED8F6AA0EEEC
:1047F0002C7AB4EEE67AF1EE10FA3FF6DAAADFEDA3
:10480000886A07EE901AB4EEE67AF1EE10FAF8EE46
:10481000677AFFF672AA7C4AA11CA2FB01C2D208E9
:1048200002EB4202A1EB8202BDEEC77A9B5C7749A4
:1048300006EE903A17EE103A5A42D2B2DBB2F8EED8
:10484000666A58BF534201EB830176EEE76A91ED49
:10485000007AE7EE267AFFF750BA0023BB427FF4D6
:10486000D7AAF0EE477AFFF753B9B0EE688AFFF7A0
:10487000F4B8B0EE4E8AFFF7F0B8654B624A1B7889
:104880009FED646A0AF1010183EA03135FFA83FE74
:10489000A2FB0AC3A2FB01C2DB08D20803EB43035D
:1048A00002EB4202A1EB820208F1010C5449AAEB8F
:1048B000830309781CF803301CF802C0504A07EE45
:1048C000903A81EA51038EEA030383EA4E03DBB296
:1048D00006EE90CA07EE103AF8EE677AF8EE666ACE
:1048E000B8EE477A76EEE76A27EE067A1370E6EEC0
:1048F000877A444A484B92F800C0117067EE8A7A72
:1049000043491A780A70F4EEEC7AF1EE10FA83F863
:1049100000C000F28882F5EEC07AF1EE10FAC0F223
:104920008282FCEEE77ACDED007A9DF80020364BCE
:10493000A3FB0513DB08139903EB4303A5EB8303E8
:104940000B445A7098F821300093FFF7E9B907EE4D
:10495000907AF8EE677AFFF7D0B9252C3FF6FEABD8
:1049600001A353F824F000BFCB420108CD4D01084C
:104970009B4B0108D94D0108954C01085D41010888
:104980005D4101085D4101085D4101085D4101088B
:104990005D4101085D4101085D4101085D4101087B
:1049A0005D4101085D4101085D4101086B48010856
:1049B000ED4C0108614B0108194B01085D410108EC
:1049C0005D4101085D4101085D4101085D4101084B
:1049D0005D4101085D4101085D4101085D4101083B
:1049E0005D4101085D4101087B4601086341010802
:1049F000A1460108D74A0108914A01082D4A010839
:104A000013000020690D0020ABAAAAAAD0DC01087F
:104A10006B0D00208180803B6A0D0020000080CF5C
:104A2000000000CF0000804F0000004FFA7897F898
:104A3000253007EE902A53B1B6EE007AF4EEC78A1D
:104A4000F1EE10FAD4BF78EE878A78EEC78A6DEE61
:104A5000A88A1FED0B7AF4EEC78AF1EE10FA07D898
:104A60001FED117AF4EEC78AF1EE10FA80F27D8420
:104A700000231FEE102A93423FF494AB069AD31AF8
:104A8000013B1FEE102A93427FF439AEFFF78ABB39
:104A9000FA7897F8253007EE902A1BB1B7EE007A26
:104AA00077EE688A6DEEA88A1FED227AF4EEC78A47
:104AB000F1EE10FADCD81FED277AF4EEC78AF1EE9A
:104AC00010FAD5DBB6EE007A68EE878ABDEEE87A9A
:104AD00017EE103ACDE7FA7897F8253007EE902ACE
:104AE0001BB1B7EE007A77EE688A6DEEA88A1FEDEB
:104AF000327AF4EEC78AF1EE10FA00F28A811FEDE5
:104B0000387AF4EEC78AF1EE10FAC0F28281BDEE77
:104B1000E87A17EE103AB4E797F82530002B00F04A
:104B2000E082069B5FED416A013303F4FF7307EEF9
:104B3000903AB7EE007A37EE687AF8EE677A67EE69
:104B4000877AF4EEE67AF1EE10FA40F2CD83002394
:104B50001FEE102A93423FF7B8AB069AD31A4FE1E3
:104B600097F82530002B00F07483F7EE007A77EE8B
:104B7000E87A1FED537A67EEAD7AF4EEC77AF1EE7C
:104B800010FA40F2A48300231FEE102A93423FF74D
:104B90009CABB7EE008AFEF760BF97F82430002B7D
:104BA00040F061821FEE102AA3F1553303F1004358
:104BB00083FB02321FEE103ADB17C3EB22131FEE0A
:104BC000102A03EB4303B2EB4313149A48BF60333C
:104BD0004FEA820AD24AD349A2FB0323149A5244D1
:104BE00001EBC20202EBD302DB0805931FEE103A81
:104BF00092F801E05B421FEE102A03F0070302F077
:104C0000070C58BFC3F1000CBCF1000FB8BF0CF18A
:104C1000080C4EFA0CF3DC0700F1D18097ED067A10
:104C2000DFEDC16A37EE287AC04BC14C1A78217883
:104C3000C04D82EA0212D2B281EA5103534083EAA4
:104C40004203DBB207EE903AF8EE677A237067EE24
:104C5000A67AB94BB54C2A782970F4EEC77A197840
:104C60002170F1EE10FA1A707FF575AA149BAD4A07
:104C7000534402EBC303059A1344012202FA0CF2D7
:104C80004EEA02025A7097F821309FEDAC8A0B93DE
:104C9000FEF7E3BE97F82530002B00F04B82069B11
:104CA000DFEDA96A013303F4FF7307EE903AB7EE24
:104CB000007A37EE687AF8EE677A67EE877AF4EE74
:104CC000E67AF1EE10FA40F22D8300231FEE102A4F
:104CD00093423FF743AA069AD31A1FEE102A934233
:104CE0007FF73CAAB0EE6A8AFEF7B7BE97F8243089
:104CF000002B40F0C9821FEE102AA3F1553303F1B7
:104D0000004383FB02321FEE103ADB17C3EB221382
:104D10001FEE102A03EB4303B2EB4313149A48BF70
:104D200060334FEA820A7E4A7E49A2FB0323149A2B
:104D3000524401EBC20202EBD302DB0805931FEEE3
:104D4000103A92F801E05B421FEE102A03F00703CD
:104D500002F0070C58BFC3F1000CBCF1000FB8BF44
:104D60000CF1080C4EFA0CF3D9073FF5F4A96F4B80
:104D70006F4C1A78217897ED067ADFED6B6A6D4DEE
:104D800082EA0212D2B281EA5103534083EA42031B
:104D9000DBB207EE903AF8EE677A37EE287A67EEE4
:104DA000A67A2370644B614C2A782970F4EEC77A96
:104DB00019782170F1EE10FA1A703FF557AF97F895
:104DC00021300B93B0EE6A8AFEF747BEB7EE008A39
:104DD00038EE688AFEF741BE97F82530002B00F0C8
:104DE0006581F7EE007A77EEE87A9FED557A67EE07
:104DF000AD7AF4EEC77AF1EE10FA40F28682002323
:104E00001FEE102A93427FF760AAB7EE008AFEF7E2
:104E100024BE002335E6B8EE477ADFF810C1F0EE85
:104E2000686AFFF705BA002281E507EE902AF8EEDE
:104E3000677AFEF76DBEDFED436A07EE90CAB4EE07
:104E4000E67AF1EE10FAF8EE677ABFF6E4ACFEF718
:104E500054BFB4EEE77AF1EE10FA33D90022CAED6E
:104E6000047A8AF82420FFF7BFB81298B4EEE77AE4
:104E70000122F1EE10FA80F823200FD912980022B7
:104E8000C0ED047A80F82420FFF7CEB8B4EEE77ABC
:104E9000F1EE10FAF2D8002A3FF4C2A812984FF0AF
:104EA0007E52426140F20112C0ED04AAA0F8232014
:104EB000FFF7BAB8B4EEE77AF1EE10FACED8002ACE
:104EC0007FF488A800228AF82120FFF78DB890F897
:104ED00021200B929AF82120CDF80CC00092FFF708
:104EE00054B8F8EE4C7A9FED167A0E9967EEAE7ACA
:104EF0001FEE102AF4EEC77AF1EE10FA0A440AD82F
:104F00009FED107AF4EEC77AF1EE10FAA4BFFDEE31
:104F1000E77A17EE903A9A427FF720A9FFF7D5B9C2
:104F2000ABAAAAAAD81600208180803B6B0D002076
:104F300013000020690D00206A0D002000007F434F
:104F40000000004F000000CF0000804F000080CF25
:104F50001CEE102A013222F0010292B207EE902AD2
:104F6000F8EE677A1FED087A0E9967EEAE7A1FEEBB
:104F7000102AF4EEC77AF1EE10FA0A440ED81FEDAB
:104F80000D7AF4EEC77AF1EE10FA07DBB6EE007A8E
:104F900067EE877AFDEEE77A17EE903A9342BFF616
:104FA00094A91CEE101ACB1A013B93427FF78DA9EE
:104FB000FFF7D4B81CEE102A013222F0010292B29F
:104FC00007EE902AF8EE677A1FED217A0E9967EEC8
:104FD000AE7A1FEE102AF4EEC77AF1EE10FA0A4408
:104FE0000ED81FED267AF4EEC77AF1EE10FA07DB41
:104FF000B6EE007A67EE877AFDEEE77A17EE903A22
:105000009342BFF6ABA81CEE101ACB1A013B934299
:105010007FF7A4A8FFF759B91FEE103A0E9AD649A8
:105020009C1881FB0432E317C3EB221303EB430309
:10503000B4EB431300F1438281FB0312149DD91793
:10504000C1EB620CCD4905EB850201EBC202624463
:10505000002151704FEA850AFFF756B91BB0BDEC2D
:10506000108BBDE8F08FC44C1FEE103A1FEE102AD3
:10507000DB1784FB0212C3EB22131FEE102A03EB93
:105080004303B2EB431300F1088284FB0312149C28
:10509000BA4DD917C1EB620104EB840205EBC202E1
:1050A0000A44002151704FEA840A93E56DEEA88A04
:1050B000DFEDB37AF4EEE78AF1EE10FA0AD8DFED0D
:1050C000B67AF4EEE78AF1EE10FAA4BFFDEEE87AC4
:1050D00017EE903A1FEE102A9342BFF6F6A8FFF79C
:1050E0003DB8069A9FEDA77A013202F4FF7207EEEF
:1050F000902AF8EE677A67EEA87AF4EEC77AF1EEB6
:1051000010FA0ED89FEDA07AF4EEC77AF1EE10FAFD
:1051100007DBB6EE007A67EE877AFDEEE77A17EEE8
:10512000903A1FEE102A9342BFF618A8069AD31A97
:10513000013B29E5069A9FED937A013202F4FF7252
:1051400007EE902AF8EE677A67EEA87AF4EEC77A4F
:10515000F1EE10FA0ED89FED8C7AF4EEC77AF1EEEC
:1051600010FA07DBB6EE007A67EE877AFDEEE77A93
:1051700017EE903A1FEE102A9342BFF6A6A8069AA1
:10518000D31A013B3CE6F8EE4C7A9FED7D7A0E99FE
:1051900067EEAE7A1FEE102AF4EEC77AF1EE10FA3F
:1051A0000A440AD89FED7C7AF4EEC77AF1EE10FA41
:1051B000A4BFFDEEE77A17EE903A9A427FF785A8F2
:1051C000FEF7CCBF1FEE103A0E9A6B499C1881FB7C
:1051D0000432E317C3EB221303EB4303B4EB431393
:1051E00000F1488181FB0312149DD917C1EB620CB9
:1051F000624905EB850201EBC20262440021517055
:105200004FEA850A614A5D49A2FB0323149A52447E
:1052100001EBC20202EBD302DB080593634203F009
:10522000070304F0070C58BFC3F1000C92F801E02B
:10523000BCF1000FB8BF0CF1080C4EFA0CF3DA0702
:105240003FF5BDAD97ED067ADFED516A37EE2E7A68
:10525000EAE46DEEA88ADFED4A7AF4EEE78AF1EE31
:1052600010FA0AD8DFED4C7AF4EEE78AF1EE10FA84
:10527000A4BFFDEEE87A17EE903A1FEE102A934293
:10528000BEF66CAFFFF721B83B4C1FEE103A1FEE95
:10529000102ADB1784FB0212C3EB22131FEE102A25
:1052A00003EB4303B2EB431300F18E8084FB031244
:1052B000149C324DD917C1EB620104EB840205EB5B
:1052C000C2020A44002151704FEA840A2BE59FED87
:1052D000327AF4EEC77AF1EE10FAFFF654ACFDEE36
:1052E000E77A17EE903A4FE49FED277AF4EEC77A0B
:1052F000F1EE10FAFFF62BACB6EE007A67EE877A85
:10530000FDEEE77A17EE903A22E49FED237AF4EE71
:10531000C77AF1EE10FAFFF672ADFDEEE77A17EEFE
:10532000903A6DE59FED187AF4EEC77AF1EE10FA37
:10533000FFF6CBACB6EE007A67EE877AFDEEE77A41
:1053400017EE903AC2E4F0EE687AFEEECC7A114A9B
:1053500017EE903A5942C9B2DBB258BF4B4202EB4A
:10536000830292ED008AFEF778BBBDEEE87A17EE75
:10537000103AFFF77EBB00BFABAAAA2AD8160020BE
:105380000000004F0000804F000080CFABAAAAAA07
:105390008180803BD0DC0108000000CF1FED027A45
:1053A000F4EEC77AF1EE10FAFEF68BAFFDEEE77A77
:1053B00017EE903AFEF786BF03F16001149B4FEAA7
:1053C000830A0B46FEF7A0BF149C474A474D603343
:1053D000A2FB032104EB840205EBC20202EBD10223
:1053E000002151704FEA840A9DE49FED417AF4EE6A
:1053F000C77AF1EE10FAFFF609A9B6EE007A67EE69
:10540000877AFDEEE77A17EE903AFFF700B99FED45
:10541000397AF4EEC77AF1EE10FAFFF61DA8FDEE28
:10542000E77A17EE903AFFF718B8FDEEE77A17EE35
:10543000903AFEF7EABFFDEEE77A17EE903AFFF7F3
:1054400013B99FED2B7AF4EEC77AF1EE10FAFFF65E
:1054500040A8B6EE007A67EE877AFDEEE77A17EE9F
:10546000903AFFF737B803F16001149B4FEA830AC3
:105470000B46C7E603F16001149D1B4B1B4AA3FBBF
:10548000013C05EB850302EBC30303EBDC030022C5
:105490005A704FEA850A0B46B4E6149C124A134D23
:1054A0006033A2FB032104EB840205EBC20202EB92
:1054B000D102002151704FEA840AFFF78BBB03F140
:1054C0006001149D084B094AA3FB013C05EB8503D1
:1054D00002EBC30303EBDC0300225A704FEA850A98
:1054E0000B46FEF711BF00BFABAAAAAAD816002030
:1054F000000080CF000000CF2DE9F047294D2A4E53
:105500002C6806EB04177B7B6BB90134274AE31741
:1055100082FB0412C3EBA20303EB8303A4EB43045B
:105520002C60BDE8F087224B2249D3F80090224B33
:1055300048461A884FEA041805F038F820B10134BB
:10554000464400237373E1E73B7BDFF874A01B48FC
:1055500001344033B4F5807F8AF800304FF04102C7
:1055600034BF2346002306218AF8013004F0C0FB33
:10557000412207460221504604F0BAFB824601460A
:10558000384604F0C3FC3946484604F0C3FF484699
:1055900005F03AF8384604F091FC504604F08EFCD1
:1055A000CEE700BF700D00208C00002067666666A5
:1055B000104C0120C04B0120B40A0020144C0120E3
:1055C000BC4901202DE9F041A448012103F01EFD52
:1055D00070B1A34B1B78022B0CD01BB3012B3BD01B
:1055E000032B6AD0BDE8F0419C48012103F018BDAF
:1055F000BDE8F0819B4C2378022B24D0032B54D0A0
:10560000042BEFD1984D2B78612B22D1974808219C
:1056100003F0F8F8002800F04881002205232A70E2
:105620002370DFE78F4C2378002BDBD18E4D904F1A
:105630002E783B7846B39E4200F0FC80082E20D0A6
:1056400001362E70CEE7884D2B783BB3302B00F01F
:10565000EA8001332B70C5E7824C2378012BC1D13E
:10566000814D2B78D3B1012B00F01881022B00F073
:105670002281082BEDD17F4B1B78082B01D10C2305
:10568000237000232B70ADE7DFF8E88198F8006005
:10569000072E40F2B58005232370A3E77348082145
:1056A00003F0AEF801232B709CE76F4A1378372B79
:1056B00000F0C5800133137094E76A4C2378022B05
:1056C000C1D00B2B8ED801A252F823F0E757010866
:1056D000E5550108E5550108AB560108C957010811
:1056E000E5550108E5550108A7570108835701084A
:1056F0004B5701082D570108FD5601085E495F48C8
:105700000A7803785E4D5B000132DBB2D2B20A70D8
:105710000370297823B90131C9B2012329700370BC
:10572000082900F0FE80072323705BE74E4D2B789D
:10573000002BB3D04E4A16789E427BD0082B88D1DE
:1057400000220B232A7023704CE74E4A4E4B1178EF
:105750001E78002900F0C280002E9CD1484B474A99
:105760001B784A484A49127803F007030126C55CB2
:105770000E702A430121C2540A2323703C4B197036
:1057800030E7394D2B78002B88D0012B00F0868034
:10579000022B00F0EC80082B7FF45BAF0022092382
:1057A0002A7023701EE7304D2B78002B3FF476AF24
:1057B000012B73D0022B00F0E680082B7FF449AF59
:1057C00000222A7023700DE7274D2B78612B7FF480
:1057D00040AF2648082103F015F8002865D00023C3
:1057E0002B702370FEE6204D214F2E783B78002E43
:1057F0007FF421AFDFF87C8098F80060072E92D804
:105800001A48082102F0FCFF224B1B78334113F0A9
:10581000010F0CBF0723012301363B70012388F8D9
:1058200000602B70DEE61148082102F0E7FF032339
:105830002370D7E60D48082102F0E0FF00E70B488F
:10584000082102F0DFFF10B904232370CAE6124AD0
:1058500001210E2311702370C4E600BF0014004024
:10586000530B002002000020500B002000040240D7
:10587000FA0A0020F90A0020EA0A0020E70A0020BC
:10588000E80A0020EC0A0020EB0A0020F00A0020C1
:10589000E50A0020FB0A0020E40A00203D48082118
:1058A00002F0ACFF02232B709CE63B4A02210E2340
:1058B0001170237096E608213648384C02F0A2FF9A
:1058C00022783749031E18BF01239340013222700A
:1058D00003222A700A7813430B7083E6314B324A55
:1058E0001B783248127803F00703C55C002E37D1CD
:1058F0002F49304E09783678B14234D22A4214BF4B
:10590000012600262C4F3E70002E7FF432AF2B4E26
:105910000829317001D82A4E317025EA0202072188
:1059200029E7402A10D9254B224A1B78137013B956
:10593000244B01221A701D4B234A1B780121117040
:1059400043B10D2323704DE61F4A184B12781B7884
:10595000002AF5D1104A03210E231170237041E66D
:10596000154E3170D9E70CBF01260026CAE7082181
:10597000084802F047FF1549031E18BF0123032200
:105980000B702A702EE60821024802F03BFF1049F6
:10599000F2E700BF00040240E40A0020F90A0020F8
:1059A000FB0A0020E80A0020E70A0020F00A002095
:1059B000EA0A0020EF0A0020E50A0020E90A002098
:1059C000ED0A0020EE0A0020E60A0020EB0A002083
:1059D000EC0A00202DE9F041A44C2378052B0ED0D1
:1059E000063B092B37D8DFE813F0420036003600BB
:1059F000360036003600550085006C00EB009C49EF
:105A00000A88002A00F0FE809A4D9B482B689B4E26
:105A1000013A0A80591C80FB0120CA17C2EBA00280
:105A200003EB430302EB4202A1EBC201F21829602F
:105A300090785178924AF35C1370924A1170924AAE
:105A4000107053B99148924A017013702370914AB3
:105A5000138801331380BDE8F081012B00F0FE8034
:105A6000032B00F0DB80022BF1D12370EFE78A4B90
:105A70001B7813BB89498A480B708A498A4D037089
:105A800001220A70894882492A70022203700B7031
:105A90002270E0E77C4A864B12787C49A3FB020324
:105AA0005B08784809780578824803EBC303D31A6A
:105AB000DBB2082AC15400F0198105232370BDE828
:105AC000F0817D4B7D4A1E687D4B7E4F15787E4967
:105AD0001A887D70304604F069FD002800F0A98125
:105AE000013D012D02D8794B00221A700F2323703B
:105AF000BDE8F081764D77492A7801F1080000234E
:105B000011F801CF4FEA530E8CEA0303DF0748BFB9
:105B10008EF08C0E8EEA5C064FEA5E03F60744BFF9
:105B200083F08C03DBB283EA9C0E1EF0010F4FEA78
:105B300053031CBF83F08C03DBB283EADC0E1EF040
:105B4000010F4FEA53031CBF83F08C03DBB283EADF
:105B50001C1E1EF0010F4FEA53031CBF83F08C0381
:105B6000DBB283EA5C1E1EF0010F4FEA53031CBF39
:105B700083F08C03DBB283EA9C1E1EF0010F4FEA18
:105B800053031CBF83F08C03DBB283EADC1C1CF0E4
:105B9000010F4FEA53031CBF83F08C03DBB2884232
:105BA000AED1002B34D14C4B1978282948D0354B35
:105BB0001B78934281D0013206232A7023704AE772
:105BC0002B490A88F2B12B48013A03680A802A4916
:105BD0005A1C81FB025103EB4303284DED5CD317A4
:105BE000C3EBA10303EB4303A2EBC302AB1E012BE8
:105BF00002603FF62CAF224B032D1D700ED0022306
:105C0000237024E7BDE8F0413448012103F0F8B9DE
:105C10002A4A03210E23117023701CE730492E4AB3
:105C20002B4D304800230B701B492B70C2E9003309
:105C3000164A0B700370F02106231170237006E7DB
:105C4000224F294E93E803003B7803F03F0C06EB0C
:105C5000CC06013386E803003B70A8E70B480C49EB
:105C60002370002202700A70F1E600BF02000020DB
:105C7000FC0A0020000B0020ABAAAA2A080B002077
:105C8000530B0020520B0020510B0020FB0A002078
:105C9000F90A002000000020EE0A0020E90A002096
:105CA000E80A0020E70A0020EA0A0020E60A0020AD
:105CB000398EE338580D0020104C0120E40A0020F2
:105CC000B40A002004000020C04B0120560D002023
:105CD000F80A0020EF0A0020F00A0020001400401B
:105CE000EF0A0020ED0A0020540B0020421E00F1B4
:105CF0000801002312F801CF5E088CEA0303DF07D6
:105D000048BF86F08C0686EA5C0E73081EF0010F11
:105D10001CBF83F08C03DBB283EA9C06F6074FEAD4
:105D2000530344BF83F08C03DBB283EADC06F7073E
:105D30004FEA530344BF83F08C03DBB283EA1C16A3
:105D4000F6074FEA530344BF83F08C03DBB283EAC8
:105D50005C16F7074FEA530344BF83F08C03DBB2B2
:105D600083EA9C16F6074FEA530344BF83F08C0383
:105D7000DBB283EADC1C1CF0010F4FEA53031CBFAB
:105D800083F08C03DBB29142B4D1002B7FF495AE4B
:105D90000388374A05F03F0502EBC50203EB830396
:105DA00003CA03EB83031BB2324A334D5160002B0D
:105DB00010601A46B8BFDA1C594201F0030103F023
:105DC00003032E4858BF4B429210002BB8BF02F17C
:105DD000FF322B490668B6BF93B293B212B26A7211
:105DE0001B0A0A882749AB72304604F0DFFB002803
:105DF0007FF463AE41220621234803F079FF41225C
:105E000003460B2128461D4603F072FF0746014654
:105E1000284604F07BF82946304604F07BFB3046E8
:105E200004F0F2FB284604F049F8384604F046F83E
:105E300043E641220621144803F05AFF412203465B
:105E4000022138461F4603F053FF8046014638467C
:105E500004F05CF83946304604F05CFB304604F050
:105E6000D3FB384604F02AF8404604F027F837E61A
:105E7000540B00200900002008000020104C0120D5
:105E8000B40A0020C04B0120144C01202DE9F0433E
:105E90004FF0E022DB49DC4C5461DC4BF020002465
:105EA000072681F8230094611661D3F8201AD3F8ED
:105EB000100AD3F8145AD3F8187A85B06FF03A0262
:105EC0004FF6FF73F2F772F93846294617461D461A
:105ED0006FF03A024FF6FF73F2F768F95740CC4A79
:105EE000CC4917606B4013714FF000601B0A53716F
:105EF00002F04CFD62B64FF4406002F053FD022305
:105F00001A462146C448C54FDFF8408302F000FC22
:105F1000022319462246C04802F048FB02220B2108
:105F2000BD4802F075FC4FF4406002F03BFD214695
:105F3000B9480423022202F0EBFB04232246B648B0
:105F4000022102F033FB04220B21B34802F060FC73
:105F500040F6024002F026FD02231A462146B048D0
:105F600002F0D6FB022319462246AD4802F01EFB82
:105F700002220B21AA4802F04BFC4FF4406002F0D1
:105F800011FD2146A4488023022202F0C1FB802398
:105F90002246A148022102F009FB80220B219E48E3
:105FA00002F036FC40F6024002F0FCFC21469C4820
:105FB0001023022202F0ACFB102322469848022153
:105FC00002F0F4FA10220B21954802F021FC40F671
:105FD000024002F0E7FC214691482023022202F011
:105FE00097FB202322468E48022102F0DFFA20226E
:105FF0000B218B4802F00CFC40F6014002F0D2FC71
:10600000214688484FF40063022202F081FB4FF4DE
:10601000006322468348022102F0C8FA4FF400626E
:106020000B21804802F0F4FB40F6014002F0BAFC7C
:1060300021467C484FF48053022202F069FB4FF462
:10604000805322467748022102F0B0FA4FF4805282
:106050000B21744802F0DCFB40F6014002F0A2FC88
:10606000214670484FF40053022202F051FB4FF4D6
:10607000005322466B48022102F098FA4FF4005276
:106080000B21684802F0C4FB41F20E1002F08AFCBA
:106090004FF4000002F036FD40F6194002F082FC99
:1060A00040F61A4002F07EFC40F61B4002F07AFCFB
:1060B00001F026FD01F044FD224621464FF49040B8
:1060C00001F002FF102002F0B9F8F8F703F8564883
:1060D000564A57494FF0FF3313600360554A5648FC
:1060E000564B0860FD21117040F60240F2221A70F2
:1060F00002F058FC21464A488023022202F008FBA5
:10610000802322464648022102F050FA80220821CC
:10611000434802F07DFB40F6024002F043FC21467A
:106120003F484023022202F0F3FA402322463C4833
:10613000022102F03BFA08213948402202F068FBB4
:106140003F4B404A1A6040F6164002F02BFC2246B4
:106150002146472002F0CEFB22460121452002F0D5
:10616000C9FB41F2051002F01DFC3748042102F082
:10617000C9FF3548082102F0BFFF334840F205311E
:1061800002F0DEFF30484FF4A06102F0D9FF4FF477
:1061900042712D4802F0D4FF2B4802F0A7FF40F6D1
:1061A000014002F0FFFB21461E484FF480430222CB
:1061B00002F0AEFA22464FF480431A48012102F061
:1061C000F5F94FF48041174802F01AFB40F60240FF
:1061D00002F0E8FB214612484FF40063022202F06D
:1061E00097FA4FF4006322460D48022102F0DEF9CF
:1061F0004FF4006208210A4802F00AFB40F6024010
:1062000026E000BF00ED00E03E0D03000070FF1F20
:10621000144C01200080000800000240B80A002051
:106220000008024000040240C04B0120BC4B01208A
:10623000B8490120B4490120F0000101B049012012
:10624000900A00200414014000140140893BE655E7
:1062500002F0A8FB2146DA484FF48063022202F0E4
:1062600057FA4FF480632246D548022102F09EF986
:106270000821D3484FF4806202F0CAFAD14BD24AC7
:106280001A6040F6154002F08DFB2246214634206C
:1062900002F030FB224601210F2002F02BFB41F2DD
:1062A000130002F07FFBC948042102F02BFFC7480E
:1062B000082102F021FFC54840F2053102F040FFFD
:1062C000C2484FF4A06102F03BFF4FF44271BF4857
:1062D00002F036FFBD4802F009FF40F6024002F02E
:1062E00061FB2146B6484FF48053022202F010FAB7
:1062F00022464FF48053B248012102F057F94FF47F
:106300008051AF4802F07CFA40F6034002F04AFBAD
:106310002146AF484FF40073022202F0F9F94FF41E
:1063200000732246AA48022102F040F931464FF498
:106330000072A74802F06CFA40F6034002F032FB0C
:106340002146A3484FF48073022202F0E1F94FF492
:10635000807322469E48022102F028F931469C486B
:106360004FF4807202F054FA9A4B9B4A1A6040F63E
:10637000154002F017FB22462146272002F0BAFA08
:10638000224601210E2002F0B5FA41F2120002F07D
:1063900009FB9248042102F0B5FE9048082102F062
:1063A000ABFE8E4840F2053102F0CAFE8B484FF436
:1063B000A06102F0C5FE4FF44271884802F0C0FEB1
:1063C000864802F093FE40F6014002F0EBFA2146C7
:1063D00083484FF40043022202F09AF922464FF418
:1063E00000437F48012102F0E1F84FF400417C486E
:1063F00002F006FA40F6014002F0D4FA214678484D
:106400008023022202F084F980232246744802216C
:1064100002F0CCF831468022714802F0F9F940F6DA
:10642000014002F0BFFA21466D484023022202F0EB
:106430006FF9402322466A48022102F0B7F831463C
:106440006748684E402202F0E3F9674B674A1A60DA
:1064500040F6164002F0A6FA22462146252002F018
:1064600049FA22460121462002F044FA41F2041082
:1064700002F098FA5E48042102F044FE5C480821CC
:1064800002F03AFE5A4840F2053102F059FE5848EF
:106490004FF4A06102F054FE4FF44271544802F0F0
:1064A0004FFE534802F022FE40F6034002F07AFA13
:1064B00002231A462146464802F02AF922460223C0
:1064C0004348012102F072F80221414802F098F994
:1064D0004FF0807002F090FA41F2020002F062FA8E
:1064E000444802F01BFB3B684248ADF80240A6FB63
:1064F00003239B0C013BB3F5803F28BF234640F2AA
:10650000E73269460292ADF8003001948DF80C40F4
:1065100002F0D4FB374802F005FC40F6034002F0DD
:1065200041FA21462A484FF48053022202F0F0F843
:106530004FF4805322462648022102F037F82448BF
:106540004FF480520221012502F062F96A46214689
:1065500028480294CDE9005402F0FAFB2246214675
:10656000244802F013FD21462248402202F0E6FCB6
:10657000224621461F4802F017FD29461D4802F019
:10658000DDFB1C4802F0CEFB40F6034002F00AFAA5
:1065900021460F484FF40053022202F0B9F84FF49D
:1065A000005322460A48022102F000F808484FF43E
:1065B0000052022102F02CF96A4629461CE000BF75
:1065C0000008024058080020044C0040004C0040E5
:1065D000000C024020060020044800400048004013
:1065E0000004024083DE1B43E80300200410014046
:1065F0000010014000080040A8480294CDE9005472
:1066000002F0A6FB22462946A44802F0BFFC294618
:10661000A248402202F092FC224629469F4802F0FE
:10662000C3FC29469D4802F089FB9C4802F07AFB96
:1066300040F6034002F0B6F9214699484FF48043F2
:10664000022202F065F84FF480432246944802216A
:1066500001F0ACFF92484FF48042022102F0D8F8DA
:106660006A468E4802940221CDE9005402F070FB84
:1066700022468A48022102F089FC884802214022F1
:1066800002F05CFC22468548022102F08DFC29467E
:10669000824802F053FB814802F044FB4FF4406013
:1066A00002F080F921467F484FF48073022202F005
:1066B0002FF82A4621464FF480737A4801F076FF7E
:1066C00040F6014002F06EF921467748102302227D
:1066D00002F01EF82A4621461023734801F066FF97
:1066E00040F6014002F05EF921466F484FF48063A6
:1066F000022202F00DF82A4621464FF480636A48D0
:1067000001F054FF4FF4406002F04CF92146654817
:106710004FF40043022201F0FBFF2A4621464FF4CA
:106720000043604801F042FF41F2010002F03AF9F3
:106730005E4802F0F3F93B685C48ADF80240A8FB04
:1067400003235B0E013BB3F5803F28BF2346694618
:106750004FF07709ADF8003001948DF80C40CDF87A
:10676000089002F0ABFA514802F0DCFA40F6014022
:1067700002F018F92B4621464B48022201F0C8FFCF
:106780002B4622464848022101F010FF2A460221EA
:10679000454802F03DF8FAF773FEFAF7F7FE41F2CA
:1067A000011002F0FFF8424802F0B8F93B68404897
:1067B000CDF80890A8FB03835B0E013BB3F5803F47
:1067C00028BF23466946ADF80030ADF80240019479
:1067D0008DF80C4002F072FA354802F0A3FA40F648
:1067E000024002F0DFF8214632484FF400730222E3
:1067F00001F08EFF4FF4007322462E48022101F073
:10680000D5FE4FF4007203212A4802F001F8FBF78D
:106810003FF8FBF789F8FBF783FA40F6014002F0F6
:10682000C1F8294620480823022201F071FF2246C0
:10683000294608231C4801F0B9FE41F2050002F088
:10684000B1F81D4802F06AF93B681B48ADF80240F8
:10685000A6FB03639B0C013BB3F5803F28BF234697
:10686000092269460292ADF8003001948DF80C407F
:1068700002F024FA104802F055FA0B48082101F002
:10688000BDFF21462246372002F034F80A48294647
:1068900005B0BDE8F04302F0AFBB00BF0008004008
:1068A000000C0240000002400004024000040040CE
:1068B0000004014000080240001400402DE9F04FA0
:1068C0002DED028B4FF0000E91B0CDE905EECDE934
:1068D00003EE9FED638ADFF8AC91DFF8ACA1CDF851
:1068E00024E0F346CDF800E0CDF81CE0CDF820E040
:1068F000CDF804E0CDF808E07646CDF828E0594B15
:106900001C68029BE31AB3F57A7F80F0DD82039B5B
:10691000E51A632D00F2D482049BE21A4EF65F233F
:106920009A4200F2C982059BE31AB3F5FA7F80F020
:10693000BF82069BE31AB3F5FA6F80F09482019B45
:10694000E71A272F00F2A280B44200F040839AF8A1
:10695000002099F80030022A00F0F683424A1278AB
:10696000022A00F0C982A046404A1278022A40F06A
:10697000A48093BB3E4B1A88C2F308026AB33D4B16
:1069800002EB820203EB820209E0F1EE10FA58BF3B
:10699000F0EE467AC3ED027A14339A421DD0D3ED5D
:1069A000007A93ED027AD3ED036AF4EEC77A37EEFC
:1069B000266AF1EE10FAF4EEC67AE6DC37EE667A75
:1069C000EAD5F4EEC77AF1EE10FAD8BFF0EE477AC6
:1069D000C3ED027A14339A42E1D1272F6FD8B44223
:1069E00076D0254B99F800201B78022B6ED1002A17
:1069F0006CD1224B1A88C2F308026AB3204B02EB17
:106A0000820203EB820209E0F1EE10FA58BFF0EEC9
:106A1000467AC3ED027A143393421DD0D3ED007A47
:106A200093ED027AD3ED036AF4EEC77A37EE266A65
:106A3000F1EE10FAF4EEC67AE6DC37EE667AEAD5C5
:106A4000F4EEC77AF1EE10FAD8BFF0EE477AC3ED54
:106A5000027A14339342E1D1B44239D036E000BF18
:106A600000007F431C4C0120540800201C0600201D
:106A7000F2830020F8830020E4030020A6380020E1
:106A8000AC380020B60A00208C0A00209AF80030AA
:106A9000022B00F0DF83954BB4421B7800F0728527
:106AA000022B00F0AE840194A046914B1B78022B80
:106AB00000F05F82B44200F07F82272F91D98D4B86
:106AC0001B78022B00F07D82B44201D0FAF71AFB4A
:106AD000089BE31A092B464602D9FAF721FC0894D1
:106AE000272F03D9FAF752FDFCF7E4FE632D04D9F2
:106AF000814B1B78002B40F0F482079BE31A4A2B52
:106B000000F2D081009BE31A4B2B0DD97B4B1B78F5
:106B10003BB17B4B1B78092B40F2BC83774A0023A7
:106B20001370A4F124030093099BE21A43F6972300
:106B30009A4200F2A681A4EB0B0245F207239A4287
:106B400011D9704B1B7853B16F4B1B88002B40F051
:106B5000E3836E4A002313706D4A01231370A4F57A
:106B6000BB5BABF1100B632D04D9694B1B780BB1E8
:106B7000F6F7D2FE0A9BE21A41F287339A4205D910
:106B800099F800300BB9F7F7FFF90A9401F0D2FB3E
:106B9000012802D95F4800F051FD5F4B1B78002BA4
:106BA00040F06581F7F71EFC9AF800305B4A5C49BB
:106BB00012780978012B00F02F815A4A99F8003099
:106BC00012783BB9002A00F07D829AF80030022B3F
:106BD00000F08482F8F7EAF9444B534A1B78534992
:106BE00012780978012B00F0C580514A99F80030DD
:106BF00012783BB9002A00F047823C4B1B78022BED
:106C000000F04E82F8F7B6FF394B4A4A1B784A49E2
:106C100012780978012B00F0D680484A99F80030A4
:106C200012783BB9002A00F03E82314B1B78022BD0
:106C300000F04582F9F780FD2E4B414A1B7841490F
:106C400012780978012B2AD03F4A99F8003012783F
:106C500003BB002A00F0C481264B1B78022B00F0F6
:106C6000CA813A4B1D783A4BA3FB052303F0FE047F
:106C700004EB53042C1BE4B2364BC4EBC40103EB0E
:106C800081024FEAC408107E002800F02D822F4BAD
:106C900001351D70FAF794FBFEF79CFE2FE6002AE3
:106CA00040F02081002940F01D81F6F79DF9114B3D
:106CB000294A1978294B12681B680129C4D1D31AB3
:106CC000012BC1D972B62649264800230B602649FC
:106CD0000B6026490B804FF49671018062B61F4904
:106CE0000A60234A1370164A1370ADE75408002057
:106CF0001C060020E4030020760D0020750D002006
:106D0000740D0020560D002000000020550D0020BD
:106D1000540D0020D04B0120AC490120790A0120FC
:106D2000780A01206A0A01202DBF00202CBF002014
:106D30001EBF0020E1730020E0730020D27300200A
:106D4000952800209428002086280020681C002018
:106D5000ABAAAAAA800100201C4C01209028002088
:106D600060650020E6030020646500205C6500206B
:106D70006E280020002A40F0B080002940F0AD804D
:106D8000F5F758FAA04BA14A1978A14B12681B6875
:106D900001297FF42AAFD31A012B7FF626AF72B6F2
:106DA0009C499D4800230B609C490B609C490B80CB
:106DB0004FF49671018062B695490A60994A137042
:106DC000994A137011E7002A40F09180002940F0A1
:106DD0008E80F5F7ADFD954B8C4A1978944B12686F
:106DE0001B6801297FF419AFD31A012B7FF615AF69
:106DF00072B69049904800230B6090490B6090490F
:106E00000B804FF49671018062B689490A608D4A01
:106E100013708D4A137000E7002A59D1002957D109
:106E2000F4F7AEFE9AF80010884B784A1B68126897
:106E300001297FF4C2AED31A012B7FF6BEAE72B623
:106E40008349844800230B6083490B6083490B808E
:106E50004FF49671018062B67C490A60804A1370D3
:106E6000804A1370A9E6F7F77FF9069467E57E4834
:106E700004F0E6FD002840F09E817C4A0023137058
:106E800090E67B4B7B491A8800230B70002A40F068
:106E9000BB81A4EB0B0245F207239A4209943FF60B
:106EA0005EAE60E6FEF728FBA4F12303079329E614
:106EB00004F066FD05943CE504F086FC049432E59C
:106EC00005F0EEFD039427E505F056F802941EE563
:106ED0005E4B4E4A1B681268ADE74D4B4B4A1B6830
:106EE000126858E7644B494A1B681268E7E6504B42
:106EF000464A1B68126877E79BBB604B1A88C2F34F
:106F000008026AB35E4B02EB820203EB820209E0E5
:106F1000F1EE10FA58BFF0EE467AC3ED027A143360
:106F20009A421DD0D3ED007A93ED027AD3ED036A35
:106F3000F4EEC77A37EE266AF1EE10FAF4EEC67A6E
:106F4000E6DC37EE667AEAD5F4EEC77AF1EE10FAAF
:106F5000D8BFF0EE477AC3ED027A14339A42E1D1FA
:106F60000023272F12D9314B1B78022BA0467FF428
:106F7000A1ADF5F739FFB4421ED099F80030F3E423
:106F8000214B1B78022B18BF0023B6D0B442A04679
:106F90007FF4EAAC9CE5272FF2D91B4B1B78022B20
:106FA000E1D1F5F7C5FBB44240F02E82A0461F4B5D
:106FB0001B78022B00F06681324B1B78022B7FF48A
:106FC00087ADF6F769FAB4427FF40BAD80E5089B14
:106FD000E31A092B7FF68AADFAF7A2F9089485E542
:106FE000F6F7F0F9274B1A7899F80030022A06D103
:106FF000002B7FF44FAEF6F7CBFA99F80030002B58
:107000003FF42FAE46E600BF540800201C4C012080
:1070100028BF0020F8FB002056080020FCFB0020C1
:10702000F4FB002006BF00202DBF00201C0600201E
:10703000DC730020ACB000201E060020B0B00020A1
:10704000A8B00020BA730020E1730020740A012068
:107050004C4701208E0A002050470120484701205C
:10706000520A0120790A0120D04B0120AC490120AD
:1070700000000020560D0020902800203ECF002068
:1070800044CF0020E4030020F5F7E8FA8E4B99F88E
:1070900000201B78022B7FF4B5AD002A7FF4B2AD3F
:1070A000F5F7C4FBAEE5F5F735FE884B99F80020FF
:1070B0001B78022B7FF4BEAD002A7FF4BBADF5F741
:1070C00011FFB7E5F4F74CFF9AF8003099F800206B
:1070D000022B7FF47FAD002A7FF47CADF5F728F812
:1070E00078E5F6F7D7FA08E5794B92ED017AD2ED1B
:1070F000027A127B9A70774A27EE087A12F82120DA
:10710000DA7067EE887A744ABCEEC77A1768FCEECC
:10711000E77A17EE102A1A7117EE902AD0215A71C9
:107120006E4A1970611C597012886D49384603F017
:107130003DFA002800F08B81664AA8EB040302EBBD
:10714000830301221A76A2E5002B40F07181654B82
:107150001A88C2F30802002A3FF412AF624B02EB16
:10716000820203EB82020AE0F1EE10FA58BFF0EE61
:10717000467AC3ED027A143393423FF40CAFD3ED59
:10718000007A93ED027AD3ED036AF4EEC77A37EE14
:10719000266AF1EE10FAF4EEC67AE5DC37EE667A8E
:1071A000E9D5F4EEC77AF1EE10FAD8BFF0EE477ADF
:1071B000C3ED027ADFE7484B49491C68474B20463C
:1071C0001A8803F0F3F900287FF457AE4122062114
:1071D000464802F08DFD412205460421444802F054
:1071E00087FD07460146284602F090FE29462046C4
:1071F00003F090F9204603F007FA284602F05EFEFD
:10720000384602F05BFE38E63A493B48013A0A80CC
:107210003A4A3B491268571C81FB071CF917C1EB1E
:10722000AC0101EB4101A7EBC10734490F603549BF
:1072300002EB420201EB020C4FF603778F52012161
:107240008CF8023001F0D8FE2F4A099413880133DC
:10725000138070E4F4F7EEFEB44200F099819AF8DE
:10726000002099F80030022A40F0E080002B40F026
:10727000DD801C4B1A88C2F30802002A00F0D68079
:1072800001946BE7F5F7B0FD204B1B78022B7FF4E0
:107290001FAC96E6104A009317681D4A104902EB8E
:1072A00003120E4B92F804801A88384603F07EF9D8
:1072B000009B1A010133002800F0E880DBB20B9339
:1072C000144B0B9A1A702CE4540800201C06002062
:1072D0006C1C002080010020104C0120B40A00200A
:1072E000C04B01208A1A0120981A0120144C012059
:1072F000B84901200000002000140040040B0020C9
:10730000ABAAAA2A080B0020FC0A0020E4030020F4
:107310008C000020740D0020A349A44FA448013B19
:107320000B80A44B1B68591C87FB0127CA17C2EBB3
:10733000A70202EB4202A1EBC2019F4F9D4A03EB61
:1073400043031160FA180221F9524FF0000801219D
:1073500082F8028001F050FE984893490388013377
:1073600003800B88002B3FF4F4AB924A8F4F904878
:10737000013B0B801368591C87FB012CCA17C2EB19
:10738000AC0202EB4202A1EBC2018A4A11608A49B7
:1073900003EB43030F46CA184FF44C41F952012145
:1073A00082F8028001F028FE84487F490388013377
:1073B00003800B88002B3FF4CCAB7E4A7B4F7C488C
:1073C000013B0B801368591C87FB012CCA17C2EBC9
:1073D000AC0202EB4202A1EBC201774F754A03EB0C
:1073E00043031160FA184FF48841F952012182F8E1
:1073F000028001F001FE714A138801331380FFF708
:10740000A8BBF5F795F901946D4B1A7899F80030FF
:10741000022A3FF471AD6B4B1B78022B02D0A046C1
:10742000FFF74BBBF5F7E0FCA046A6E50194B4E5F9
:10743000634A1278022A3FF4A9AD624B1B78022BF3
:10744000EDD1272FA0463FF63AABFFF7C8BA41224D
:1074500006215D4802F04CFC41220B9006215B485E
:1074600002F046FC01460C900B9802F04FFD0B9980
:10747000384603F04FF8384603F0C6F80B9802F090
:107480001DFD0C9A104602F019FD55E650498A5C24
:107490005049DBB20B934B704F4B8A70A3FB082310
:1074A0005B09642281F8038002FB138818F0FF0C4B
:1074B0004FF048030B7074D0484BCDF838B0CDE98D
:1074C0000C464FEA4C081B680F9708F10508052287
:1074D000AB464348404E00EB430541486D785C1C89
:1074E000009410F8133086FB046702F1020ECDB34E
:1074F0004FF001004B711FFA8EF2E3170871C3EBD6
:1075000067136420424500FB134301F10201E0D1FF
:10751000324A5D46DDE90C46DDE90EB70CF1020C9E
:1075200013604FEA4C0841220621274802F0E0FB95
:10753000412241468046274802F0DAFB014600908E
:10754000404602F0E3FC4146384602F0E3FF38468D
:1075500003F05AF8404602F0B1FC009B184602F0D6
:10756000ADFCADE6009C4B711FFA8EF2E317C3EB46
:107570006713642042450D7100FB134301F10201C2
:10758000A7D1C5E7022B07D00196B046FFF78DBA09
:107590000B4B1B78022BF7D1F5F7CAF8B0460196D2
:1075A00005E54FF00408BEE700000020ABAAAA2AB8
:1075B00000140040040B0020080B0020FC0A0020EF
:1075C000540800201C060020144C01206C1C0020D4
:1075D0008C000020BC4901201F85EB516C0D002060
:1075E000F819002008B5FEF751FCFFF767F900BF56
:1075F000114B18680368002B00DAFEE770B50C46E3
:10760000012100F023FE064684B1002562896168ED
:10761000701906F08FF9638924681D44002CF5D198
:107620002946002000F04CFB002070BD21460020C0
:1076300000F046FB002070BD684C01202DE9F041B0
:107640001D4D02218046286800F000FE05210446F9
:10765000286800F0FBFD4FF4C1720646A1B200207D
:1076600002F0BAFA0746F8B104460025628960685C
:10767000711906F05FF9638924681D44002CF5D167
:107680002146204600F0CCFAD8F810304146384662
:107690009847044610B92046BDE8F081384602F00C
:1076A0000DFC2046BDE8F08101464FF0FF3400F0AC
:1076B000B7FA2046BDE8F081644C012038B5044695
:1076C000144A15496161062344F2474004F12E0132
:1076D000E086A26184F83430002000F063FB40F2C1
:1076E000DC522E23A28584F835304FF4E00000F000
:1076F0003DFA4FF46020094C00F038FA04F15005CF
:107700002046103400F0CCFDAC42F9D100F024FB4F
:10771000002038BDF175010895C301084488012097
:1077200001EB410C00EBCC0303291A6922F00102A2
:107730001A614FF000021A615A619A61DA611A62A5
:107740005A620BD849084FEA4C0C82680CEB810C4A
:107750003D2303FA0CF31343836070470439CBB223
:1077600003EB4303C1F340015B0010B403EB81035F
:10777000C4683D2202FA03F32343C3605DF8044B5F
:10778000704700BF01EB410100EBC10030B4436A18
:1077900023F004034362136883619368C361D36970
:1077A00043611469136A01699569234321F45E31C9
:1077B0002B4321F0C00143EA84030B430361536868
:1077C0008BB9036943F400730361D368B3B90369E8
:1077D00043F4806303615369BBB9036943F4807365
:1077E00030BC03617047012B03690CBF23F40073A5
:1077F00043F400430361D368002BE8D0036923F40A
:10780000806303615369002BE7D0036923F480731D
:1078100030BC0361704700BF01EB4101C90010306B
:107820000B5823F480730B50704700BF01EB4101EC
:10783000C90010300B5843F001030B50704700BFD4
:1078400001EB4101C90010300B5823F0606343EA9B
:1078500042630B50704700BF01EB4101802A4FEAA1
:10786000C10104D010300B5813430B507047243023
:107870000B5843F080030B50704700BF032910B42E
:1078800018D8013A1F2A11D8DFE802F07A10108ABE
:107890001010109A10101010101010AA10101010C4
:1078A0001010101010101010101010BA00205DF8F9
:1078B000044B70470B1F013ADBB21F2AF6D80FF2B8
:1078C000080C5CF822F000BF217A0108AD780108AD
:1078D000AD7801084B7A0108AD780108AD78010850
:1078E000AD780108757A0108AD780108AD78010816
:1078F000AD780108AD780108AD780108AD780108D0
:10790000AD7801089F7A0108AD780108AD780108CB
:10791000AD780108AD780108AD780108AD780108AF
:10792000AD780108AD780108AD780108AD7801089F
:10793000AD780108AD780108AD780108AD7801088F
:10794000AD7801084979010801EB41014468C3F3AE
:107950004002103003EB4303C9004FEA430C0CEB29
:10796000820C20230A5803FA0CF0204002F0100386
:1079700000289CD0181E18BF01205DF8044B7047EA
:1079800001EB410350F8244B5A00DB0049081B5817
:1079900002EB810201209040204003F08003E7E7E2
:1079A00001EB410350F8104B5A00DB0049081B580B
:1079B00002EB810204209040204003F00203D7E74D
:1079C00001EB410350F8104B5A00DB0049081B58EB
:1079D00002EB810208209040204003F00403C7E737
:1079E00001EB410350F8104B5A00DB0049081B58CB
:1079F00002EB810210209040204003F00803B7E71B
:107A000001EB410350F8104B5A00DB0049081B58AA
:107A100002EB810220209040204003F01003A7E7F2
:107A200001EB41014468C3F34002243003EB4303FC
:107A3000C9004FEA430C0CEB820C01230A5803FAED
:107A40000CF0204002F0800392E701EB4101446812
:107A5000C3F34002103003EB4303C9004FEA430C69
:107A60000CEB820C04230A5803FA0CF0204002F0BD
:107A700002037DE701EB41014468C3F3400210308B
:107A800003EB4303C9004FEA430C0CEB820C0823C1
:107A90000A5803FA0CF0204002F0040368E701EBF7
:107AA00041014468C3F34002103003EB4303C900B3
:107AB0004FEA430C0CEB820C10230A5803FA0CF02B
:107AC000204002F0080353E703290BD84FEA510C7A
:107AD00001EB41014B0003EB8C0381689A400A43A0
:107AE000826070470439CBB203EB4303C1F340011A
:107AF0005B0003EB8103C1689A400A43C260704790
:107B000008B540F2194000F05BFF40F2194000F068
:107B100065FF0A4B002200200021C3E90C01C3E9E4
:107B20000022C3E90222C3E90422C3E90622C3E911
:107B30000822C3E90A229A6308BD00BF204C012035
:107B40000849094B0A6842F001020A6001E0013B62
:107B500002D00A68D207FAD4024B1868C04300F07A
:107B60000100704700900240FFFF0400B0F5E00FF5
:107B700070B437D0214C2249224B234ACC604FF0BD
:107B800000401C6044F2F4512346204DDC64002484
:107B90002C601F4D18602C6002F58E5502F5BE5406
:107BA0001C35103403F110069D63596003F1400544
:107BB0009A601861596118625962186359631864B0
:107BC00059649C6403F1200002F2F45403F1300183
:107BD00002F6E832C3E90640DE60DD63C3E90A214C
:107BE00070BC70470B4C064A0B4B14614FF480106D
:107BF0001C600A4A00212346C7E700BF44880120D1
:107C000000900240644C0120306A01205C4C01204D
:107C1000604C0120F4870120684C01206C4C01204D
:107C200070B4244C23681A68002A05DB28B302F4D8
:107C30000345B5F5407F02D0002070BC70471E4D53
:107C40002E68B601C2F30D4501D5960600D4043D59
:107C50008D42F1D88DB19B68012D1B7803700BD03C
:107C6000411E2944024623689B6801331B1A9B5C12
:107C700002F8013F8A42F6D12368104A4FF00041D2
:107C800019605169080603D5802000215061916078
:107C90005A68510403D5DB6823600120CDE7120444
:107CA00001D5064BF7E7054A1268C2F38402103289
:107CB0001344F1E7644C0120008002400090024030
:107CC00030B5234C23681A68002A33DB40F2F455A0
:107CD000A9422FD8B8B1B1B19B6802781A700129B6
:107CE0000FD000EB010E0EF1FF3E024623689B68A9
:107CF00001331B1A134412F801CF83F800C07245F8
:107D0000F4D123681A68134D42F03042C3E90021D0
:107D10006969686901F0040100F02000014303D0A3
:107D2000002269616A601A68D10205D5DB682360A8
:107D3000012030BD002030BD920202D5054B1B69E9
:107D4000F5E7044A1268C2F3840210321344EEE7E6
:107D5000684C0120009002400F4810490268104B07
:107D600042F0080202608A6942F480128A6101E0EE
:107D7000013B02D08A69D202FAD4084B06499A69BB
:107D800042F400529A610A6842F004020A609A6959
:107D900042F002029A617047008002400090024067
:107DA000FFFF0400034B8A88C25004330A68C250A4
:107DB000704700BF4080024010B5374B82B00120B1
:107DC0001C6900F029FE354B354A0344934224F0E8
:107DD0001C043FD244F008042F49324B0C610A695D
:107DE00022F47F4222F0C3024FF4004042F003022B
:107DF00048610A6101E0013B02D00A69D407FAD464
:107E0000254B1B6913F001032DD1264A01930192E2
:107E1000019B2BB1019B013B0193019B002BF9D1ED
:107E20001D49204B0A6922F47F4222F0C30242F02E
:107E300001020A6101E0013B02D00A69D007FAD4CD
:107E4000154B1A69D2070DD45869C043C0F3C0302E
:107E500002B010BD144B154A0344934206D844F0B7
:107E60000C04B9E75B69002002B010BD104B114A49
:107E700003449342B0D3104B104A0344934202D8B8
:107E800044F00404A8E70E4B0E4A03449342EAD898
:107E900044F01004A0E700BF0080024000D3CEFEF3
:107EA000C0E1E400FFFF040040F1E9FD3F787D01FF
:107EB00000796CFC005A6202001F0AFA7FF0FA0295
:107EC000802E0FF7804A5D05F0B583B006460D465B
:107ED0001446FFF771FF78B9934B00900093009B15
:107EE0002BB1009B013B0093009B002BF9D1FFF7C6
:107EF00063FF002800F048818C4A8D4B11680B40CD
:107F00001360002353609360D36091694FF6417012
:107F1000014041F0800187489161D36187698649BA
:107F2000394041F008718161016884490160012E86
:107F300000F02D811369F10823F47F43700823F0CA
:107F4000C30301F4807100F4005043F003030143C4
:107F5000516113617A4B01E0013B02D01169CF07F7
:107F6000FAD4724B1B6913F0010340F00D816FF0DE
:107F70007F4201930192019B2BB1019B013B019335
:107F8000019B002BF9D1694A136823F4B0431E43C7
:107F900016606E050BD51368664943F48063136061
:107FA0008A6905F0806322F0806213438B615F4928
:107FB000644A4B681C434C601368D80713D50C689F
:107FC0005368614824F0007424F080041840204372
:107FD000584C0860A1699B0821F0C00103F0C00360
:107FE0000B43A36113689F0709D5524990680B683A
:107FF00023F0E06323F4803303430B6013685E07D0
:1080000009D54C49D0680B6823F47E0323F47C53D4
:1080100003430B6013681D0709D5464910690B68B7
:1080200023F4404323F0020303430B601368DC0690
:1080300007D54049454B8C695069234003438B6108
:108040001368980612D53B4C9369A069404920F00B
:108050008070194020F004000143A161216803F001
:10806000800321F080010B4323601368590607D574
:108070002E49D069CB695B0C5B040343CB61136869
:108080001F0617D5294C136AA0694FF641710840A5
:1080900023F47F4121F0410101432648A161D0F83A
:1080A00080101B0A21F0770103F077030B43C0F81F
:1080B00080301368DE0503D51C4B516A9960136844
:1080C0009D0503D5194B916AD96013685C0509D5E4
:1080D0001649D06A4B6823F4FB6323F0060303437D
:1080E0004B601368180509D51049106B0B6823F411
:1080F000913323F0700303430B601368D90407D551
:108100000A49506B0B6823F4400303430B60136868
:108110009B0406D50549926B0B6823F46023134337
:108120000B60012003B0F0BDFFFF8F000080024014
:108130000F8130FD00900240233FDEF80060C10255
:10814000FFFF0400204C012080000002E73FDEFD1D
:1081500004000001364B9C4516D0116921F47F4183
:1081600021F0C30141F003014FF4805050611161CF
:10817000304901E0013B02D00A69D007FAD42D4F03
:10818000396911F001011AD0002003B0F0BD2A4E68
:10819000274F9C461169264B314041F04101116146
:1081A00001E0013B02D01069C107FAD41369536999
:1081B0005B070CF1010CCDD4BC45EBD1E4E71E4EBE
:1081C000DFF86CE03A691A4B324042F041023A6102
:1081D00001E0013B02D03869C207FAD43B697B69F0
:1081E000980601F1010102D47145EBD1CCE7104BA7
:1081F0009942C9D03A690F4922F47F4222F0C30262
:1082000042F4F06242F001023A6101E0013B02D027
:108210000A69D207FAD4074B1A695B69C3F380066F
:10822000DB074FEAC6263FF5AEAE46F48046AAE627
:10823000FFFF0400008002403C00FFFF024A536839
:1082400003435360704700BF00800240052921D8D6
:10825000DFE801F0050309161A038068704700681B
:10826000C0F3C30070470368C3F30D4004280FD95F
:108270000A4A1268920101D59B060AD40438704755
:108280004068C0F30C007047C088C0F30C00704712
:10829000002070474FF0FF30704700BF0080024061
:1082A000436823F000434360704700BF1E4A1368D1
:1082B00059684FF0004010B4186048040BD51B48B3
:1082C000016800292AD00B68CC6814600BB30360E6
:1082D0005DF8044B704709040BD5144B144819681A
:1082E000C06810600029F3D00A685DF8044B1A607A
:1082F00070470F490D4C096820681033C1F38401A1
:108300000B4413600028E3D0103020605DF8044B6C
:10831000704710315DF8044B01607047DB685DF811
:10832000044B1360704700BF644C01205C4C01207B
:108330000090024008B50F4B1B681B68002B14DB34
:1083400003F40342B2F5407F0BD103F02102212A4E
:1083500007D0094A12689201C3F30D4007D40438CC
:1083600008BDFFF7A3FF012008BD002008BD9B0644
:10837000F5D508BD644C012000800240054BD3F8C0
:10838000102C002A05DA0449044AC3F8041CC3F877
:10839000042C70470030024023016745AB89EFCDC4
:1083A000034AD2F8103C43F00043C2F8103C704737
:1083B000003002403E496FF03043D1F80C2C12F4EB
:1083C000803F4BD112F4807F4CD112F0800F4ED100
:1083D00012F0400F50D112F0100F58D192075DD417
:1083E000012B3DD0D1F8103C23F0F80310B4C1F8B4
:1083F000103CD1F8103C2E4C034343F00203C1F86B
:10840000103CD1F8103C43F480336FF03042C1F897
:10841000103CD4F80C0CC10333D4C30502F1FF3275
:1084200033D4040638D441063DD4C3063DD410F0FD
:10843000020018BF0620002A08BF07201C4B5DF869
:10844000044BD3F8102C22F00202C3F8102CD3F8FE
:10845000102C22F0F802C3F8102C7047013BACD16D
:1084600007207047012B14BF022007207047012B03
:1084700014BF032007207047012B14BF04200720DE
:108480007047013AC5D10720D8E70220D3E7012B76
:1084900014BF0520072070470320CCE7012B14BF31
:1084A0000620072070470420C5E70520C3E700BF6A
:1084B0000030024030B4394C6FF03043D4F80C2C0B
:1084C000D5033FD4D50542D4150646D4550649D424
:1084D000D50652D4920757D4012B35D0D4F8103C8E
:1084E0002E4D23F44073C4F8103CD4F8103C43F4F0
:1084F0000073C4F8103CD4F8103C43F00103C4F8F6
:10850000103C6FF030420160D5F80C0CC3032ED440
:10851000C50502F1FF322ED4040633D4410638D407
:10852000C30638D410F0020018BF0620002A08BF86
:1085300007201A4AD2F8103C23F0010330BCC2F8DD
:10854000103C7047013BB9D1072030BC7047012B6C
:1085500014BF0220072030BC7047012B14BF03203A
:108560000720F2E7012B14BF04200720EDE7013AB2
:10857000CAD10720DDE70220D8E7012B14BF052070
:108580000720E2E70320D1E7012B14BF06200720D4
:10859000DBE70420CAE70520C8E700BF003002403F
:1085A000014BC3F80C0C70470030024013F0010F70
:1085B00030B40568C46806D025F0030C24F0030429
:1085C0004CEA0105144313F0020F07D025F00C0C00
:1085D00024F00C044CEA810544EA820413F0040FF1
:1085E00007D025F0300C24F030044CEA011544EAA1
:1085F000021413F0080F07D025F0C00C24F0C004BB
:108600004CEA811544EA821413F0100F07D025F4C8
:10861000407C24F440744CEA012544EA022413F01F
:10862000200F07D025F4406C24F440644CEA8125E7
:1086300044EA822413F0400F07D025F4405C24F470
:1086400040544CEA013544EA023413F0800F07D05D
:1086500025F4404C24F440444CEA813544EA823409
:1086600013F4807F07D025F4403C24F440344CEAD6
:10867000014544EA024413F4007F07D025F4402C5E
:1086800024F440244CEA814544EA824413F4806F88
:1086900007D025F4401C24F440144CEA015544EA68
:1086A000025413F4006F07D025F4400C24F4400466
:1086B0004CEA815544EA825413F4805F07D025F0D8
:1086C000407C24F040744CEA016544EA026413F4EF
:1086D000005F07D025F0406C24F040644CEA8165CF
:1086E00044EA826413F4804F07D025F0405C24F004
:1086F00040544CEA017544EA02741B0444BF61F320
:108700009F7562F39F740560C46030BC704700BF02
:10871000012941680CBF194399434160816813F0F6
:10872000010F1CBF21F00301114313F0020F1CBF06
:1087300021F00C0141EA820113F0040F1CBF21F06B
:10874000300141EA021113F0080F1CBF21F0C001F3
:1087500041EA821113F0100F1CBF21F4407141EA6D
:10876000022113F0200F1CBF21F4406141EA822155
:1087700013F0400F1CBF21F4405141EA023113F0C5
:10878000800F1CBF21F4404141EA823113F4807F05
:108790001CBF21F4403141EA024113F4007F1CBFA9
:1087A00021F4402141EA824113F4806F1CBF21F47F
:1087B000401141EA025113F4006F1CBF21F4400143
:1087C00041EA825113F4805F1CBF21F0407141EAFD
:1087D000026113F4005F1CBF21F0406141EA826135
:1087E00013F4804F1CBF21F0405141EA02711B0479
:1087F00048BF62F39F718160704700BF816170471D
:108800008162704703690B4214BF0120002070474A
:1088100010B4046A436A12F0010F1CBF24F00F0465
:108820000C4312F0020F1CBF24F0F00444EA0114C0
:1088300012F0040F1CBF24F4706444EA012412F007
:10884000080F1CBF24F4704444EA013412F0100FE6
:108850001CBF24F4702444EA014412F0200F1CBF12
:1088600024F4700444EA015412F0400F1CBF24F0B9
:10887000706444EA016412F0800F18BF61F31F7442
:1088800012F4807F1CBF23F00F030B4312F4007F10
:108890001CBF23F0F00343EA011312F4806F1CBFE6
:1088A00023F4706343EA012312F4006F1CBF23F426
:1088B000704343EA013312F4805F1CBF23F470233A
:1088C00043EA014312F4005F1CBF23F4700343EA40
:1088D000015312F4804F1CBF23F0706343EA01631D
:1088E000120448BF61F31F7304625DF8044B4362D6
:1088F000704700BF10B4224CE36803F4E063B3F5A3
:10890000E06F32D0E36803F4E063B3F5C06F17D0D3
:10891000E36803F4E063B3F5A06F0DD0E36803F4FC
:10892000E063B3F5806F24D0E36803F4E063B3F54C
:10893000407F22D0134BE36002F00302022302E0E7
:1089400002F007020323104C994011432318090138
:10895000C9B283F800134209012300F01F008340CD
:1089600044F822305DF8044B704702F00F020423F4
:10897000E9E702F001020123E5E700221346E2E7FE
:1089800000ED00E00005FA0500E100E021F06041A3
:10899000034B21F07F0101439960BFF34F8F704774
:1089A00000ED00E0830903F1804303F50E3300F08E
:1089B0001F001968012282400A431A60704700BFF5
:1089C000830903F1804303F50E3300F01F0019689B
:1089D000012282400A431A60704700BF830903F1F5
:1089E000804303F50E3300F01F001A680121814017
:1089F00022EA01021A607047064A6FF080739842BB
:108A0000D2F88C380CBF23F080730343C2F88C3843
:108A1000704700BF0030024010B5364C844694E8E1
:108A20000F0088B00DF1200E10340EE90F0094E80D
:108A300003006B4683E8030002AB83E803002E4A81
:108A4000D2F80838C3F38103012B4ED0022B43D157
:108A5000D2F80408D2F80418D2F80438D2F804285E
:108A6000264CC3F3014312F4800F03F10103C1F359
:108A700088124FEA430300F03F01214818BF204607
:108A8000B0FBF1F002FB00F0B0FBF3F01A4BD3F8AF
:108A90000818D3F80828D3F80838C1F30311203197
:108AA0006944C2F38222C3F342332032203311F8E7
:108AB000101C6A446B4412F8202C13F8183C20FA5E
:108AC00001F1BCF1030F12D8DFE80CF0040C02082E
:108AD00021FA02F008B010BD0948D7E721FA03F0E7
:108AE00008B010BD084608B010BD0448CEE700200D
:108AF000F0E700BFB8DC01080030024040787D019B
:108B00000024F400044AD2F8043823F40003034399
:108B1000C2F80438704700BF0030014008B5634B0D
:108B200098427CD017D8A3F58053984200F08180FA
:108B300036D95F4B984200F0868003F580639842F7
:108B400020D140F60600FFF73BFFBDE8084040F6A5
:108B50000600FFF743BF574B98427ED032D9564BA1
:108B6000984200F0848003F58063984240F0898049
:108B700040F61210FFF724FFBDE8084040F612103F
:108B8000FFF72CBFA3F5006398427AD140F60400AA
:108B9000FFF716FFBDE8084040F60400FFF71EBFD0
:108BA000A3F5006398426DD003F5806398421BD112
:108BB00040F60200FFF704FFBDE8084040F602005F
:108BC000FFF70CBFA3F58043984265D003F580639F
:108BD000984216D140F60110FFF7F2FEBDE80840BA
:108BE00040F60110FFF7FABEB0F1804F49D14FF4C3
:108BF0000060FFF7E5FEBDE808404FF40060FFF7B6
:108C0000EDBEA3F5644398423BD140F60800FFF760
:108C1000D7FEBDE8084040F60800FFF7DFBE40F68B
:108C20000700FFF7CDFEBDE8084040F60700FFF75C
:108C3000D5BE40F60300FFF7C3FEBDE8084040F68E
:108C40000300FFF7CBBE40F60500FFF7B9FEBDE815
:108C5000084040F60500FFF7C1BE4FF41160FFF772
:108C6000AFFEBDE808404FF41160FFF7B7BE40F615
:108C70001110FFF7A5FEBDE8084040F61110FFF700
:108C8000ADBE08BD40F60100FFF79AFEBDE8084002
:108C900040F60100FFF7A2BE4FF41060FFF790FE10
:108CA000BDE808404FF41060FFF798BE001C00407C
:108CB000001400400040014000440140174B0A8866
:108CC000826220F4806C9C451BD020F44063B3F199
:108CD000804F16D0124B8A68C2629C450CD0026845
:108CE000CB8822F440720260026813430B4A03608F
:108CF000944504BF0B7B0363436943F00103436165
:108D0000704702684B8822F07002026002681343C9
:108D1000036002688B8813430360DBE700000140B7
:108D200000100040036843F001030360704700BF78
:108D300041627047C3681943C1607047436C0129A1
:108D40000CBF43F4004323F400434364704700BF67
:108D500010B403291DD8DFE801F00288461F036A1A
:108D6000118823F0010303628469938824F00304CB
:108D70008461046A21430162016A6F4C21F002019F
:108D80000162016A0B4320F48061A142036200F09A
:108D9000AF805DF8044B7047036A1188948823F410
:108DA00080530362C36923F44073C361036A43EAD7
:108DB00001330362036A604923F400530362036AC8
:108DC00043EA043320F480648C420362E1D14368B7
:108DD00012895DF8044B23F480434360436843EAFF
:108DE000821343607047036A1188948823F4807368
:108DF0000362C36923F00303C361036A43EA0123E7
:108E00000362036A4C4923F400730362036A43EA72
:108E1000042320F480648C420362BAD1036A54882C
:108E2000D18823F480630362036A43EA0423036264
:108E3000036A5DF8044B23F400630362036A43EAA8
:108E40000123036243681189528923F480534360EC
:108E5000436843EA01134360436823F400534360CB
:108E6000436843EA021343607047036A1188948899
:108E700023F010030362836923F440738361036A60
:108E800043EA01130362036A2B4923F020030362C0
:108E9000036A43EA041320F480648C4203627FF483
:108EA00078AF036A5488D18823F040030362036AD1
:108EB00043EA04130362036A5DF8044B23F0800362
:108EC0000362036A43EA011303624368118952890A
:108ED00023F480634360436843EA8103436043684B
:108EE00023F400634360436843EA820343607047AE
:108EF000036A518823F004030362046AD388214380
:108F00000162016A21F008010162016A0B430362F8
:108F10004368118923F48073436044685389214373
:108F2000416042685DF8044B22F40072426042687E
:108F300013434360704700BF0000014003290BD872
:108F4000DFE801F01C130B02C36923F4E043C361A3
:108F5000C36943EA0223C3617047C36923F0700306
:108F6000C361C3691343C3617047836923F4E0435A
:108F70008361836943EA022383617047836923F035
:108F8000700383618369134383617047032904D8A5
:108F9000DFE801F00806040202647047C26370470C
:108FA000826370474263704703290BD8DFE801F002
:108FB0001C130B02C36923F40063C361C36943EA52
:108FC0000223C3617047C36923F00803C361C36907
:108FD0001343C3617047836923F40063836183692A
:108FE00043EA022383617047836923F008038361A6
:108FF0008369134383617047C3680B43C360704741
:10900000C36823EA0103C360704700BFC3680069F7
:10901000084003D00B4214BF01200020704700BF5E
:10902000C9430161704700BF38B5214B98420446DF
:109030000D4608D02ED8A3F53053984203D015D949
:109040001C4B98421AD10220FFF7E6FCE3681B0490
:1090500019D56B084FF6F07103EB4003B3FBF5F342
:10906000C3F342020B401343A36038BDA3F5006372
:109070009842E8D003F580639842E4D0E3681B048B
:109080004FF00000E5D400EB5500B0FBF5F080B2E6
:10909000A06038BD084B20F480629A4204D0A3F54A
:1090A00014439842CFD0E9E70320FFF7B5FCCDE7A2
:1090B000007800400050004000100140C36823F4D5
:1090C000C063C360C3680B43C3607047C36823F4C5
:1090D0008053C360C3680B43C3607047036923F4C4
:1090E0004053036103690B4303617047C36843F452
:1090F0000053C360704700BFC36823F008030B43ED
:10910000C3607047C36823F004030B43C360704718
:109110004068C0F308007047436923F080030B43A5
:10912000436170474FEA911C01225CF8003001F066
:109130001F018A4023EA02034CF80030704700BF49
:109140008A0910B401F01F01145801238B402343F6
:1091500013505DF8044B70474FEA911C01225CF8F4
:10916000003001F01F018A4023EA02034CF800306E
:10917000704700BFC1F389138A0D30B41D581458CD
:10918000C1F30443012202FA03F0204006D001F0AB
:109190001F018A402A4214BF0120002030BC7047C2
:1091A0004FEA915C01225CF80030C1F304418A402F
:1091B00023EA02034CF80030704700BF002103E0AF
:1091C0000A4B5B584350043109480A4B42189A42F3
:1091D000F6D3094A02E0002313600432074B9A4297
:1091E000F9D300F00FF8FEF7FDF97047F8F6010823
:1091F00000000020C40A0020C80A0020186B0220CA
:10920000FEE700005B495C4AD1F8883010B443F4B3
:109210007003C1F88830D2F8003843F0010383B0FE
:10922000C2F80038D2F800389907FBD5D2F80838D0
:10923000002143F08003C2F808380191019B4F2BB5
:1092400005D8019B01330193019B4F2BF9D94A4A61
:10925000D2F80838002143F09003C2F80838019191
:10926000019B4F2B05D8019B01330193019B4F2B91
:10927000F9D94149414CD1F8083823F00303C1F82A
:109280000838D1F8002822F0847222F48032C1F824
:109290000028D1F80028002022F48022C1F80028FC
:1092A000C1F80808D1F80828C1F80448C1F80C082A
:1092B000D1F8002842F480324FF6FF73C1F800283D
:1092C00001E0013B03D0D1F800289203F9D52A4BE5
:1092D000D3F8002894034CD5D3F8402828492948CE
:1092E00042F08052C3F840280A6842F440420A60C3
:1092F000D3F80828C3F80828D3F8082842F4004215
:10930000C3F80828D3F8082842F4A052C3F8082864
:10931000C3F80408D3F8002842F08072C3F800288C
:10932000D3F800289001FBD5154A136843F4803325
:1093300013605368D903FCD51368114943F4003313
:1093400013604B689A03FCD50B4AD2F8083823F017
:109350000303C2F80838D2F8083843F00203C2F811
:109360000838D2F808381B07FBD503B05DF8044B6A
:109370007047FEE700ED00E00030024010300024AE
:10938000007000401964400940BA80B2704700BFC5
:1093900000BA704730B510F001044FF0000C06D051
:1093A000614529DD10F8013B013963F31F2C0129C8
:1093B0002ADD02394D0805F1010E00EB4E0E0023A7
:1093C00030F8022B70451344FAD1C5EBC57501EB9B
:1093D0004501012905BF9EF8002062F3070C0CEB44
:1093E000030013FA8CF083B203EB104398B200EB46
:1093F000134014B980B230BD604603029BB2C0F383
:109400000720184380B230BD86460023E1E700BF45
:109410002DE9F843089C1B6824689046220C12FA38
:1094200084F414FA83F404EB1344A3B203EB14435F
:109430009CB2894604EB1344E0B1054600276E89CF
:1094400068683146FFF7A6FF204484B2F30704EBB7
:10945000104406D523029BB2C4F3072487F001070A
:109460001C432D68002DEAD127B123029BB2C4F31F
:1094700007241C434846FFF787FF05464046FFF791
:1094800083FF2844204483B203EB104398B200EBDF
:109490001340C04380B2BDE8F88300BFFFF7B8BFF8
:1094A00030B510F001044FF0000505D039B310F8C5
:1094B000013B013963F31F25012928DD02394FEAF9
:1094C000510E0EF1010C00EB4C0C002330F8022B76
:1094D00060451344FAD1CEEBCE7E01EB4E0101295B
:1094E00005BF9CF8002062F30705ED1813FA85F517
:1094F000ABB203EB154399B201EB134124B10B025C
:109500009BB2C1F307211943C94388B230BD8446D9
:109510000023E4E720B3F8B5002705463C466E89F2
:1095200068683146FFF736FF0444A3B203EB1444E6
:10953000F30706D523029BB2C4F3072487F0010783
:109540001C432D68002DEAD13FB1200280B2C4F344
:1095500007242043C04380B2F8BDE443A0B2F8BD65
:109560004FF6FF70704700BF0B4B0C490C4830B4EE
:1095700023F0030303F520420A4C03604FF4204517
:109580000A60002001211D601871236011714FF0E5
:10959000A02330BC13607047BB880120B088012035
:1095A000AC880120B4880120002866D0830764D1EC
:1095B000324A1168A0F1080399425ED82DE9F043C0
:1095C0002F4C246800F10C02944254D310F8042C60
:1095D000002A50D030F8082C30F806CCB2F5204FD5
:1095E00049D8BCF5204F46D85D1AADB2654501EBB0
:1095F0000C0903D031F80C60AE423CD101EB020EF5
:10960000744503D0BEF80260AE4234D11D4F00262F
:1096100000F8046C3E689E4284BF3B601E46734562
:1096200017D09EF80480B8F1000F12D1744510D005
:10963000BEF8002020F8082CB64504BF3B601E464B
:10964000B2F5204F05D08C18658030F806CC01EBC0
:109650000C0999450FD099F8040060B9B34208BFCE
:10966000C7F80090B2F5204F18BF8918A9F800205C
:1096700018BFA1F802C0BDE8F0837047B48801208C
:10968000B0880120AC880120CB1C23F003039BB2DF
:109690000B2B3BD9B3F5204F3BD8994239D82E4AF2
:1096A0001268824237D82D490968814233D970B592
:1096B000A0F1080130F808EC891A89B2AEF1080C63
:1096C000ACEB010C1FFA8CFC9C4542D31DD002EB85
:1096D0000E04257905BB224D32F80EE02E6801F10B
:1096E000080C63449BB2A64202EB030408BF2C6043
:1096F00061800021A4F800E0217120F8083C218855
:10970000B1F5204F01D011444B8070BD0C2399421C
:10971000C5D900207047704703F11404A4B2A445D2
:10972000F3D30F4D01F1080423449BB22E68D418E3
:10973000A64288BF2C600025257122F803E06180D5
:1097400020F8083CD15AB1F5204FDED00A445380AE
:1097500070BD002070BD00BFB4880120B08801201A
:10976000AC880120002855D02DE9F04100F1030E0E
:109770002EF0030E1FFA8EFEBEF10B0F29D9BEF597
:10978000204F23D8704521D8294B2A4E19683568B7
:10979000A5EB010C1FFA8CF3CEF52047BB429C468B
:1097A00014D26FF0070806E0CB5A1A44724513D260
:1097B0009F429C460AD9C818A8EB03020479002CE2
:1097C000F2D031F803C063469F42F4D80020BDE8D0
:1097D000F0814FF00C0ED5E70EF11407BA4206D215
:1097E00001230371854216D00830BDE8F0810EF1E7
:1097F0000802624492B28F183C718B520123A7F881
:1098000002C0028003718B5AB3F5204FEAD00B449B
:109810005A80E7E77047084A0346146803E01B884C
:109820000B441A790AB19C42F9D13360DCE700BFDE
:10983000B4880120AC880120B0880120F0B5124D19
:10984000124B134E05F11C0E0A240027033355F862
:10985000042B376023F003036CB10021B2F804C07D
:109860000A4600E003460132A242196003EB0C00F5
:109870001946F7D13360AE4504D02A68D2E90236E2
:10988000D488E3E7F0BD00BFF0F50108406802208E
:109890003C680220062808D8054B53F82030DB68C6
:1098A000186818B102681A6070470020704700BF3E
:1098B000F0F50108062807D831B1044B53F82030E1
:1098C000DB681A680A601960704700BFF0F501088C
:1098D0006FF00B00704700BF30B50D4641682B6834
:1098E0008B4283B001D103B030BD044611601046F5
:1098F00001A9019300F0C0FE94F835302A68626037
:1099000003F00501052906D0E369002BEBD02046C2
:10991000984703B030BD002AF6D01A0705D49B063D
:10992000F2D5204603F02AF8EEE7211D204602F08A
:109930002FFE94F83530F2E72DE9F04383B0DDF8DF
:109940002C9000286BD0B9F1000F68D01F460A9BFD
:1099500003620C9B3B4C03613B4B0E469046002937
:1099600008BF1E46002A08BF9846002F08BF1F46A2
:10997000227880F83820002343608360C36080F839
:109980003530436283623268304983850546C3615E
:10999000C3634161002A4CD018461946D8F800200C
:1099A000904218BFAA603A68934218BFEA60002943
:1099B00039D02846C847034688BB254E95F838104D
:1099C0003068FF2904BF85F83830194670B1034666
:1099D00001E01B6853B193F838208A42F9D1013174
:1099E000C9B2FF2913D085F83810F0E7FE2918BF57
:1099F0004B1C95F83520286014BFDBB20023237080
:109A00009306356007D4284603B0BDE8F0830021F3
:109A100085F83810DBE7284602F074FFF3E70020F2
:109A200003B0BDE8F08301AA31462846FFF754FF92
:109A3000BFE7314601AAFFF74FFFD5E90203012135
:109A4000ACE700BFD3690220D4F60108D198010821
:109A5000D8690220F0B5254D002914BF0E462E46C8
:109A6000002A14BF17462F46002B18BF1D46336827
:109A700083B004466BB100223B68A1688B4218BFDB
:109A8000A3602B68E1688B4218BFE3603AB103B072
:109A9000F0BD6A463146FFF71FFF0122ECE763681D
:109AA00032689A42F3D001A96846CDE9003200F04D
:109AB000E3FD94F835303268626003F00501052952
:109AC00007D132B11A070AD49B0602D5204602F00C
:109AD00055FFE369002BDAD020469847D7E7211DD0
:109AE000204602F055FD94F83530EDE7D4F6010834
:109AF000014B1860704700BFD4690220C8B110B58F
:109B000090F83530D907044612D4C26943F00103F6
:109B100080F8353012B1904794F8353003F00502E3
:109B2000052A05D162681AB11A0708D49B0601D428
:109B300010BD70472046BDE8104002F01FBF211D38
:109B4000204602F025FD94F83530EFE700B1C16101
:109B5000704700BF024658B1064B186810B907E0BD
:109B6000006830B190F838300133DBB29342F7D15E
:109B700070477047D869022038B558B3002405E013
:109B8000036998470134E4B2C5B12846837B013BA1
:109B9000DBB2837393B9427B0568037B9207EFD4F2
:109BA00003F00F03022B0BD0012B0ED0002BE9D1B9
:109BB0000134FFF7F9FCE4B2002DE6D1204638BDB0
:109BC00001460620FFF776FEDCE701460520FFF799
:109BD00071FED7E70446F1E72DE9F843002661F36B
:109BE0000F06B2F5C17F884661F31F4641D0144687
:109BF00009D822F04003012B9DB22AD04FF0000972
:109C00004846BDE8F883B2F5207FF7D1C31C01F1C7
:109C1000030828F0030823F0030343449BB20546DE
:109C2000434503F1100080B2E8D38045E6D8FFF742
:109C300099FD81460028E3D02B4A4319C0E902620E
:109C40001333002123F00303C0E900134846BDE8A5
:109C5000F8830520FFF71EFE81460028D0D00023A0
:109C600004734373C581C0E9003386604846BDE88C
:109C7000F88300261D4D0746B14640F2DC5407E04C
:109C80001FFA81F83060B8F1000FB9D006460027FE
:109C90000620FFF7FFFDFB1C23F00303E31A9BB232
:109CA0004345074428BF43461337A8EB030100226E
:109CB00027F0030788B1C0E90027A0F80880438196
:109CC000C560B9F1000FDBD1A8EB03031FFA83F8DD
:109CD0008146B8F1000FD9D192E7B9F1000F8DD0CC
:109CE0004846FFF749FF89E7800001008200010034
:109CF00070B50025064661F30F050520144661F393
:109D00001F45FFF7C7FD38B10023C0E90036012227
:109D1000856004734373C28170BD00BF10B503300A
:109D200020F0030C1846002361F30F03BDF80CE08C
:109D3000029C61F31F43614471450BD804B1644434
:109D40000021C0E901430160012302210273417334
:109D5000C38110BD002010BD38B50446008988427B
:109D600028D96289914211D9218124688B1A62898C
:109D7000081A99B28A4280B208D223890344238107
:109D80002468891A628989B28A42F6D3237B002526
:109D900061F30F05180761F31F4504D1914202D00A
:109DA000637B9B0707D52068A56008B1FFF7E4FE39
:109DB0000023236038BD63681B1B1944204689B209
:109DC000FFF762FC0446EEE770B1B1F5803F0BD2BD
:109DD00061B103898AB213449BB29A4204D890F9C4
:109DE0000CC0BCF1000F03DB01207047002070475E
:109DF00010B4446800F1100C611A614509D3B0F841
:109E00000AC0416062444281038100205DF8044B36
:109E100070470120FAE700BFA0B1B1F5803F11D231
:109E200091B143898AB29A420CD810B444680C4468
:109E3000018944609B1A8A1A438102815DF8044BB0
:109E400000207047012070470020704700291ADB6E
:109E500000B359B303898AB213449BB29A4219D80A
:109E600010B490F90CC04468BCF1000FA4EB0101E0
:109E70001EDBB0F80AC041606244428103810020C9
:109E80005DF8044B704728B1438949421FFA81FCB1
:109E90009C4501D901207047426811440289416004
:109EA000A3EB0C03A2EB0C0243810281002070475C
:109EB00000F1100C6145DCD20120E1E708B1FFF7A9
:109EC0005BBE7047034630B100201B68013080B292
:109ED000002BFAD17047704710B1837B0133837335
:109EE000704700BF80B179B1036843B10289B1F80E
:109EF00008C06244028118461B68002BF6D10A890B
:109F00000389016013440381704700BFA0B191B180
:109F1000036843B10289B1F808C06244028118465F
:109F20001B68002BF6D10A89038901601344038161
:109F30008B7B01338B7370470029F9D1704700BFC9
:109F400000287AD02DE9F0410D4600296DD0028914
:109F50000B899A42804668D30026438937466C892C
:109F6000D8F804006968DB1BA41B9C4228BF1C4670
:109F700031443844224603F0DDFC6B892644B34269
:109F8000274414D9B8F80A2097423CD02A899A422B
:109F900019D0B8F80A30B8F808209A42DFD1D8F8BA
:109FA0000020002ADBD06FF00500BDE8F081B8F892
:109FB0000A302D68BB4215D06DB169892A8991425A
:109FC0004FF00006E7D12B68002BE2D06FF00500C0
:109FD000EBE7B8F80A30B8F808209A421AD0002007
:109FE000BDE8F081D8F80080B8F1000F1BD0002D3B
:109FF000EFD06A892B899A424FF0000618D0B8F842
:10A000000A303746C7E7D8F80080B8F1000F0CD007
:10A010000027BBE7D8F80030002B0CBF00206FF002
:10A020000500BDE8F081002DD9D06FF00F00D7E713
:10A030002B683746002BACD0C8E76FF00F00704795
:10A040002DE9F041054660B30F4671B3164682B361
:10A050004FF00008B5F80AC007EB080053B163459C
:10A06000A3EB0C0206D32D6893B2002DF2D140462B
:10A07000BDE8F081ACEB0304A4B2B44228BF34467F
:10A080006968361B224619444444B6B203F052FCB8
:10A090001FFA84F82D68002EE9D00023002DD9D1B5
:10A0A000E5E780464046BDE8F08188464046BDE889
:10A0B000F0819046DBE700BF38B515460A4629898E
:10A0C000FFF78AFD044610B12946FFF739FF204605
:10A0D00038BD00BF18B90AE0006899B230B14389B1
:10A0E0008B42A1EB0303F7D94368585C7047704774
:10A0F0002DE9F04F4389072B87B0044640F2998041
:10A10000DFF8AC91D0F804A0D9F814008846D9F84B
:10A11000001003F009F80546BAF80000FFF734F91B
:10A120000746BAF80200FFF72FF95E4BD3F800B0EC
:10A130000246BBF1000F00F0B180D9E9043C0026D3
:10A140000393CDF814B05B46D9F804E0049430468C
:10A15000D34604E0D9681846002970D00B46598AC6
:10A160009142F7D193F808A0BAF1000F05D09EF8FC
:10A1700038100131C9B28A45ECD11968002D44D09C
:10A1800049B1BCF1FF3F64D0D8F8084081EA0C0A1D
:10A190001AEA040FDED193F810A01AF0040F04D1CC
:10A1A000002E69D0BCF1FF3F59D0998AB942D1D174
:10A1B000596811B1039CA142CCD1DA46DDE9044BC8
:10A1C00028B1384A1360DA68C260C3F80CB01E4682
:10A1D000BAF8063043B1344B00932289043B112175
:10A1E0002046FFF75BF920BB08212046FFF714FE4D
:10A1F000F8B9BEB1356AE5B1706A2C4B00972246BA
:10A200003146A84707B0BDE8F08F09B16145A1D13B
:10A21000197C4907C9D4998A002E08BF1E46B94245
:10A2200098D1C5E72DB9D9F8143003F0F003E02B2D
:10A2300028D1204607B0BDE8F04FFFF73FBE049C91
:10A24000DA46002EC4D1D8F804309C45F1D100265E
:10A25000BEE793F810A01AF0040FA6D166B1D8F8A3
:10A2600004A034685445A0D08A4508BF1E46998A88
:10A27000B9427FF46FAF9BE7998AB9421E467FF4DB
:10A2800069AF95E7B9F80C100831204609B2FFF71D
:10A29000DDFD0321204602F061FACAE7D9F814C0B7
:10A2A000D1E700BFDC690220A8880120A488012032
:10A2B00094880120394BF0B5002914BF0C461C4688
:10A2C000002865D0364E3768F7B1B84218BF394616
:10A2D00002D143E0884241D0C9680029FAD1AAB12D
:10A2E00025683B4615B929E0DB68FBB18342FBD00A
:10A2F000B3F812C09445F7D11C68A54201D0002CD8
:10A30000F2D16FF00700F0BD0ABB3946DFF894E0E8
:10A31000BEF800204FF6FF739A424FF4804532D0CA
:10A32000013292B22FBB2568AEF800200560428250
:10A3300081B10020F0BDDB68002BF7D09842FAD045
:10A340005C8A9442DDD0DB68002BF7D1EEE723680E
:10A3500003604282C76030600020EBE70121BEE766
:10A36000013DADB2BDB14FF6FF739A42D8D14FF463
:10A3700040423B4602E0DB68002BD4D0B3F812C069
:10A380009445F8D1ECE74FF44042002FF1D1CAE7F1
:10A390006FF00F00F0BDAEF80020B2E7D4F6010870
:10A3A000DC690220BC0A00202DE9F04F85B0DDE910
:10A3B0000EBA002800F087800D46002900F0838047
:10A3C0001746002A7FD0BAF1000F7CD0BBF1000FF6
:10A3D00079D0428A99460446002A5BD02A894FF6F2
:10A3E000F7739A4272D808212846FFF7EDFC00283F
:10A3F00041D12E46608AD6F80480FEF7C5FFA8F842
:10A4000000004846FEF7C0FF0023A8F8020088F8C5
:10A41000063088F80730237C1A0708D53B6803F01C
:10A42000F003E02B03D1737B43F004037373308993
:10A43000FEF7AAFFA8F80400237CDB0734D53B68AD
:10A4400003F0F003E02B0CBF637FE37ACDF808B094
:10A45000A27A0092112001903A465146304602F00D
:10A46000E7FDAE42804602D03046FFF727FD40466A
:10A4700005B0BDE8F08F4FF4207208212220FFF7CD
:10A48000ABFB064610B32B89002BB3D02946FFF750
:10A490003DFDAFE70146FFF70DFF804600289DD048
:10A4A000404605B0BDE8F08F328900975346112130
:10A4B0003046FEF7F3FF4FF6FF73002818BF034640
:10A4C000A8F80630BBE76FF00F08D0E74FF0FF3871
:10A4D000CDE700BF70B582B0069CA8B1A1B19AB11A
:10A4E00094B1056835B9251DCDE90045FFF75CFF3E
:10A4F00002B070BD05F0F00CBCF1E00FF3D066685F
:10A50000B54204D10546EFE76FF00F00F0E76FF0BA
:10A510000300EDE7002843D0F0B50D4683B00029D5
:10A520003BD00446007AA68A271D58BB636803F017
:10A53000F003E02B0CD1207F38BBA36943B11A4A4A
:10A540001268934204D004F1180002F0D5FA18B949
:10A55000384602F0D1FAE8B1216851B9031DCDE9BE
:10A5600000033A46334629462046FFF71DFF03B055
:10A57000F0BD01F0F003E02BF0D04368994209D11F
:10A580002346ECE7FFF7E6FAE5E7FFF7E3FA0028F2
:10A59000E2D1DDE76FF00300E9E76FF00F00E6E7D7
:10A5A0006FF00F00704700BFD0F6010818B370B508
:10A5B0000D4619B31646428A0446B2B111492A68BB
:10A5C000237C62600A68A68243F00403237442B1CC
:10A5D000944208D0134601E09C4204D0DB68002B73
:10A5E000FAD1E2600C60002070BD0146FFF762FE08
:10A5F0000028E3D070BD6FF00F0070476FF00F00C0
:10A6000070BD00BFDC69022038B1037C002223F05A
:10A6100004034260828202720374704708B1C0E989
:10A6200008127047014698B10A4A136883420AD05B
:10A6300033B11A46DB681BB18B42FAD1CB68D360C9
:10A640000020FFF737B9C36813600020FFF732B965
:10A65000704700BFDC69022010B50020FFF71AF92F
:10A66000044630B12822002103F05CF9FF23E37295
:10A670006377204610BD00BF88B102687AB171B11E
:10A680000B6863B10A4B1B684BB110B41C68944251
:10A6900006D0DB68002BF9D15DF8044B704770479A
:10A6A0000A681A60DB68002BF6D00268EEE700BF8C
:10A6B000DC6902202DE9F84300286CD00E46002901
:10A6C00069D0174605464FF420724FF49A71362030
:10A6D0009946FFF781FA804600285CD0032F3FD0CF
:10A6E000B379C3B32E4B1B68D8F8044033604FF4E2
:10A6F0009A720021204603F015F940F201132380DD
:10A7000095F83430A3703068FEF742FE4FF4C873FA
:10A71000FB40DB0760603BD4032F35D0D5F82E30EB
:10A72000E3616B8E2384632384F8EC3084F8EF308C
:10A7300040F23513A4F8F0306FF07D0384F8ED306B
:10A7400084F8F2700322532384F8EE304046A9F8CF
:10A750000020BDE8F883124A136801331360C3E791
:10A760007379032BBCD044684FF49A7200212046C1
:10A7700003F0D8F840F20113238095F83430A37029
:10A780003068FEF705FE60607379043B012BC5D885
:10A790006B68E360C2E74FF000084046BDE8F8830D
:10A7A000C00A0020002800F08180416A00297DD085
:10A7B00010B58B6A00225C1C82B04A8206D01E3320
:10A7C000B3F5701F5BD34FF6FF738B82CB6A5A1CB5
:10A7D0001BD01E33B3F5701F42D30B6B4FF6FF72C5
:10A7E0005C1C4A81CA815DD01E33B3F5701F65D3EE
:10A7F0008A810A8200234B81CB79C3B991F91C303D
:10A800000A7F002B53DBFF2312E00A6B4B89541C99
:10A810002FD01E32B2F5701F3DD23B2A5BD80122E9
:10A820008A810A82002BE5D1CB79002BE6D00B6A16
:10A830004A6ACDE9003222B9CA69134043F08073F5
:10A8400001934B790A2B04D00A220023A1F805209A
:10A850000B8101AB6A461C31FFF7FCF802B010BD5A
:10A860003B2B31D8012213464A810A6BCB81541C01
:10A87000CFD18A899A42D7D8002AD5D0BAE73B2BC4
:10A8800083BF1E4AA2FB03235B0901238B82CB6A91
:10A890005A1C9ED1B9E74FF6FF7293428A810A8211
:10A8A000C2D1A7E78A89002ABED0A3E77047BF2A92
:10A8B0004FF6FF7388BF6FF07F43B9E73B2B14D887
:10A8C00001238B810B8295E70C4AA2FB0323C3F380
:10A8D0004F131A46C8E7094CA4FB0242C2F34F12B9
:10A8E0009A428A810A829FD884E7044AA2FB032302
:10A8F000C3F34F138B810B827CE700BF8988888864
:10A9000038B51D4DEA78002304460362436212B154
:10A910001A4BDB6883622B79002B29D0174B1B69FC
:10A920006A79E36252B1154B5B692363AB790A69BB
:10A93000E2616BB9E371EB79A3B938BDA36AC3EBEC
:10A94000C303DB082363AB790A69E261002BF1D012
:10A950000A4B9869FEF71CFD0123E371EB79206235
:10A96000002BEAD0054BD869FEF712FD606238BDB6
:10A97000A36A5B08D4E700BFE8690220F0690220FF
:10A980002DE9F04F466A7379032B8BB0804604D0D3
:10A9900003220023A6F8052033810DF126030322AC
:10A9A00031464046FFF786FE0746002800F08A80C1
:10A9B000BDF82640456804F1010CA01CF0351FFAD3
:10A9C0008CFC80B2E11C4FF0020E89B24FF03909C5
:10A9D000221D05F8049092B205F80CE0631D05F8FD
:10A9E00000E0402068549BB23221A9540422EA546A
:10A9F000F069FEF7CDFC04F1060903461FFA89F958
:10AA0000E01D80B24FEA136B04F1080E04F1090255
:10AA100005F809B092B24FEA13491FFA8EFE05F805
:10AA200000900392180A04F10A0205F80E0091B290
:10AA30000398049104F10B0292B22B5405920498EE
:10AA400004F10C0291B237232B540691059B069812
:10AA500004F10D021FFA82FC4FF0030A05F803A06F
:10AA6000CDF81CC001232B5404F10E0C079B1FFAD8
:10AA70008CFC04F10F0204F1100105F803A092B25E
:10AA80001C2389B205F80C3043294FF0FF03AB5467
:10AA900007D8C4F13402681892B2002102F042FFD4
:10AAA0004421F03189B23846FFF756F9144B154A64
:10AAB0001868CDF8008043233946FFF70BFD384670
:10AAC000FFF7FCF9B379FF2B14D00133DBB2092B6C
:10AAD000B3710FD8C3EB431203EB8203DB000A4AC6
:10AAE00003F2F3139BB2A2FB03235B0933810BB088
:10AAF000BDE8F08F142333810BB0BDE8F08F00BFA9
:10AB0000E4690220D0F60108D34D62102DE9F04F20
:10AB1000446A62790023062A89B00646E36103D0BD
:10AB20000622A4F8052023810DF11E0301222146EF
:10AB30003046FFF7BFFD0546002860D04368BDF8EA
:10AB40001E20F033511C89B23920985402205854E9
:10AB500002EB0008D01D80B2B6F82CA00390D71CE1
:10AB600002F10800BFB280B21FFA88F8111D89B245
:10AB7000049002F1050E02F1090002F1060C4FEA01
:10AB80001A2B03F808B01FFA80F903F807A01FFA80
:10AB90008EFE37271FFA8CFC5F54CDF814900121EC
:10ABA0004FF0030903F80E9003F80C100399049F6B
:10ABB00003F8019002F10A001C21D95580B2059FCB
:10ABC000FF214328D95507D8C2F13A02184492B25E
:10ABD000002102F0A7FE442000F1F00189B22846CE
:10ABE000FFF7BAF8144A154B10680193144A0096FF
:10ABF00043232946FFF7D8FB2846FFF75FF9A379DF
:10AC0000FF2B13D00133DAB2052AA2710ED84FF40C
:10AC10007A73934003F2F3130A4A9BB2A2FB032315
:10AC20005B090020238109B0BDE8F08F7823002064
:10AC3000238109B0BDE8F08FE4690220D4F6010851
:10AC4000D0F60108D34D6210002800F0E7802DE90E
:10AC5000F04F466A8BB00746002E00F0DA80737919
:10AC6000012B04D001220023A6F8052033810DF129
:10AC70002603032231463846FFF71CFD8046002894
:10AC800000F0B480BDF826404568631CF0359BB2E7
:10AC900039222A550222EA54A018B7F82CC0E11C28
:10ACA00080B289B2221D631D4FEA1C2E92B29BB264
:10ACB00005F800E04FF0040905F801C03221A9545D
:10ACC00005F80390F069FEF763FB04F1060A1FFA2A
:10ACD0008AFA04F1070E4FEA106B1FFA8EFE04F198
:10ACE000080C04F1090105F80AB01FFA8CFC4FEAC0
:10ACF000104A89B204F10A0204F10B0305F80EA010
:10AD000092B24FEA102E9BB205F80CE0685436213F
:10AD1000A95405F80390B069FEF73AFB04F10F035C
:10AD20009BB2029304F110039AB204F1110399B299
:10AD300004F11203039204F10C099AB204F1130313
:10AD40001FFA89F9049104F10D0E99B204F115036B
:10AD50001FFA8EFE9BB24FEA106B04F10E0C05F841
:10AD600009B007934FEA1049029B05F80E901FFAAD
:10AD70008CFC4FEA102E05F80CE0E854039B05927A
:10AD80003720E854049B06914FF0030A05F803A00E
:10AD9000059B0120E85404F11402069B92B204F1D1
:10ADA000160105F803A089B2079B1C20A85443296B
:10ADB0004FF0FF02EA5407D8C4F12E02681892B28D
:10ADC000002102F0AFFD4421F03189B24046FEF788
:10ADD000C3FF134A134B10680193134A0097432390
:10ADE0004146FFF7E1FA4046FFF768F8B379FF2BD9
:10ADF00012D00133DAB2052AB2710DD84FF47A734A
:10AE0000934003F2F313094A9BB2A2FB03235B09AD
:10AE100033810BB0BDE8F08F7823F9E7704700BFAE
:10AE2000E4690220D4F60108D0F60108D34D62107F
:10AE3000994B2DE9F04F5D6853686E6A89B01446EE
:10AE4000002E00F09F803279002A00F09B806289FA
:10AE50002B2A40F297801A78022A40F0938095F8C6
:10AE600034205AB395F82E00197F884240F08A802A
:10AE7000012A23D0587F95F82F10884240F0828015
:10AE8000022A1BD0987F95F8301088427AD1032A85
:10AE900014D0D87F95F83110884273D1042A0DD090
:10AEA00093F8200095F8321088426BD1052A05D01E
:10AEB00095F8331093F82120914263D15868FEF73A
:10AEC00067FA336898425DD1DFF8D4B10022CBE94C
:10AED000002263892B2B55D9B4F808A0CDE903567D
:10AEE00090462746F022CDF8088054463D4605E0BE
:10AEF0002D688AB29CB2002D43D06B899A42A2EB96
:10AF00000301A4EB0303F3D29442D5F8048040F28A
:10AF1000038116460592019718F80620FF2A00F0D3
:10AF2000FA80B31C9BB2B342C0F091816889711C56
:10AF3000814280F2E78008EB060C9CF801903B2AE6
:10AF400026D8DFE802F03E992587252525252525E9
:10AF500025252525252525252525252525252525A1
:10AF60002525252525252525252525252525252591
:10AF700025252525252525252578BDAFD025252561
:10AF80006A403C46204609B0BDE8F04FFEF796BF48
:10AF90004E444FF6FD72964200F359814B449EB2E7
:10AFA0008642C0F0B580361A201AB6B284B2A642E4
:10AFB00080F04D812D68002D00F04981D5F8048086
:10AFC000AAE78EB2ECE7B9F1040F40F040814FF6EA
:10AFD000F972964200F23B810636B6B24F464FF008
:10AFE000050A1BF80A10002207920029D8D13A4618
:10AFF00007A92846FFF724F8B84240F02881B9F1A4
:10B00000040F00F02B819DF81C00244A012342F814
:10B010002A000BF80A306889C2E7B9F1040F40F042
:10B0200016814FF6F972964200F211810636B6B2D9
:10B030004F46CA46D5E7B9F1040F40F008814FF6F4
:10B04000F972964200F203810636B6B24F464FF0CF
:10B05000030AC6E7B9F1030F40F2F9804E444FF6F8
:10B06000FD72964200F3F38009EB03060427B6B2A3
:10B070004FF0070AB946B4E7B9F1040F40F0E78092
:10B080004FF6F972964200F2E2800636B6B24F46AB
:10B090004FF0060AA5E700BF94880120F06902205E
:10B0A000E8690220B9F1010F40F0D1804FF6FE723D
:10B0B000914200F0CC800336B6B24F46CA4690E7C4
:10B0C000B9F1010F40F0C380059AF02A40F0BF802B
:10B0D0004FF6FE72914200F0BA800336B6B24F4688
:10B0E0004FF0000A7DE7B9F1040F40F0B0804FF651
:10B0F000F972964200F2AB800636B6B24F464FF078
:10B10000020A6EE72F680FB37F6897F8009016E782
:10B11000A642FFF401AF019F9BF8003063B18A4B58
:10B120001B680022012B8BF8002000F09480022B7A
:10B1300006D0032B00F08D80029B002B00F0928044
:10B14000002302936C242C227B89CFE63B2A7BD8F8
:10B1500001A656F822F000BFC3AF01084FB20108A4
:10B1600049B201084FB2010849B2010849B20108C9
:10B1700049B2010849B2010849B2010849B20108BF
:10B1800049B2010849B2010849B2010849B20108AF
:10B1900049B2010849B2010849B2010849B201089F
:10B1A00049B2010849B2010849B2010849B201088F
:10B1B00049B2010849B2010849B2010849B201087F
:10B1C00049B2010849B2010849B2010849B201086F
:10B1D00049B2010849B2010849B2010849B201085F
:10B1E00049B2010849B2010849B2010849B201084F
:10B1F00049B2010849B2010849B2010849B201083F
:10B2000049B2010849B2010849B2010849B201082E
:10B2100049B2010849B2010849B2010849B201081E
:10B2200049B201084FB201084FB201084FB20108FC
:10B230004FB2010849B2010849B2010849B20108F8
:10B240004FB201084FB201084FF00009A6E6019C79
:10B2500098E601230293EC246C2275E70798FEF729
:10B2600097F8D2E69BF80130DDF80880DDE9035657
:10B270003C46002B3FF486AE334A7F681379052B9A
:10B280001AD0062B27D0022B7FF47CAE7379062BC5
:10B290007FF478AE9BF802306E6A002B3FF472AEFA
:10B2A0009068A6F80880FEF773F8B0613B69F36117
:10B2B0002846FFF7C9FC65E67379012B25D0033BCF
:10B2C000022B3FF65FAE686A3946FFF719FB284646
:10B2D000FFF768FA56E67379DA1E022A02D9012BC3
:10B2E0007FF450AE6B6A5A790C2A04D00C210022EC
:10B2F000A3F805101A81154B28461A461946FEF781
:10B30000A9FB2846FFF702FC3CE6686A3946FFF7CE
:10B31000F7FA95F835301B07D9D56E6A7379082B83
:10B3200004D00823A6F80530A6F80880002206F10C
:10B330001C01284600F060FFB379FF2B1CBF0133CE
:10B34000B371012333811DE6F0690220D4F60108B0
:10B35000002872D02DE9F04F456A85B0044615B13A
:10B360006B79082B02D005B0BDE8F08F0A68EB6955
:10B370009A42F8D10C234FF00009A5F80530A5F842
:10B3800008900DF10E0304222946FFF793F9804639
:10B3900000284AD0BDF80E604768731CF0379BB296
:10B3A0003222BA550422FA54E869FDF7F1FF06F19A
:10B3B000020A1FFA8AFA06F1030E1FFA8EFE06F140
:10B3C000040C721D4FEA106B07F80AB092B21FFA14
:10B3D0008CFCB31DF11D4FEA104A07F80EA09BB27A
:10B3E00089B24FEA102E07F80CE04329B8544FF009
:10B3F000FF02FA5407D8C6F13D02781892B24946C6
:10B4000002F090FA4421F03189B24046FEF7A4FCE4
:10B410000A4A0B4B106801930A4A009443234146A1
:10B42000FEF7C2FF4046FEF749FDAB79FF2B1CBF7C
:10B430000133AB7114232B8195E77047E469022037
:10B44000D4F60108D0F601082DE9F04F446A63797B
:10B45000052B89B0064604D005220023A4F8052058
:10B4600023810DF11E03032221463046FFF722F906
:10B47000054600287FD04368BDF81E20F033511CDC
:10B4800089B23920985402205854D11D89B2B6F897
:10B490002CA0039102EB0008D71C02F10801BFB2F7
:10B4A00089B21FFA88F8101D80B2049102F1050ECE
:10B4B00002F1090102F1060C4FEA1A2B03F808B059
:10B4C0001FFA81F903F807A01FFA8EFE37271FFA2B
:10B4D0008CFC1F54CDF8149001204FF0030903F8A1
:10B4E0000E9003F80C000398049F03F8009002F1FB
:10B4F0000A011C20D85589B2059FFF204329D85541
:10B5000007D8C2F13A02581892B2002102F00AFAA2
:10B510004421F031284689B2FEF71EFC174B0096F5
:10B5200018682946432304F11802FEF7D3FF0346A7
:10B5300028461D46FEF7C2FCA379FF2B15D0013328
:10B54000DBB2092BA37110D8C3EB431203EB8203C8
:10B550001B010B4A03F2F3139BB2A2FB03235B090B
:10B560002846238109B0BDE8F08F2823284623818F
:10B5700009B0BDE8F08F4FF0FF35DDE7E469022048
:10B58000D34D62102DE9F047446A84B064B3627908
:10B5900052B30023A16903910A2AC4E90633C4E91E
:10B5A0000833C4E90B330546A362C4F80E30C4F86F
:10B5B00012301CD0043A012A19D93D4B28461A46AC
:10B5C0001946FEF747FA63791BB10023A4F805304A
:10B5D0002381237943B1374B1D78013DEDB21D70B6
:10B5E000002D5ED00023237104B0BDE8F0870DF17B
:10B5F0000A03072221462846FFF75CF80746002881
:10B60000DBD0BDF80A60436803F1F008731C9BB2FD
:10B61000362208F80620042208F803200398FDF7D4
:10B62000B7FE06F102091FFA89F906F1030E1FFAA7
:10B630008EFE06F1040C721D4FEA106A08F809A08C
:10B6400092B21FFA8CFCB31DF11D4FEA104908F8A5
:10B650000E909BB289B24FEA102E08F80CE04329F5
:10B6600008F802004FF0FF0208F8032008D8C6F1DE
:10B670003D0208EB010092B2002102F053F944218F
:10B68000F031384689B2FEF767FB0B4B009518681E
:10B6900003AA43233946FEF71DFF3846FEF70EFC8A
:10B6A0008BE7054E3068FEF7BDFF35609AE700BFB7
:10B6B000D4F60108E0690220E4690220002878D06D
:10B6C0002DE9F04190F83530DB0704466ED5838DC7
:10B6D000466AB3F5107F55D306B3374F33793D78BB
:10B6E00023B3013DEDB23D70002D4ED03422002138
:10B6F000304602F017F90123337194F835300135E3
:10B7000013F004033D7035D17279022A03D002226E
:10B71000A6F8052033810020BDE8F0813420FEF733
:10B7200021F8064670B3244F60623D783422002130
:10B73000304602F0F7F8002DDDD1FEF78DFFDFF87F
:10B740008480C8F80000E8B1427A1C4942F0200227
:10B7500042724422FEF7AEFD1849D8F80000432299
:10B76000FEF724FF2A46D8F800001549FEF756FFD9
:10B770003D78C0E72046FFF7C9F90028CBD0204626
:10B78000FFF700FF4FF0FF30C6E7DFF83880D8F84A
:10B790000000FEF747FFC8F800503D783422002132
:10B7A000304602F0BFF8002DC7D0A4E76FF00F00BD
:10B7B000B2E76FF00F007047E0690220D4F601088D
:10B7C00031AE0108E46902202DE9F04F684B1D6895
:10B7D00089B0D5B16C6AACB163799BB1A18A29B14A
:10B7E000628A013292B29142628211D0228A1AB1E7
:10B7F000511E012A218212D0E2891AB1511E012A5A
:10B80000E18115D02D68002DE4D109B0BDE8F08F9D
:10B810002846FFF7B7FE2846FFF750FFF2E703F090
:10B82000FB02012A15D00A2B13D0042BEAD115E014
:10B8300003F0FB02012A01D00A2BE3D12846FFF7CF
:10B8400003FEA389628A9B1A012BC4BF5B10E381AC
:10B85000D8E704220023A4F8052023810DF11E035C
:10B86000032221462846FEF725FF064600285ED023
:10B870004368BDF81E20F033511C89B2392098541A
:10B8800002205854D11DB5F82CA002EB000989B252
:10B8900002F103081FFA88F803911FFA89F902F1EF
:10B8A000080102F1040E02F1050C88B21FFA8CFCAB
:10B8B0001FFA8EFE971D4FEA1A2B03F809B0BFB28C
:10B8C00003F808A004904FF03708032003F80E8017
:10B8D00003F80C004FF0010C03F807C0039F02F1BE
:10B8E0000901D85589B2049F05911C2002F10A0173
:10B8F000D85589B2059FFF204329D85507D8C2F1F2
:10B900003A02581892B2002102F00CF84421F031AA
:10B9100089B23046FEF720FA164B00951868164A91
:10B9200043233146FEF7D6FD3046FEF7C7FAA3792A
:10B93000FF2B1AD00133DBB2092BA37115D8C3EB4F
:10B94000431203EB8203DB000C4A03F2F3139BB2B6
:10B95000A2FB03235B09A28A618A2381531A012B6C
:10B960007FF750AF5B1023824CE71423F3E700BF4F
:10B97000D8690220E4690220D0F60108D34D621094
:10B9800038B52E4B1C6824B926E0013B2B81246876
:10B9900014B3656A002DFAD02B89012BF5D8F6D1A6
:10B9A0006B7900220C2B2A8117D0013B072BEED894
:10B9B00001A252F823F000BFFFB901088FB90108B6
:10B9C000F1B901088FB901088FB90108DBB9010885
:10B9D0008FB90108E3B9010838BD2046FFF796F892
:10B9E000D5E7AB79012B1AD92046FEF7DBFECEE76F
:10B9F000AB79012B20460FD9FFF788F8C7E7AB7961
:10BA0000052B204602D8FFF71FF9C0E7FFF7BAFD64
:10BA10002046FFF753FEBAE7FEF7B2FFB7E7002272
:10BA200005F11C01204600F0E7FBAB79FF2B1CBFA2
:10BA30000133AB7101232B81A9E700BFD869022034
:10BA400058B1406A48B140790A2805D00438012825
:10BA50008CBF002001207047012070472DE9F04F76
:10BA60009F4D85B08B4691460646002800F0D88051
:10BA7000002A00F039814FF0000C0A272A46CDF841
:10BA80000CC00297BE4639466446E246A8460A29DB
:10BA9000137D3BD053B13568506885423BD0012BB4
:10BAA0005ED0538A9C459CBF9C46A6460134A3B2F7
:10BAB0000A2B24B200F099810A2900F099814546A9
:10BAC0000197D0468A460EE00129224432D005EB88
:10BAD000C202538A9C459CBF9C46A6460134A3B231
:10BAE0000A2B24B238D004EB440305EBC3036200F5
:10BAF000197D0029F2D0586837688742E4D19B68E5
:10BB00009945E1D1204605B0BDE8F08F4BB15568AD
:10BB100030688542C3D190688145F3D0012BC0D1F4
:10BB20001EE0631C9BB20A2B2DD01BB2214618329B
:10BB30001C46ACE705EBC20355F832205B8AC2B164
:10BB4000984598BF9846019B98BF234601340193BE
:10BB5000A3B20A2B24B2C6D1019F51460C4613E072
:10BB60001368002B51D0538A9A459CBF9A462746AA
:10BB70009CE7039A9A4288BF13460393029B98BF9F
:10BB800023460293AAE74546BBF1010F40F0A4808B
:10BB90000A2C11D0670026B13B1905EBC3033268AC
:10BBA0005A60274405EBC707002320467B82C7F86D
:10BBB000089005B0BDE8F08FBEF10A0F23D1029BBB
:10BBC0000A2B1ED10A2F00F087803C4604EB440864
:10BBD0004FEAC808670055F8080020B1FEF76EF973
:10BBE000002345F808303B1905EBC3033D4900220B
:10BBF000C3E9012208681A755A828A88D8601A82B5
:10BC0000C9E71C46E2E77446E0E7538A0398984286
:10BC100088BF03460393029B98BF2346029345E7E0
:10BC20000A272A46804684460297BE46394604467D
:10BC30000A29137D23D033B1012B34D0538A834298
:10BC400024BF1846A646631C9CB20A2C1BB285D0A2
:10BC50000A2900F0C18003EB430205EBC202147D08
:10BC600034B1012C17D0528A90429CBF10469E4698
:10BC700001339AB20A2A1BB2EDD10C4684E7002B9D
:10BC8000DAD1631C9BB20A2B3FF47EAF1BB2214674
:10BC900018321C46CCE71468528A64B194459CBFA4
:10BCA0001F469446E4E713686BB1538A9C459CBFDA
:10BCB0009C462746C7E7904598BF9046029A98BF92
:10BCC0001A460292D4E7538A984598BF9846029B39
:10BCD00098BF23460293B6E74FF0FF3412E700BF48
:10BCE000146A0220D8F601080A272946904692468F
:10BCF0000297BE46BC4614460192BCF10A0F087D6D
:10BD000033D058B133684A689A423FF4FBAE0128F9
:10BD100047D04B8A434524BF9846A6460134A3B278
:10BD20000A2B24B25FD0BCF10A0F58D05246CDF88E
:10BD30000CC0DDF804A094460BE0012825D05B8AF6
:10BD400098459CBF9846A6460134A3B20A2B24B25C
:10BD500023D004EB440305EBC303187D0028F3D084
:10BD600031685A689142E8D1CCE620B14B6832681C
:10BD70009A42CCD1C6E6631C9BB20A2B3FF404AFB7
:10BD80001BB2A44618311C46B7E718685B8A80B11D
:10BD90009C459CBF9C462746D6E7DDF80CC0644610
:10BDA000F2E60B686BB14B8A534524BF9A4627468F
:10BDB000B4E79A4598BF9A46029B98BF23460293E0
:10BDC000C2E74B8A019A934228BF1A46029B01920E
:10BDD00028BF23460293A1E718321C4628E72346D2
:10BDE00018311C4689E76446CEE645460C46CBE64C
:10BDF000234618321C464AE62DE9F04F5A4F02EB13
:10BE0000420807EBC80885B098F81430022B0546A5
:10BE10000E4612D0182303FB027202F10C0405F146
:10BE20002E094FF4006300934A46234631462846C4
:10BE300001F040FD05B0BDE8F08FB8F81230B3F561
:10BE40008E7F49D8B3F5877FE4D302EB4202D2005C
:10BE500002F10C03043203921C214FF420720E20D5
:10BE6000DC19FDF7B9FE05F12E0983460028D8D06C
:10BE7000D0F804A00120FDF787FAAAF80600D5F84B
:10BE80002E30CAF80830394BB9F80420AAF80C2033
:10BE90001A689B88CAF81220AAF816306B68039AB1
:10BEA000CAF80E30BB58CAF81830314BCAF8003007
:10BEB00040F20643AAF8043040F6060300934A46CF
:10BEC00023465946284601F0F5FC5846FDF7F6FF93
:10BED000032388F81430A4E702EB4202D4001C21AB
:10BEE0004FF420720E20FDF777FE05F12E09221D7A
:10BEF0008346B0B3D0F804A003920120FDF744FAC2
:10BF0000AAF80600D5F82E30CAF80830174BB9F851
:10BF10000410AAF80C1019689B88CAF81210AAF825
:10BF200016306B68039ACAF80E30BB58CAF818303E
:10BF30000F4BCAF8003040F20643AAF8043040F62E
:10BF4000060300934A460B4B5946284601F0B2FCC3
:10BF50005846FDF7B3FF0C3403233C4488F81430F3
:10BF60005FE70C343C445CE7146A0220D8F6010811
:10BF700000010800E0F601082DE9F04F364CDFF82B
:10BF8000DC8083B004F1F00700260AE0012D27D001
:10BF9000032D5ED0042D01D1022323751834BC4239
:10BFA0001BD0257D002DF9D0638A01339BB2B3F5F8
:10BFB000967F6382EAD3206810B1FDF77FFF266089
:10BFC000D8F80000B8F8043026756682E060238255
:10BFD000C4E901661834BC42E3D103B0BDE8F08F78
:10BFE000042BE8D84FF420721C210E20D4F808A0AE
:10BFF000FDF7F2FD0AF12E0B81460028CED028462F
:10C00000D9F80450FDF7C0F9E880DAF82E30AB60BB
:10C01000124BBAF8322019689B88AA81C5F8121011
:10C02000EB82DAF80430C5F80E306368AB610C4B74
:10C030002B6040F20643AB8040F6060300935A465D
:10C04000084B5046494601F035FC4846FDF736FF9F
:10C05000A4E704232375A1E7146A0220D8F6010897
:10C0600000010800E0F6010800297DD02DE9F04725
:10C0700046683388B3F5807F84B0044602D13379B3
:10C08000062B05D0204604B0BDE8F047FDF716BFEB
:10C090007379042BF6D17388082BF3D14F68D6F847
:10C0A0000E00B36903900D4606F10808002F56D024
:10C0B0009F4240F08F80002800F094800127BA460C
:10C0C000294601F031F88146C0BB039B03F0F00321
:10C0D000E02B33D051462A4603A8FFF7BFFC031ECE
:10C0E0002CDB434903EB430201EBC20C02208CF82A
:10C0F00014004FF0180E0C20CCF8085013FB0E0360
:10C10000D8F80000C8500B44B8F804009880D2005A
:10C11000ACF8129051F802A0BAF1000F0ED04FF413
:10C12000006341F802902846009305F12E02434631
:10C13000514601F0BFFB5046FDF7C0FEF388B3F552
:10C14000807F12D0B3F5007F03D103A92846FFF703
:10C15000FFF82046FDF7B2FE04B0BDE8F0870028E6
:10C160003BD04FF0020AABE77047002FF1D04FF4FD
:10C1700020721C210E20FDF72FFD05F12E09074628
:10C180000028E6D046680220FDF7FEF8F080D5F8DA
:10C190002E30B3606B8EB381D8F80030C6F8123001
:10C1A000B8F80430F3826968C6F80E100399B161DB
:10C1B0001049316040F20641B18040F6060100911D
:10C1C0004A4643462846394601F074FB3846FDF797
:10C1D00075FEBEE700270028C3D1F388B3F5807F42
:10C1E000B0D1B6E7F388B3F5807FABD1BFE700BF2E
:10C1F000146A0220000108002DE9F04F044685B0C2
:10C2000008680D462146164600F08EFF002840F0D3
:10C21000B0802B6803F0F002E02A00F0AA80002B27
:10C2200000F0A780224601212846FFF717FC0028CE
:10C23000C0F28B80C7B2DFF8588107EB470308EBE9
:10C24000C3037A0003921A7D04F12E09002A48D113
:10C2500001221A751C214FF420720E209C60FDF7FC
:10C26000BBFC8246002800F087800120DAF804B089
:10C27000FDF78AF8ABF80600D4F82E30CBF808307A
:10C280003F4BB9F80420ABF80C201A689B88CBF818
:10C290001220ABF816306368CBF80E302B68CBF861
:10C2A0001830384BCBF8003040F20643ABF804307E
:10C2B00040F6060300934A46334B5146204601F0B0
:10C2C000F9FA5046FDF7FAFD00203EB17B003B44F1
:10C2D00008EBC3031B7D012B26D806D005B0BDE8B3
:10C2E000F08F002E35D0012A1ED1334602E01B68A4
:10C2F000002B3AD01A7B5206F9D532464FF4207102
:10C300000E20FDF7D9FE064666B3039B3B4458F862
:10C31000330008B1FDF7D2FD039B3B44002048F8F1
:10C32000336005B0BDE8F08F2046184C1823277005
:10C3300003FB07834FF400644A4631460C330094F4
:10C3400001F0B8FA05B0BDE8F08F40B205B0BDE825
:10C35000F08F4FF420721C210E20FDF73DFC824629
:10C36000002882D14FF0FF30B8E73046FDF7B4FD2A
:10C37000CAE76FF00F00B1E74FF0FF30A5E700BF4D
:10C38000D8F6010800010800E0F60108106A022052
:10C39000146A02202DE9F041044684B00E4610686C
:10C3A0002146154600F0C0FE002840F0978029681D
:10C3B00001F0F003E02B73D06368A2684B40134296
:10C3C00084460AD08AB24FF6A9639A4205D0E16842
:10C3D000002900F0D38004F10C05DFF8B081694B2F
:10C3E00098F8002002EB420003EBC00090F814E044
:10C3F000BEF1010F02D98768A74271D01A7D012AC8
:10C4000002D99A68944275D093F82C20012A02D957
:10C410001A6A944277D093F84420012A02D99A6B81
:10C42000944276D093F85C20012A02D91A6D944286
:10C4300075D093F87420012A02D99A6E944274D070
:10C4400093F88C20012A03D9D3F88020944272D02B
:10C4500093F8A420012A03D9D3F89820944270D0ED
:10C4600093F8BC20012A03D9D3F8B02094426FD0AE
:10C4700093F8D420012A03D9D3F8C82094426ED06F
:10C4800093F8EC20012A03D9D3F8E020A2426DD022
:10C4900032462946204604B0BDE8F041FFF7ACBE65
:10C4A0006B78EA78A9788DF80D2003F07F030120DE
:10C4B0005E228DF80B30ADF808008DF80C1002AB41
:10C4C0008DF80A204FF400620092314604F12E02EA
:10C4D000204601F0EFF904B0BDE8F0812A4BF1E706
:10C4E000406881428AD13146204604B0BDE8F0411F
:10C4F000FFF782BC5A68914286D162463146204697
:10C5000088F800C0F1E7DA69914284D14FF0010C5C
:10C51000F3E75A6B914285D14FF0020CEDE7DA6CEC
:10C52000914286D14FF0030CE7E75A6E914287D1D2
:10C530004FF0040CE1E7DA6F914289D14FF0050C1E
:10C54000DBE7D3F8942091428AD14FF0060CD4E770
:10C55000D3F8AC2091428BD14FF0070CCDE7D3F844
:10C56000C42091428CD14FF0080CC6E7D3F8DC30E0
:10C57000994208BF4FF0090C8AD1BEE76FF0030063
:10C58000A9E700BF146A0220E0F60108106A022041
:10C590002DE9F0414FF4207282B0074688460E2004
:10C5A0001C21FDF719FB68B3446805460120FCF720
:10C5B000EBFEE080D7F82E30A360144B7A8E19681A
:10C5C0009B88A281C4F81210E3827B68C4F80E3005
:10C5D000D8F80030A3610E4B236040F6060140F20C
:10C5E000064307F12E06A38032460A4B00913846D7
:10C5F000294601F05FF92846FDF760FC002002B0F3
:10C60000BDE8F0814FF0FF30F9E700BFD8F6010830
:10C6100000010800E0F601082DE9F0434D4FD7F87E
:10C62000088098F8004004F00F04A400132C85B093
:10C63000054613D94389032B10D943681B78082B6F
:10C640000CD1786900F0F003E02B07D00E46396872
:10C6500000F06AFD10B92B89072B05D8284605B0D4
:10C66000BDE8F043FDF72ABC2846FCF753FF00283D
:10C67000F4D104F10E0949462846FDF7A5FB002830
:10C680005CD02B89191989B28B42E7D84FF42072FC
:10C690000E20FDF7A1FA81460028DFD0428904F17F
:10C6A00008039A4251D341464068224601F042F9BC
:10C6B00021464846FDF7B0FB002846D129464846AA
:10C6C000FDF73EFC002840D12846FDF7F7FB4D461C
:10C6D00021462846D5F80490FDF776FB0028BDD109
:10C6E000D7E90432D5F80480C8F80C20C8F8103017
:10C6F000B9F8023089F800004FF6F77293428CBF08
:10C70000093308339BB2FF2721460024A9F80230E1
:10C71000404688F8087088F80A4088F80B40FCF713
:10C72000BFFE0123A8F80A000B490094CDE90136A9
:10C7300022463B46284600F03BFB8FE74946284609
:10C74000FDF76AFB0028C3D088E74846FDF7B6FB33
:10C7500084E700BF94880120A8880120F0B54FF439
:10C76000207287B007460E4622202421FDF734FAB6
:10C7700080B344687B68667003220027227067607C
:10C7800019685A68DE680546986820616661A1608C
:10C79000E260986919695A69E2612062A161DB6807
:10C7A000059305A800F0A8F9064680B16989A7702D
:10C7B000E7702046FCF774FE0123608005AACDE9EE
:10C7C00001360097FF233946284600F0F1FA284643
:10C7D000FDF774FB07B0F0BDF0B54FF4207287B0E1
:10C7E00007460E4622202421FDF7F6F980B344685F
:10C7F0007B6866700B2200272270676019685A6890
:10C80000DE680546986820616661A160E26098690B
:10C8100019695A69E2612062A161DB68059305A884
:10C8200000F06AF9064680B16989A770E770204672
:10C83000FCF736FE0123608005AACDE9013600979A
:10C84000FF233946284600F0B3FA2846FDF736FBA9
:10C8500007B0F0BD2DE9F041204B88B01C6806946C
:10C8600088461646074608214FF420723620FDF709
:10C87000B3F980B345687B680693162ED8F8043068
:10C880006B6004BF012388F808302E704FF000065B
:10C8900004464FF008016E70AE70EE70284614BF6B
:10C8A000DFF83C8008F10408FCF7FAFD688040F2EC
:10C8B0009440079004200223049007A8CDE9006368
:10C8C000039002970123424606A9204600F0EAFAA7
:10C8D0002046FDF7F3FA08B0BDE8F081D4F6010870
:10C8E000046B02200349044B0448054A08601A609F
:10C8F000704700BF086B0220046B0220E0000001BB
:10C90000E000000270B5866A04463EB31A4D304618
:10C91000296801E0006880B142688A42FAD1027B4E
:10C920000132D2B2022141720273E36B1BB1124990
:10C93000012220469847002070BD0320FCF7AAFF83
:10C9400048B100228260027332682968C0E9002180
:10C9500001223060E6E74FF0FF3070BD0320FCF7A6
:10C9600099FF0028F7D0044A866012684260067377
:10C9700006600122A062D5E7086B0220836A83B1BA
:10C980001B6873B10220012103E0012A0AD01B6851
:10C990003BB15A7A022AF8D1588159721B68002B90
:10C9A000F7D170475A89013A92B2042AEFD95881D7
:10C9B0005972F3E7806A30B10A6801E0006810B18B
:10C9C00043689342FAD17047F8B54389072B044670
:10C9D0001CD947680D46384619461646FCF760FDD7
:10C9E000A0B9A86A90B13168034601E01B686BB139
:10C9F0005A688A42FAD13A78112A0CD0162A05D1FF
:10CA00005A7A012A04BF4FF400729A602046BDE8AA
:10CA1000F840FDF753BA214A126891427A6813D060
:10CA2000002AF3D0597A7A78022905D00129EDD16C
:10CA3000598909B19142E9D95208012A38BF012226
:10CA400001215A815972E1E7E2B97D780DB90A25D1
:10CA50007D700368002BD9D0012005E0012A16D093
:10CA60001B68002BD2D07D785A7A022A4FEA5501F2
:10CA7000F4D1012938BF012159815872F0E70068CB
:10CA80000028C3D043689342F9D10346CAE75A89C4
:10CA9000002AEED0AA42E3D9EBE700BF086B0220E0
:10CAA000F8B5134B1D6815B3124F0226AC6A14B9C2
:10CAB0001AE02468C4B16289531E9BB2002AF8D0E0
:10CAC0006381002BF5D1637A012BF2D162683B6858
:10CAD0009A4221464FF016022846EAD06672FFF7C6
:10CAE000B9FE2468002CE6D12D68002DDED1F8BDFA
:10CAF000D8690220086B0220016801F0F003E02BE6
:10CB000028D0194B1868A8B190F83530DA070ED53F
:10CB10005A070CD5426881EA020C42B182681CEACD
:10CB2000020F1BD09B0702D4C368994216D000683D
:10CB30000028E9D10D4B186880B190F8353003F02A
:10CB40000503052B0BD143685BB1C9B27F2908BF30
:10CB500000207047064B18680028D2D0704700208C
:10CB600070471846FAE700BFD8690220D46902204E
:10CB70000C6B02202DE9F84347683B781A09042A18
:10CB8000044612D103F00F0378889D000E46FCF78F
:10CB9000FBFB2389834280460DD86389AB4204D3D3
:10CBA0002389434501D3132D0DD82046FDF786F97F
:10CBB0000020BDE8F88301462046FDF7CDF86389E3
:10CBC000AB42EDD2F1E729463846FCF769FC002874
:10CBD000EBD13B69DFF8D481F868C8F8100003F0A6
:10CBE000F002E02AC8F8143061D196F83530990681
:10CBF00000F195807B7A112B00F0A1800028D4D021
:10CC00004FF00009314600F08FFA0028CDD1D8F856
:10CC1000103003F0F003E02BC7D0B9F1000FC4D0FF
:10CC2000FB8823F0C00333B1204600F035FB0446F7
:10CC30000028BDD04768C8F80870C8E900963B785E
:10CC400003F00F039B0029462046A8F80C30FDF79F
:10CC5000E3F87B7A022B00F08E80112B00F08680A7
:10CC6000012B7ED0D8F81400494600F05DFA68B96F
:10CC7000D8F8143003F0F003E02B07D02946204603
:10CC8000FDF7E4F802212046FFF768FD2046FDF796
:10CC900015F90023C8F80030C8F80430C8F8083087
:10CCA000A8F80C30C8F81030C8F8143080E796F8AF
:10CCB0003520D20725D4DBB27F2B4CD0384BD3F8AC
:10CCC0000090B9F1000F08D145E000F02DFA98B9B5
:10CCD000D9F80090B9F1000F3DD04E45F8D099F841
:10CCE0003530DB07F4D5D9F80430002BF0D0D8F874
:10CCF000140083424946E8D1D8F8100000288FD0AC
:10CD000080E77268002AD6D09A4213D0184631467E
:10CD100000F00AFA00283BD1D8F81430CBE708F12C
:10CD200014013046FFF746FEA8B1D8E904021D4BB6
:10CD30009A420CD0B14600283FF472AF62E77B19EB
:10CD40005B88B3F5884F7FF459AFB14668E7002898
:10CD5000FBD0B14656E77B7A112B12D0D8F81000E1
:10CD60004CE731462046FFF757FC92E73146204614
:10CD7000FDF7BEF98DE70C4A31462046FFF724FE49
:10CD800087E77B195B88B3F5884FE7D1B14647E762
:10CD9000D8F81000B14600283FF442AF32E700BF98
:10CDA000D8690220E0000001A888012094880120B1
:10CDB0002DE9F04F85B006469DF838409DF83CB00F
:10CDC000109F002A5AD08946904609B10A680AB9CC
:10CDD00007F10409142130460193FCF7F5FF824660
:10CDE00000285AD17568019B2B7285F809B0D8F8D4
:10CDF000001029614BEA032B0B0C13FA81F122027C
:10CE000045232B706C7042F045024FEA2B240A44F4
:10CE100044EA0B24308912FA84F4FCF7B5FA85F859
:10CE200006A085F807A0DFF878A068808346BAF8E6
:10CE30000000FCF7A9FAD9F80020EA6014FA82F39E
:10CE400003EB12435B4403449AB202EB134303EB3C
:10CE50001343DB436B81BAF80030A8800133AAF892
:10CE60000030BB8D13B132899A4210D87B6942469B
:10CE700031463846984705B0BDE8F08F4389132BFB
:10CE80000BD943681B6903930DF10C08E9E742468F
:10CE90003946304600F0E0FBEDE76FF00100EAE7CD
:10CEA000106B02202DE9F04F85B004469DF838B094
:10CEB0009DF83C80BDF848A0002A00F097800F46FE
:10CEC0009946164609B10B680BB9109B1F1DBAF1A4
:10CED000000F00F09380BAF1280F00F2A4800AF14D
:10CEE000030525F00305ADB205F114039BB22946F5
:10CEF00020460093FCF768FF0190002840F09080E6
:10CF000060681199524600F015FDAA45019B79D33E
:10CF10006368E918002533F8022B99421544FAD1C9
:10CF200014212046FCF750FF0190002878D1D4F856
:10CF300004A0009B8AF80890C3F387018AF809804F
:10CF40003068CAF8100041F0400148EA09288AF820
:10CF500000104BEA01294FEA282141EA0828010C78
:10CF600011FA80F08AF801B010FA88F82089DFF809
:10CF7000BCB0FCF709FA019AAAF8020000908AF8FE
:10CF800006208AF80720BBF80000FCF7FDF93A6894
:10CF9000CAF80C2018FA82F808EB12484FEA292246
:10CFA0000099AAF80400A84442EA092218FA82F279
:10CFB0000A44024490B2BBF8003000EB124000EB90
:10CFC0001040C0430133AAF80A00ABF80030109BB0
:10CFD0009B8D13B122899A421CD8109B10985B69D3
:10CFE00032462146984705B0BDE8F08F4389132BA0
:10CFF00016D943681B69039303AEE8E7142355462B
:10D0000000938DE7606819465044A5EB0A0200F0D2
:10D0100089FC7DE710993246204600F01DFBE2E7CF
:10D020006FF00100DFE76FF00500DCE7106B022016
:10D030002DE9F04F85B005469DF838909DF83CB03D
:10D04000109E0193002A5AD0884614211746FCF7F7
:10D05000BBFE019B824600285FD16C68237284F876
:10D0600009B03A6822614BEA032B130C13FA82F2DF
:10D0700084F8019045234FEA0929237049F04509B6
:10D080004FEA2B23914443EA0B23288919FA83F9A9
:10D09000FCF77AF984F806A084F807A0DFF884A0EA
:10D0A00060808144BAF80000FCF76EF9BAF80020FD
:10D0B000A080013200EB0903AAF80020B8F1000FAC
:10D0C0001AD0D8F80020E26013FA82F303EB12437F
:10D0D0009AB202EB134303EB1343DB436381B38D3B
:10D0E00013B12A899A4212D873693A4629463046C2
:10D0F000984705B0BDE8F08F094A1268E3E7438915
:10D10000132B0AD943681B69039303AFE7E73A4639
:10D110003146284600F0A0FAEBE76FF00100E8E79F
:10D12000D4F60108106B0220421E0332034615D8C4
:10D1300091F8350010F002000FD04A689A420BD0E7
:10D1400089685A400A4207D1C84323EA0103181AE2
:10D15000B0FA80F040097047002070470120704706
:10D160002DE9F041446863689A88074688461AB3F7
:10D1700000266368204625461C68FCF7A3FE831939
:10D1800028469EB2FCF79AFE002CF2D1184B1A6882
:10D19000974216BF3B683A68C8F800304FF001006C
:10D1A000394608BF1A60FCF785FB124A13889B1B9F
:10D1B00030461380BDE8F0811A68426039698268A0
:10D1C0007D69C06858609960DD601A60BA691A614B
:10D1D00001212046FFF700FB2046FCF773FE0646C0
:10D1E0002046FCF76BFE7C68002CC2D1CEE700BF66
:10D1F000146B0220126B02202DE9F843DFF87C80CB
:10D2000005460E460027D8F800309BB3D5F80CE051
:10D210005A69002472452146A44620460FD00134A5
:10D22000D0B1C27F93F81F9091459CBF61461846CC
:10D230001A689C46B2B113465A697245EFD19A6991
:10D24000D5F810904A45EAD1B3F80C90AA889145D8
:10D25000EED001340028E4D11A68614618469C4695
:10D26000002AE8D110B1FFF77BFF0744B74201DA8B
:10D27000012CC8DC3846BDE8F88300BF146B0220DF
:10D2800010B50446406908B1FCF718FE214602209B
:10D29000BDE81040FCF70EBB2DE9F04FD0F804A01C
:10D2A0009AF8003003F00F03052B85B0054676D1C0
:10D2B000BAF80600FCF768F80646BAF80200FCF770
:10D2C00063F89AF8003003F00F03B0EB830F4FEAD6
:10D2D000830264D3831A9BB2DFF8748300932846D9
:10D2E000FCF7F0FDB8F8003003440A2B074600F3C2
:10D2F000D080DFF86093D9F80040002C00F0D78090
:10D30000DAF80C2003E02468002C00F0D080636978
:10D310009342F8D1DAF81030A1699942F3D1A1898A
:10D32000BAF804309942EED1BAF80600FCF72CF8AE
:10D33000C0F30C00002800F09480BAF80630C6F361
:10D340000C0613F020034FEAC606019308D1009B98
:10D35000F3189BB29E4212D84FF6EB7293420ED84E
:10D36000D5F804A0BAF80200FCF70EF89AF80030DD
:10D3700003F00F03B0EB830F4FEA830217D2636809
:10D380006BB9D9F80020944202D022681A60FFDEFF
:10D390002368C9F8003021460120FCF78BFA2846A3
:10D3A000FCF78CFD0026304605B0BDE8F08F831AEF
:10D3B000BAF806001FFA83FAFBF7E6FFC0F30C0287
:10D3C000D5F804B0D2000AEB0203ABF806309BB2EA
:10D3D000194602938A424FF00003ABF804208BF801
:10D3E00000308BF801308BF802308BF80330C6D850
:10D3F00061680391002900F0BB804FF0010A944658
:10D400000DE0CCD0B3F806E0F445C8D322B1D28801
:10D41000824218BF4FF0000A196800296AD01A46E4
:10D420004B6898888445ECD263469446CBF800104C
:10D430001A46BCF1000F00F09480BCF806309A4206
:10D44000ADD302998142AAD89A42CCF8005054D068
:10D45000019B002B7FD0B8F800303B44A8F8003087
:10D46000A0E7E089FBF790FFC0F30C0000283FF431
:10D4700064AFDAF80030DAF80410DAF80820DAF8E5
:10D480000C006061A360E1602261DAF81030A361F2
:10D4900053E701465046FFF7AFFE00283FF47FAF49
:10D4A000B8F800303B440A2B7FF723AF77E7012021
:10D4B000FCF7F0F9044678B10023E361A360E36070
:10D4C00023616361A3616360D9F8003023600F2397
:10D4D000C9F80040E377CCE739465046FFF78CFEA9
:10D4E00087423FF75CAF0120FCF7D4F904460028DF
:10D4F000E2D154E7F4451D60AAD1019B43B3A37F59
:10D50000DA07A8D5BAF1000FA5D0039B5B689B880A
:10D510006BB9DBF80020002A34D0029903E01A68C6
:10D52000002A2FD0D98853689A888A42F7D0B8F851
:10D5300000303B44A8F80030019B002B7FF432AF51
:10D54000A37F009A43F001031644A683A37729E73B
:10D55000BAF1000FD9D1B8F800303B44A8F8003038
:10D56000EEE7029B83423FF61AAF65600395C4E77E
:10D57000019B6560002B5BD0A37FDB0748BF039551
:10D58000C3D468E7B8F800303B44A8F80030019BEA
:10D5900033B9009B1E44A37FA68343F00103A37706
:10D5A0006368A08B5E68E168A36822696569F560BD
:10D5B0007160B26035683360A3693361143080B242
:10D5C000FBF7E2FE00237080B371F371B372F37264
:10D5D00030461421FBF764FF708166685DB16F68A7
:10D5E00028461421FCF718FC29463046FCF77AFC43
:10D5F0003D68002DF3D1D9F800309C4205D0A3B18D
:10D600001A68944211D01346F9E72368C9F800302C
:10D6100021460120FCF74EF93046FCF753FCB8F8E0
:10D6200000301B1AA8F80030BDE622681A60EFE748
:10D63000BBF80430002B8ED1DBF80020002A7FF4E9
:10D640006CAFB8F800303B44A8F80030A1E700BF49
:10D65000126B0220146B02202DE9F04F8B8D8DB0E0
:10D6600005460A92B3F1140248BFA3F10D024368C4
:10D6700007911E461B7803F00F03C2F3CF02052B60
:10D6800006924FEA830840F0BD804389132B40F295
:10D69000B980F088FBF778FE2B89143B9BB200F42D
:10D6A00000520393C0F30C0E0B92002B00F09080FD
:10D6B000069BDFF858A1CDF814E0DB009BB208937D
:10D6C000002437464FF4207214210E20FCF784FA10
:10D6D000089B039A934228BF13460493834600286D
:10D6E00000F0858043683A687868B968FE68DE6053
:10D6F0001A60586099603A691A61DBF8043009933E
:10D70000049B002B7AD0994602976C89A4EB0804FD
:10D71000A4B24C4528BF4C460220002C5CD0FCF73C
:10D72000B9F806464122214600203346002E5BD040
:10D7300001946F6847440097FCF7F0FA07462846C3
:10D74000002F4DD0A9EB0409FCF7C6FB1FFA89F99D
:10D75000C6E904A539465846FCF7C4FBB9F1000FE9
:10D760003AD1A044029F1FFA88F8079B059A9B8D27
:10D77000C2F30C00039A133B93423BDC40F400508D
:10D78000FBF702FE099E049BF08003F1140080B2B7
:10D79000FBF7FAFD00237080B372F3721421304658
:10D7A000FBF77EFE708107980A9A436959469847AD
:10D7B0005846FCF783FBDDE90323D31ADDE9052195
:10D7C0000A449BB292B203930592002B7FF47AAF86
:10D7D00000200DB0BDE8F08F2D684FF0000894E7F1
:10D7E00031460220FCF766F85846FCF767FB4FF01D
:10D7F000FF30EEE70B9B002BC2D0BFE7A0441FFA1F
:10D8000088F8B2E76FF00500E3E700BF81D20108B6
:10D8100043890E2B70B504461BD9C37B0D461BB93B
:10D8200091F838300133C373606803788689D9076B
:10D830000AD5012B30D01E49062200F063F818B932
:10D84000637B43F008036373082E16D0B6F5C16FEF
:10D8500004D02046FCF732FB002070BD95F835302F
:10D860001B07F6D50E212046FCF7D6FA0028F0D18A
:10D8700029462046FEF7F8FBEEE795F835301A0703
:10D88000E7D50E212046FCF7C7FA0028E1D129464A
:10D890002046FFF76FF9DFE74378002BD4D1837878
:10D8A0005E2BD1D1637B43F010036373CCE700BFE1
:10D8B000E0F601082DE9F0470646BDF820000C46C9
:10D8C00017469846FBF760FD0E2181462046FCF77F
:10D8D0007BFA98B96568A5F80C90D8F800302B60F1
:10D8E000B8F80430AB803B68C5F80630BB886B8164
:10D8F000B36921463046BDE8F04718476FF0010094
:10D90000BDE8F08710B501390244904201D10020F2
:10D9100005E0037811F8014FA34201D0181B10BD98
:10D920000130F2E702440346934200D1704703F806
:10D93000011BF9E70A44914200F1FF3300D170471F
:10D9400010B511F8014B03F8014F9142F9D110BD08
:10D950002DE9F047089D0C46002B4ED194468C458E
:10D960008646B2FA82F262D94AB1C2F120039140EE
:10D9700020FA03F30CFA02FC194300FA02FE4FEA04
:10D980001C471FFA8CF6B1FBF7F44FEA1E4307FB66
:10D99000141143EA014304FB06F199420AD91CEB36
:10D9A000030304F1FF3080F01381994240F21081AB
:10D9B000023C6344591A1FFA8EF3B1FBF7F007FBE0
:10D9C000101143EA014300FB06F69E420AD91CEB04
:10D9D000030300F1FF3180F0FD809E4240F2FA80A7
:10D9E000634402389B1B40EA044000211DB1D34030
:10D9F0000022C5E90032BDE8F0878B4205D90DB1A0
:10DA0000C5E9000100210846F5E7B3FA83F10029D2
:10DA100046D1A34202D39042C0F0F180861A64EB53
:10DA200003030120002DE6D0C5E90063E3E7002AE7
:10DA300040F09180A1EB0C044FEA1C481FFA8CF7D0
:10DA40000121B4FBF8F64FEA1E4308FB164443EAF3
:10DA5000044307FB06F0984208D91CEB030306F1C8
:10DA6000FF3402D2984200F2CE8026461C1A1FFADA
:10DA70008EF3B4FBF8F008FB104443EA044300FBC8
:10DA800007F79F4208D91CEB030300F1FF3402D2D1
:10DA90009F4200F2B1802046DB1B40EA0640A5E72A
:10DAA000C1F120068B4022FA06F71F4320FA06FC3C
:10DAB00004FA01F343EA0C03F44000FA01F8380CCD
:10DAC0004FEA1349B4FBF0FE1FFA87FC00FB1E442B
:10DAD00049EA04440EFB0CF9A14502FA01F20AD905
:10DAE0003C190EF1FF3A80F08580A14540F282801A
:10DAF000AEF1020E3C44A4EB09041FFA83F9B4FB17
:10DB0000F0F300FB134449EA044403FB0CFCA44576
:10DB100007D93C1903F1FF3068D2A44566D9023B0E
:10DB20003C4443EA0E40A0FB0293A4EB0C049C424D
:10DB3000CE469C4652D34FD055B1B8EB0E0364EBA2
:10DB40000C0404FA06F6CB40CC401E43C5E9006441
:10DB50000021BDE8F087C2F1200320FA03F10CFA9E
:10DB600002FC24FA03F394400C434FEA1C4800FAE9
:10DB700002FE1FFA8CF7B3FBF8F008FB1031230C00
:10DB800043EA014300FB07F1994208D91CEB030368
:10DB900000F1FF362CD299422AD9023863445B1A2D
:10DBA000A4B2B3FBF8F108FB113344EA034401FBD0
:10DBB00007F3A34208D91CEB040401F1FF3613D28A
:10DBC000A34211D902396444E41A41EA004138E71A
:10DBD0000446EFE6084605E7C845ADD2B9EB020EAC
:10DBE00063EB070C0138A7E73146EDE7034698E7FA
:10DBF0003046D4E7D6467EE7634402384CE7064613
:10DC0000234608460EE7023E63442FE710EE102A33
:10DC1000C2F3C7537F3B162B22F0004129DC002BB7
:10DC2000104618DB1A4919410A4221D0DFED197A52
:10DC300070EE277AF5EEC07AF1EE10FA18DD002AC0
:10DC400004DA4FF4000242FA03F3184420EA010315
:10DC500000EE103A7047DFED0F7A70EE277AF5EE9E
:10DC6000C07AF1EE10FA03DD002A08DB9FED0A0A04
:10DC70007047B1F1FF4FFBD330EE000A7047DFED84
:10DC8000077A0029BFEE000A08BFB0EE670A7047A6
:10DC9000FFFF7F00CAF24971000000000000008011
:10DCA000F8B500BFF8BC08BC9E467047F8B500BF89
:08DCB000F8BC08BC9E46704759
:10DCB8000000000000000000010203040607080934
:10DCC80000000000010203040000000000E81D3904
:10DCD80000E21D3A0093B13A80C91D3B006E763BC5
:10DCE8000055B13B0036F13B40681D3C600C473C99
:10DCF8000081753C905F943C505FB03C90BBCE3C3B
:10DD0800806FEF3C103B093D10E51B3DD0B22F3D25
:10DD180040A1443D38AD5A3D48D3713DEC07853D9F
:10DD280098AF913DB4DE9E3D3C93AC3D0CCBBA3DE3
:10DD3800F883C93DB8BBD83DF46FE83D409EF83D37
:10DD48000EA2043E7C2F0D3E1AF6153E8CF41E3EA4
:10DD58006E29283E5693313ECE303B3E5E00453E0E
:10DD680080004F3EAC2F593E4E8C633ECA146E3E27
:10DD780088C7783E6DD1813E8C52873E46E68C3E00
:10DD8800C08B923E1C42983E76089E3EECDDA33E38
:10DD980096C1A93E8FB2AF3EE8AFB53EB6B8BB3E1E
:10DDA8000ECCC13EFBE8C73E910ECE3ED83BD43EDA
:10DDB800DF6FDA3EB2A9E03E59E8E63EE12AED3EE1
:10DDC8004D70F33EACB7F93E0000003F2B24033FF3
:10DDD800DA47063F906A093FD48B0C3F27AB0F3FC9
:10DDE80011C8123F15E2153FB8F8183F830B1C3FC6
:10DDF800FA191F3FA623223F0D28253FB926283FA1
:10DE0800361F2B3F0A112E3FC6FB303FF3DE333F50
:10DE180020BA363FDE8C393FBB563C3F4A173F3F5E
:10DE28001ECE413FCE7A443FEE1C473F15B4493FD2
:10DE3800E03F4C3FEABF4E3FCC33513F2B9B533F13
:10DE4800A6F5553FDE42583F7A825A3F22B45C3FDE
:10DE58007ED75E3F38EC603F02F2623F8AE8643F5B
:10DE680082CF663F9EA6683F996D6A3F2A246C3F21
:10DE78000DCA6D3F035F6F3FCCE2703F2C55723F78
:10DE8800ECB5733FD404753FB041763F4F6C773F94
:10DE98008484783F248A793F067D7A3F045D7B3FFE
:10DEA800FC297C3FCFE37C3F608A7D3F941D7E3F09
:10DEB800569D7E3F92097F3F36627F3F37A77F3F5F
:10DEC80088D87F3F22F67F3F0000803F22F67F3FC1
:10DED80088D87F3F36A77F3F36627F3F92097F3FD2
:10DEE800569D7E3F941D7E3F5F8A7D3FCEE37C3FFB
:10DEF800FC297C3F045D7B3F057D7A3F248A793F7E
:10DF08008484783F4E6C773FAF41763FD304753FAA
:10DF1800ECB5733F2C55723FCCE2703F025F6F3F08
:10DF28000CCA6D3F2A246C3F986D6A3F9EA6683FD5
:10DF380081CF663F89E8643F01F2623F37EC603F7A
:10DF48007CD75E3F20B45C3F78825A3FDE42583F20
:10DF5800A4F5553F2C9B533FCD33513FE8BF4E3F6F
:10DF6800DF3F4C3F14B4493FEB1C473FCB7A443F5B
:10DF78001FCE413F4A173F3FBA563C3FDC8C393FE2
:10DF88001FBA363FF0DE333FC3FB303F0B112E3F45
:10DF9800351F2B3FB926283F0B28253FA323223FB7
:10DFA800F7191F3F800B1C3FB9F8183F14E2153FC3
:10DFB80010C8123F26AB0F3FD28B0C3F8E6A093F29
:10DFC800D747063F2B24033F0000003FA9B7F93E7F
:10DFD8004A70F33EDC2AED3E54E8E63EACA9E03E4A
:10DFE800E06FDA3ED73BD43E8E0ECE3EF8E8C73E11
:10DFF80009CCC13EB2B8BB3EE2AFB53E8EB2AF3E31
:10E0080096C1A93EEADDA33E72089E3E1742983E9D
:10E01800BB8B923E40E68C3E8C52873E6CD1813E53
:10E0280084C7783EC6146E3E468C633EA22F593E86
:10E0380082004F3E5E00453ECC303B3E5293313E1F
:10E048006829283E84F41E3E12F6153E7E2F0D3EAA
:10E058000EA2043E3C9EF83DEC6FE83DB0BBD83DB7
:10E06800EC83C93D00CBBA3D3C93AC3DB4DE9E3D4C
:10E0780094AF913DE407853D38D3713D28AD5A3DB5
:10E0880030A1443DD0B22F3D08E51B3D103B093D72
:10E09800706FEF3C70BBCE3C405FB03C705F943C0F
:10E0A8000081753C600C473C20681D3C0036F13B04
:10E0B800C054B13B006E763B00C91D3B0093B13A9A
:10E0C80000E21D3A00E81D390000000000588139BF
:10E0D8000052813A006D113B4031813BC0B6C93BCB
:10E0E800401A113C204A453CF0AE803C10A3A23CAB
:10E0F800F078C83C0027F23C58D10F3D4070283DCD
:10E1080008EA423DF0375F3DE8527D3DA4998E3DD7
:10E1180080689F3DC811B13D0C91C33D9CE1D63D3F
:10E1280090FEEA3DE0E2FF3D9EC40A3E1AF6153E27
:10E138000A83213E88682D3E8EA3393E0C31463E27
:10E14800D00D533E9C36603E1CA86D3EEC5E7B3E77
:10E15800CAAB843E47C78B3E2000933E84549A3E08
:10E1680097C2A13E7848A93E43E4B03E0A94B83E1F
:10E17800DC55C03EC427C83EC707D03EE9F3D73EAA
:10E1880029EADF3E84E8E73EF6ECEF3E77F5F73E16
:10E198000000003F4505043F8509083FBE0B0C3FC2
:10E1A800EB0A103F0C06143F1CFC173F1EEC1B3FEC
:10E1B80012D51F3FFBB5233FDE8D273FC45B2B3FA6
:10E1C800B41E2F3FBED5323FF07F363F5C1C3A3F2E
:10E1D8001BAA3D3F4528413FF995443F59F2473F27
:10E1E8008C3C4B3FBD734E3F1C97513FDEA5543FBF
:10E1F8003E9F573F7A825A3FD84E5D3FA403603F07
:10E208002EA0623FCC23653FDE8D673FC7DD693FA7
:10E21800F0126C3FCC2C6E3FD22A703F810C723FBB
:10E2280060D1733FFC78753FEA02773FC86E783F4C
:10E2380038BC793FE8EA7A3F88FA7B3FD8EA7C3FE6
:10E2480097BB7D3F926C7E3F9EFD7E3F936E7F3FE6
:10E2580057BF7F3FD5EF7F3F0000803FD4EF7F3F20
:10E2680057BF7F3F936E7F3F9DFD7E3F926C7E3F01
:10E2780096BB7D3FD7EA7C3F88FA7B3FE7EA7A3F47
:10E2880038BC793FC86E783FEA02773FFC78753F23
:10E298005FD1733F810C723FD02A703FCC2C6E3F08
:10E2A800F0126C3FC7DD693FDE8D673FCD23653FC8
:10E2B8002EA0623FA403603FD84E5D3F7A825A3F4A
:10E2C8003D9F573FDEA5543F1C97513FBC734E3FBF
:10E2D8008C3C4B3F58F2473FF895443F4428413F18
:10E2E8001AAA3D3F5D1C3A3FEE7F363FBDD5323F0F
:10E2F800B31E2F3FC45B2B3FDD8D273FF9B5233F6E
:10E3080012D51F3F1EEC1B3F1AFC173F0906143F8E
:10E31800EB0A103FBD0B0C3F8309083F4405043F3F
:10E32800FFFFFF3E75F5F73EF0ECEF3E82E8E73E73
:10E3380027EADF3EE7F3D73EC807D03EC127C83EED
:10E34800D955C03E0A94B83E44E4B03E7548A93E4B
:10E3580093C2A13E84549A3E2000933E43C78B3E0D
:10E36800CAAB843EEA5E7B3E1AA86D3E9236603E9A
:10E37800CC0D533E0831463E8CA3393E8A682D3E6B
:10E388000683213E16F6153E9CC40A3EE4E2FF3D94
:10E398008CFEEA3D90E1D63D1891C33DC011B13DD8
:10E3A80078689F3D9C998E3DF8527D3DE8375F3DEA
:10E3B800F8E9423D4870283D60D10F3DE026F23C27
:10E3C800E078C83C20A3A23CF0AE803C004A453C23
:10E3D800601A113C00B7C93B4031813B806C113B4E
:10E3E8000052813A005C81391E001E001E001E008A
:10E3F8001E001E001E001E001E001E001E001E0025
:10E408001E001E001E005A001E001E001E001E00D8
:10E418001E001E005A001E001E001E001E001E00C8
:10E428001E001E005A005A001E001E001E001E007C
:10E438001E005A001E001E001E001E001E001E00A8
:10E448001E005A001E005A001E001E001E001E005C
:10E458001E005A005A001E001E001E001E001E004C
:10E468001E005A005A005A001E001E001E001E0000
:10E478005A001E001E001E001E001E001E001E0068
:10E488005A001E001E005A001E001E001E001E001C
:10E498005A001E005A001E001E001E001E001E000C
:10E4A8005A001E005A005A001E001E001E001E00C0
:10E4B8005A005A001E001E001E001E001E001E00EC
:10E4C8005A005A001E005A001E001E001E001E00A0
:10E4D8005A005A005A001E001E001E001E001E0090
:10E4E8005A005A005A005A001E001E001E005A0008
:10E4F8001E001E001E001E001E001E001E005A00E8
:10E508001E001E001E005A001E001E001E005A009B
:10E518001E001E005A001E001E001E001E005A008B
:10E528001E001E005A005A001E001E001E005A003F
:10E538001E005A001E001E001E001E001E005A006B
:10E548001E005A001E005A001E001E001E005A001F
:10E558001E005A005A001E001E001E001E005A000F
:10E568001E005A005A005A001E001E001E005A00C3
:10E578005A001E001E001E001E001E001E005A002B
:10E588005A001E001E005A001E001E001E005A00DF
:10E598005A001E005A001E001E001E001E005A00CF
:10E5A8005A001E005A005A001E001E001E005A0083
:10E5B8005A005A001E001E001E001E001E005A00AF
:10E5C8005A005A001E005A001E001E001E005A0063
:10E5D8005A005A005A001E001E001E001E005A0053
:10E5E8005A005A005A005A001E001E005A001E0007
:10E5F8001E001E001E001E001E001E005A001E00E7
:10E608001E001E001E005A001E001E005A001E009A
:10E618001E001E005A001E001E001E005A001E008A
:10E628001E001E005A005A001E001E005A001E003E
:10E638001E005A001E001E001E001E005A001E006A
:10E648001E005A001E005A001E001E005A001E001E
:10E658001E005A005A001E001E001E005A001E000E
:10E668001E005A005A005A001E001E005A001E00C2
:10E678005A001E001E001E001E001E005A001E002A
:10E688005A001E001E005A001E001E005A001E00DE
:10E698005A001E005A001E001E001E005A001E00CE
:10E6A8005A001E005A005A001E001E005A001E0082
:10E6B8005A005A001E001E001E001E005A001E00AE
:10E6C8005A005A001E005A001E001E005A001E0062
:10E6D8005A005A005A001E001E001E005A001E0052
:10E6E8005A005A005A005A001E001E005A005A00CA
:10E6F8001E001E001E001E001E001E005A005A00AA
:10E708001E001E001E005A001E001E005A005A005D
:10E718001E001E005A001E001E001E005A005A004D
:10E728001E001E005A005A001E001E005A005A0001
:10E738001E005A001E001E001E001E005A005A002D
:10E748001E005A001E005A001E001E005A005A00E1
:10E758001E005A005A001E001E001E005A005A00D1
:10E768001E005A005A005A001E001E005A005A0085
:10E778005A001E001E001E001E001E005A005A00ED
:10E788005A001E001E005A001E001E005A005A00A1
:10E798005A001E005A001E001E001E005A005A0091
:10E7A8005A001E005A005A001E001E005A005A0045
:10E7B8005A005A001E001E001E001E005A005A0071
:10E7C8005A005A001E005A001E001E005A005A0025
:10E7D8005A005A005A001E001E001E005A005A0015
:10E7E8005A005A005A005A001E005A001E001E0005
:10E7F8001E001E001E001E001E005A001E001E00E5
:10E808001E001E001E005A001E005A001E001E0098
:10E818001E001E005A001E001E005A001E001E0088
:10E828001E001E005A005A001E005A001E001E003C
:10E838001E005A001E001E001E005A001E001E0068
:10E848001E005A001E005A001E005A001E001E001C
:10E858001E005A005A001E001E005A001E001E000C
:10E868001E005A005A005A001E005A001E001E00C0
:10E878005A001E001E001E001E005A001E001E0028
:10E888005A001E001E005A001E005A001E001E00DC
:10E898005A001E005A001E001E005A001E001E00CC
:10E8A8005A001E005A005A001E005A001E001E0080
:10E8B8005A005A001E001E001E005A001E001E00AC
:10E8C8005A005A001E005A001E005A001E001E0060
:10E8D8005A005A005A001E001E005A001E001E0050
:10E8E8005A005A005A005A001E005A001E005A00C8
:10E8F8001E001E001E001E001E005A001E005A00A8
:10E908001E001E001E005A001E005A001E005A005B
:10E918001E001E005A001E001E005A001E005A004B
:10E928001E001E005A005A001E005A001E005A00FF
:10E938001E005A001E001E001E005A001E005A002B
:10E948001E005A001E005A001E005A001E005A00DF
:10E958001E005A005A001E001E005A001E005A00CF
:10E968001E005A005A005A001E005A001E005A0083
:10E978005A001E001E001E001E005A001E005A00EB
:10E988005A001E001E005A001E005A001E005A009F
:10E998005A001E005A001E001E005A001E005A008F
:10E9A8005A001E005A005A001E005A001E005A0043
:10E9B8005A005A001E001E001E005A001E005A006F
:10E9C8005A005A001E005A001E005A001E005A0023
:10E9D8005A005A005A001E001E005A001E005A0013
:10E9E8005A005A005A005A001E005A005A001E00C7
:10E9F8001E001E001E001E001E005A005A001E00A7
:10EA08001E001E001E005A001E005A005A001E005A
:10EA18001E001E005A001E001E005A005A001E004A
:10EA28001E001E005A005A001E005A005A001E00FE
:10EA38001E005A001E001E001E005A005A001E002A
:10EA48001E005A001E005A001E005A005A001E00DE
:10EA58001E005A005A001E001E005A005A001E00CE
:10EA68001E005A005A005A001E005A005A001E0082
:10EA78005A001E001E001E001E005A005A001E00EA
:10EA88005A001E001E005A001E005A005A001E009E
:10EA98005A001E005A001E001E005A005A001E008E
:10EAA8005A001E005A005A001E005A005A001E0042
:10EAB8005A005A001E001E001E005A005A001E006E
:10EAC8005A005A001E005A001E005A005A001E0022
:10EAD8005A005A005A001E001E005A005A001E0012
:10EAE8005A005A005A005A001E005A005A005A008A
:10EAF8001E001E001E001E001E005A005A005A006A
:10EB08001E001E001E005A001E005A005A005A001D
:10EB18001E001E005A001E001E005A005A005A000D
:10EB28001E001E005A005A001E005A005A005A00C1
:10EB38001E005A001E001E001E005A005A005A00ED
:10EB48001E005A001E005A001E005A005A005A00A1
:10EB58001E005A005A001E001E005A005A005A0091
:10EB68001E005A005A005A001E005A005A005A0045
:10EB78005A001E001E001E001E005A005A005A00AD
:10EB88005A001E001E005A001E005A005A005A0061
:10EB98005A001E005A001E001E005A005A005A0051
:10EBA8005A001E005A005A001E005A005A005A0005
:10EBB8005A005A001E001E001E005A005A005A0031
:10EBC8005A005A001E005A001E005A005A005A00E5
:10EBD8005A005A005A001E001E005A005A005A00D5
:10EBE8005A005A005A005A005A001E001E001E0001
:10EBF8001E001E001E001E005A001E001E001E00E1
:10EC08001E001E001E005A005A001E001E001E0094
:10EC18001E001E005A001E005A001E001E001E0084
:10EC28001E001E005A005A005A001E001E001E0038
:10EC38001E005A001E001E005A001E001E001E0064
:10EC48001E005A001E005A005A001E001E001E0018
:10EC58001E005A005A001E005A001E001E001E0008
:10EC68001E005A005A005A005A001E001E001E00BC
:10EC78005A001E001E001E005A001E001E001E0024
:10EC88005A001E001E005A005A001E001E001E00D8
:10EC98005A001E005A001E005A001E001E001E00C8
:10ECA8005A001E005A005A005A001E001E001E007C
:10ECB8005A005A001E001E005A001E001E001E00A8
:10ECC8005A005A001E005A005A001E001E001E005C
:10ECD8005A005A005A001E005A001E001E001E004C
:10ECE8005A005A005A005A005A001E001E005A00C4
:10ECF8001E001E001E001E005A001E001E005A00A4
:10ED08001E001E001E005A005A001E001E005A0057
:10ED18001E001E005A001E005A001E001E005A0047
:10ED28001E001E005A005A005A001E001E005A00FB
:10ED38001E005A001E001E005A001E001E005A0027
:10ED48001E005A001E005A005A001E001E005A00DB
:10ED58001E005A005A001E005A001E001E005A00CB
:10ED68001E005A005A005A005A001E001E005A007F
:10ED78005A001E001E001E005A001E001E005A00E7
:10ED88005A001E001E005A005A001E001E005A009B
:10ED98005A001E005A001E005A001E001E005A008B
:10EDA8005A001E005A005A005A001E001E005A003F
:10EDB8005A005A001E001E005A001E001E005A006B
:10EDC8005A005A001E005A005A001E001E005A001F
:10EDD8005A005A005A001E005A001E001E005A000F
:10EDE8005A005A005A005A005A001E005A001E00C3
:10EDF8001E001E001E001E005A001E005A001E00A3
:10EE08001E001E001E005A005A001E005A001E0056
:10EE18001E001E005A001E005A001E005A001E0046
:10EE28001E001E005A005A005A001E005A001E00FA
:10EE38001E005A001E001E005A001E005A001E0026
:10EE48001E005A001E005A005A001E005A001E00DA
:10EE58001E005A005A001E005A001E005A001E00CA
:10EE68001E005A005A005A005A001E005A001E007E
:10EE78005A001E001E001E005A001E005A001E00E6
:10EE88005A001E001E005A005A001E005A001E009A
:10EE98005A001E005A001E005A001E005A001E008A
:10EEA8005A001E005A005A005A001E005A001E003E
:10EEB8005A005A001E001E005A001E005A001E006A
:10EEC8005A005A001E005A005A001E005A001E001E
:10EED8005A005A005A001E005A001E005A001E000E
:10EEE8005A005A005A005A005A001E005A005A0086
:10EEF8001E001E001E001E005A001E005A005A0066
:10EF08001E001E001E005A005A001E005A005A0019
:10EF18001E001E005A001E005A001E005A005A0009
:10EF28001E001E005A005A005A001E005A005A00BD
:10EF38001E005A001E001E005A001E005A005A00E9
:10EF48001E005A001E005A005A001E005A005A009D
:10EF58001E005A005A001E005A001E005A005A008D
:10EF68001E005A005A005A005A001E005A005A0041
:10EF78005A001E001E001E005A001E005A005A00A9
:10EF88005A001E001E005A005A001E005A005A005D
:10EF98005A001E005A001E005A001E005A005A004D
:10EFA8005A001E005A005A005A001E005A005A0001
:10EFB8005A005A001E001E005A001E005A005A002D
:10EFC8005A005A001E005A005A001E005A005A00E1
:10EFD8005A005A005A001E005A001E005A005A00D1
:10EFE8005A005A005A005A005A005A001E001E00C1
:10EFF8001E001E001E001E005A005A001E001E00A1
:10F008001E001E001E005A005A005A001E001E0054
:10F018001E001E005A001E005A005A001E001E0044
:10F028001E001E005A005A005A005A001E001E00F8
:10F038001E005A001E001E005A005A001E001E0024
:10F048001E005A001E005A005A005A001E001E00D8
:10F058001E005A005A001E005A005A001E001E00C8
:10F068001E005A005A005A005A005A001E001E007C
:10F078005A001E001E001E005A005A001E001E00E4
:10F088005A001E001E005A005A005A001E001E0098
:10F098005A001E005A001E005A005A001E001E0088
:10F0A8005A001E005A005A005A005A001E001E003C
:10F0B8005A005A001E001E005A005A001E001E0068
:10F0C8005A005A001E005A005A005A001E001E001C
:10F0D8005A005A005A001E005A005A001E001E000C
:10F0E8005A005A005A005A005A005A001E005A0084
:10F0F8001E001E001E001E005A005A001E005A0064
:10F108001E001E001E005A005A005A001E005A0017
:10F118001E001E005A001E005A005A001E005A0007
:10F128001E001E005A005A005A005A001E005A00BB
:10F138001E005A001E001E005A005A001E005A00E7
:10F148001E005A001E005A005A005A001E005A009B
:10F158001E005A005A001E005A005A001E005A008B
:10F168001E005A005A005A005A005A001E005A003F
:10F178005A001E001E001E005A005A001E005A00A7
:10F188005A001E001E005A005A005A001E005A005B
:10F198005A001E005A001E005A005A001E005A004B
:10F1A8005A001E005A005A005A005A001E005A00FF
:10F1B8005A005A001E001E005A005A001E005A002B
:10F1C8005A005A001E005A005A005A001E005A00DF
:10F1D8005A005A005A001E005A005A001E005A00CF
:10F1E8005A005A005A005A005A005A005A001E0083
:10F1F8001E001E001E001E005A005A005A001E0063
:10F208001E001E001E005A005A005A005A001E0016
:10F218001E001E005A001E005A005A005A001E0006
:10F228001E001E005A005A005A005A005A001E00BA
:10F238001E005A001E001E005A005A005A001E00E6
:10F248001E005A001E005A005A005A005A001E009A
:10F258001E005A005A001E005A005A005A001E008A
:10F268001E005A005A005A005A005A005A001E003E
:10F278005A001E001E001E005A005A005A001E00A6
:10F288005A001E001E005A005A005A005A001E005A
:10F298005A001E005A001E005A005A005A001E004A
:10F2A8005A001E005A005A005A005A005A001E00FE
:10F2B8005A005A001E001E005A005A005A001E002A
:10F2C8005A005A001E005A005A005A005A001E00DE
:10F2D8005A005A005A001E005A005A005A001E00CE
:10F2E8005A005A005A005A005A005A005A005A0046
:10F2F8001E001E001E001E005A005A005A005A0026
:10F308001E001E001E005A005A005A005A005A00D9
:10F318001E001E005A001E005A005A005A005A00C9
:10F328001E001E005A005A005A005A005A005A007D
:10F338001E005A001E001E005A005A005A005A00A9
:10F348001E005A001E005A005A005A005A005A005D
:10F358001E005A005A001E005A005A005A005A004D
:10F368001E005A005A005A005A005A005A005A0001
:10F378005A001E001E001E005A005A005A005A0069
:10F388005A001E001E005A005A005A005A005A001D
:10F398005A001E005A001E005A005A005A005A000D
:10F3A8005A001E005A005A005A005A005A005A00C1
:10F3B8005A005A001E001E005A005A005A005A00ED
:10F3C8005A005A001E005A005A005A005A005A00A1
:10F3D8005A005A005A001E005A005A005A005A0091
:10F3E8005A005A005A005A0000C0C101C30302C2A1
:10F3F800C60607C705C5C404CC0C0DCD0FCFCE0E6D
:10F408000ACACB0BC90908C8D81819D91BDBDA1ADC
:10F418001EDEDF1FDD1D1CDC14D4D515D71716D64C
:10F42800D21213D311D1D010F03031F133F3F232BC
:10F4380036F6F737F53534F43CFCFD3DFF3F3EFE2C
:10F44800FA3A3BFB39F9F83828E8E929EB2B2AEA9C
:10F45800EE2E2FEF2DEDEC2CE42425E527E7E6260C
:10F4680022E2E323E12120E0A06061A163A3A2627C
:10F4780066A6A767A56564A46CACAD6DAF6F6EAEEC
:10F48800AA6A6BAB69A9A86878B8B979BB7B7ABA5C
:10F49800BE7E7FBF7DBDBC7CB47475B577B7B676CC
:10F4A80072B2B373B17170B050909151935352923C
:10F4B80096565797559594549C5C5D9D5F9F9E5EAC
:10F4C8005A9A9B5B99595898884849894B8B8A4A1C
:10F4D8004E8E8F4F8D4D4C8C44848545874746868C
:10F4E800824243834181804000C1814001C0804104
:10F4F80001C0804100C1814001C0804100C18140FC
:10F5080000C1814001C0804101C0804100C18140EB
:10F5180000C1814001C0804100C1814001C08041DB
:10F5280001C0804100C1814001C0804100C18140CB
:10F5380000C1814001C0804100C1814001C08041BB
:10F5480001C0804100C1814000C1814001C08041AB
:10F5580001C0804100C1814001C0804100C181409B
:10F5680000C1814001C0804101C0804100C181408B
:10F5780000C1814001C0804100C1814001C080417B
:10F5880001C0804100C1814000C1814001C080416B
:10F5980001C0804100C1814001C0804100C181405B
:10F5A80000C1814001C0804100C1814001C080414B
:10F5B80001C0804100C1814001C0804100C181403B
:10F5C80000C1814001C0804101C0804100C181402B
:10F5D80000C1814001C0804100C1814001C080411B
:10F5E80001C0804100C18140C0F60108B0F60108A1
:10F5F800A0F6010890F6010880F6010870F60108E7
:10F6080060F60108504255465F504F4F4C000000CD
:10F61800504255465F5245462F524F4D000000005C
:10F628005359535F54494D454F55540049474D5020
:10F638005F47524F55500000465241475F50425570
:10F6480046000000524541535344415441000000D4
:10F658005544505F504342000CF60108EC050A007F
:10F66800D0280220CC28022018F6010810000A0031
:10F67800106402200C64022028F6010810000A0019
:10F68800B8640220B464022034F6010810000C00AB
:10F69800606502205C65022040F6010818000F0032
:10F6A80028660220246602204CF601082000050086
:10F6B800986702209467022058F6010828000A007B
:10F6C800406802203C680220FFFFFFFF00000000A6
:10F6D8000000000000000000FFFFFFFFFFFF000028
:08F6E80068E2FF7F0100000051
:04F6F0004982000843
:04F6F4002182000867
:10F6F80018000500C6000000C60000000000000059
:10F7080000000001000000000000803F0000000031
:10F71800000000000000803F000000000000000022
:10F728000000803F00000000000000000000803F53
:10F7380000000000000000000000803F0000000002
:10F74800000000000000803F0000000000000000F2
:10F758000000803F00000000000000000000803F23
:10F7680000000000000000000000803F00000000D2
:10F77800000000000000803F0000000000000000C2
:10F78800000000000000003F000100000000000031
:10F79800000000000000003F000100000000000021
:10F7A800000000000000003F000100000000000011
:10F7B800000000000000003F000100000000000001
:10F7C800000000000000003F0001000000000000F1
:10F7D800000000000000003F0001000000000000E1
:10F7E800000000000000003F0001000000000000D1
:10F7F800000000000000003F0001000000000000C1
:10F80800000000000000003F0001000000000000B0
:10F81800000000000000003F0001000000000000A0
:10F8280001000000000000000000000000080000C7
:10F8380001000000400000000C0000000000030070
:10F84800FA000100010000000100000000000000B3
:10F858000100000000000000000000000008000097
:10F8680001000000400000000C0000000000030040
:10F87800000000000000000000000000010000007F
:10F888000000000000000000000000000000000070
:10F89800000000000000000002000000000000005E
:10F8A8000000000000000000000000000000000050
:10F8B800000000000300000000000000000000003D
:10F8C8000000000001000000FFFF0000FFFFFFFF35
:10F8D800FFFFFFFFFFFFFFFFFFFFFFFFFFFFFFFF30
:10F8E800FFFFFFFFFFFFFFFFFFFFFFFFFFFFFFFF20
:10F8F800FFFFFFFFFFFFFFFFFFFFFFFFFFFFFFFF10
:10F90800FFFFFFFFFFFFFFFFFFFFFFFFFFFFFFFFFF
:10F91800FFFFFFFFFFFFFFFFFFFFFFFFFFFFFFFFEF
:10F92800FFFFFFFFFFFFFFFFFFFFFFFFFFFFFFFFDF
:10F93800FFFFFFFFFFFFFFFFFFFFFFFFFFFFFFFFCF
:10F94800FFFFFFFFFFFFFFFFFFFFFFFFFFFFFFFFBF
:10F95800FFFFFFFFFFFFFFFFFFFFFFFFFFFFFFFFAF
:10F96800FFFFFFFFFFFFFFFFFFFFFFFFFFFFFFFF9F
:10F97800FFFFFFFFFFFFFFFFFFFFFFFFFFFFFFFF8F
:10F98800FFFFFFFFFFFFFFFFFFFFFFFFFFFFFFFF7F
:10F99800FFFFFFFFFFFFFFFFFFFFFFFFFFFFFFFF6F
:10F9A800FFFFFFFFFFFFFFFFFFFFFFFFFFFFFFFF5F
:10F9B800FFFFFFFFFFFFFFFFFFFFFFFFFFFFFFFF4F
:10F9C800FFFFFFFFFFFFFFFFFFFFFFFFFFFFFFFF3F
:10F9D800FFFFFFFFFFFFFFFFFFFFFFFFFFFFFFFF2F
:10F9E800FFFFFFFFFFFFFFFFFFFFFFFFFFFFFFFF1F
:10F9F800FFFFFFFFFFFFFFFFFFFFFFFFFFFFFFFF0F
:10FA0800FFFFFFFFFFFFFFFFFFFFFFFFFFFFFFFFFE
:10FA1800FFFFFFFFFFFFFFFFFFFFFFFFFFFFFFFFEE
:10FA2800FFFFFFFFFFFFFFFFFFFFFFFFFFFFFFFFDE
:10FA3800FFFFFFFFFFFFFFFFFFFFFFFFFFFFFFFFCE
:10FA4800FFFFFFFFFFFFFFFFFFFFFFFFFFFFFFFFBE
:10FA5800FFFFFFFFFFFFFFFFFFFFFFFFFFFFFFFFAE
:10FA6800FFFFFFFFFFFFFFFFFFFFFFFFFFFFFFFF9E
:10FA7800FFFFFFFFFFFFFFFFFFFFFFFFFFFFFFFF8E
:10FA8800FFFFFFFFFFFFFFFFFFFFFFFFFFFFFFFF7E
:10FA9800FFFFFFFFFFFFFFFFFFFFFFFFFFFFFFFF6E
:10FAA800FFFFFFFFFFFFFFFFFFFFFFFFFFFFFFFF5E
:10FAB800FFFFFFFFFFFFFFFFFFFFFFFFFFFFFFFF4E
:10FAC800FFFFFFFFFFFFFFFFFFFFFFFFFF054000F6
:10FAD80040420F0003002C0100000000010000005C
:10FAE8000000000000000000000800000100000005
:10FAF80040000000000000000000030001000000BA
:10FB0800FFFF0000FFFFFFFFFFFFFFFFFFFFFFFFFB
:10FB1800FFFFFFFFFFFFFFFFFFFFFFFFFFFFFFFFED
:10FB2800FFFFFFFFFFFFFFFFFFFFFFFFFFFFFFFFDD
:10FB3800FFFFFFFFFFFFFFFFFFFFFFFFFFFFFFFFCD
:10FB4800FFFFFFFFFFFFFFFFFFFFFFFFFFFFFFFFBD
:10FB5800FFFFFFFFFFFFFFFFFFFFFFFFFFFFFFFFAD
:10FB6800FFFFFFFFFFFFFFFFFFFFFFFFFFFFFFFF9D
:10FB7800FFFFFFFFFFFFFFFFFFFFFFFFFFFFFFFF8D
:10FB8800FFFFFFFFFFFFFFFFFFFFFFFFFFFFFFFF7D
:10FB9800FFFFFFFFFFFFFFFFFFFFFFFFFFFFFFFF6D
:10FBA800FFFFFFFFFFFFFFFFFFFFFFFFFFFFFFFF5D
:10FBB800FFFFFFFFFFFFFFFFFFFFFFFFFFFFFFFF4D
:10FBC800FFFFFFFFFFFFFFFFFFFFFFFFFFFFFFFF3D
:10FBD800FFFFFFFFFFFFFFFFFFFFFFFFFFFFFFFF2D
:10FBE800FFFFFFFFFFFFFFFFFFFFFFFFFFFFFFFF1D
:10FBF800FFFFFFFFFFFFFFFFFFFFFFFFFFFFFFFF0D
:10FC0800FFFFFFFFFFFFFFFFFFFFFFFFFFFFFFFFFC
:10FC1800FFFFFFFFFFFFFFFFFFFFFFFFFFFFFFFFEC
:10FC2800FFFFFFFFFFFFFFFFFFFFFFFFFFFFFFFFDC
:10FC3800FFFFFFFFFFFFFFFFFFFFFFFFFFFFFFFFCC
:10FC4800FFFFFFFFFFFFFFFFFFFFFFFFFFFFFFFFBC
:10FC5800FFFFFFFFFFFFFFFFFFFFFFFFFFFFFFFFAC
:10FC6800FFFFFFFFFFFFFFFFFFFFFFFFFFFFFFFF9C
:10FC7800FFFFFFFFFFFFFFFFFFFFFFFFFFFFFFFF8C
:10FC8800FFFFFFFFFFFFFFFFFFFFFFFFFFFFFFFF7C
:10FC9800FFFFFFFFFFFFFFFFFFFFFFFFFFFFFFFF6C
:10FCA800FFFFFFFFFFFFFFFFFFFFFFFFFFFFFFFF5C
:10FCB800FFFFFFFFFFFFFFFFFFFFFFFFFFFFFFFF4C
:10FCC800FFFFFFFFFFFFFFFFFFFFFFFFFFFFFFFF3C
:10FCD800FFFFFFFFFFFFFFFFFFFFFFFFFFFFFFFF2C
:10FCE800FFFFFFFFFFFFFFFFFFFFFFFFFFFFFFFF1C
:10FCF800FFFFFFFFFFFFFFFFFFFFFFFFFFFFFFFF0C
:10FD0800FFFFFFFFFF05400040420F0003002C01EA
:10FD180000000000010000000000000000000000DA
:10FD28000008000001000000400000000000000082
:10FD38000000030001000000FFFF0000FFFFFFFFBD
:10FD4800FFFFFFFFFFFFFFFFFFFFFFFFFFFFFFFFBB
:10FD5800FFFFFFFFFFFFFFFFFFFFFFFFFFFFFFFFAB
:10FD6800FFFFFFFFFFFFFFFFFFFFFFFFFFFFFFFF9B
:10FD7800FFFFFFFFFFFFFFFFFFFFFFFFFFFFFFFF8B
:10FD8800FFFFFFFFFFFFFFFFFFFFFFFFFFFFFFFF7B
:10FD9800FFFFFFFFFFFFFFFFFFFFFFFFFFFFFFFF6B
:10FDA800FFFFFFFFFFFFFFFFFFFFFFFFFFFFFFFF5B
:10FDB800FFFFFFFFFFFFFFFFFFFFFFFFFFFFFFFF4B
:10FDC800FFFFFFFFFFFFFFFFFFFFFFFFFFFFFFFF3B
:10FDD800FFFFFFFFFFFFFFFFFFFFFFFFFFFFFFFF2B
:10FDE800FFFFFFFFFFFFFFFFFFFFFFFFFFFFFFFF1B
:10FDF800FFFFFFFFFFFFFFFFFFFFFFFFFFFFFFFF0B
:10FE0800FFFFFFFFFFFFFFFFFFFFFFFFFFFFFFFFFA
:10FE1800FFFFFFFFFFFFFFFFFFFFFFFFFFFFFFFFEA
:10FE2800FFFFFFFFFFFFFFFFFFFFFFFFFFFFFFFFDA
:10FE3800FFFFFFFFFFFFFFFFFFFFFFFFFFFFFFFFCA
:10FE4800FFFFFFFFFFFFFFFFFFFFFFFFFFFFFFFFBA
:10FE5800FFFFFFFFFFFFFFFFFFFFFFFFFFFFFFFFAA
:10FE6800FFFFFFFFFFFFFFFFFFFFFFFFFFFFFFFF9A
:10FE7800FFFFFFFFFFFFFFFFFFFFFFFFFFFFFFFF8A
:10FE8800FFFFFFFFFFFFFFFFFFFFFFFFFFFFFFFF7A
:10FE9800FFFFFFFFFFFFFFFFFFFFFFFFFFFFFFFF6A
:10FEA800FFFFFFFFFFFFFFFFFFFFFFFFFFFFFFFF5A
:10FEB800FFFFFFFFFFFFFFFFFFFFFFFFFFFFFFFF4A
:10FEC800FFFFFFFFFFFFFFFFFFFFFFFFFFFFFFFF3A
:10FED800FFFFFFFFFFFFFFFFFFFFFFFFFFFFFFFF2A
:10FEE800FFFFFFFFFFFFFFFFFFFFFFFFFFFFFFFF1A
:10FEF800FFFFFFFFFFFFFFFFFFFFFFFFFFFFFFFF0A
:10FF0800FFFFFFFFFFFFFFFFFFFFFFFFFFFFFFFFF9
:10FF1800FFFFFFFFFFFFFFFFFFFFFFFFFFFFFFFFE9
:10FF2800FFFFFFFFFFFFFFFFFFFFFFFFFFFFFFFFD9
:10FF3800FFFFFFFFFFFFFFFFFFFFFFFFFF05400081
:10FF480040420F0003002C010000000001000000E7
:10FF58000000000000000000000800000100000090
:10FF68004000000000000000000003000100000045
:10FF7800FFFF0000FFFFFFFFFFFFFFFFFFFFFFFF87
:10FF8800FFFFFFFFFFFFFFFFFFFFFFFFFFFFFFFF79
:10FF9800FFFFFFFFFFFFFFFFFFFFFFFFFFFFFFFF69
:10FFA800FFFFFFFFFFFFFFFFFFFFFFFFFFFFFFFF59
:10FFB800FFFFFFFFFFFFFFFFFFFFFFFFFFFFFFFF49
:10FFC800FFFFFFFFFFFFFFFFFFFFFFFFFFFFFFFF39
:10FFD800FFFFFFFFFFFFFFFFFFFFFFFFFFFFFFFF29
:10FFE800FFFFFFFFFFFFFFFFFFFFFFFFFFFFFFFF19
:08FFF800FFFFFFFFFFFFFFFF09
:020000040802F0
:10000000FFFFFFFFFFFFFFFFFFFFFFFFFFFFFFFF00
:10001000FFFFFFFFFFFFFFFFFFFFFFFFFFFFFFFFF0
:10002000FFFFFFFFFFFFFFFFFFFFFFFFFFFFFFFFE0
:10003000FFFFFFFFFFFFFFFFFFFFFFFFFFFFFFFFD0
:10004000FFFFFFFFFFFFFFFFFFFFFFFFFFFFFFFFC0
:10005000FFFFFFFFFFFFFFFFFFFFFFFFFFFFFFFFB0
:10006000FFFFFFFFFFFFFFFFFFFFFFFFFFFFFFFFA0
:10007000FFFFFFFFFFFFFFFFFFFFFFFFFFFFFFFF90
:10008000FFFFFFFFFFFFFFFFFFFFFFFFFFFFFFFF80
:10009000FFFFFFFFFFFFFFFFFFFFFFFFFFFFFFFF70
:1000A000FFFFFFFFFFFFFFFFFFFFFFFFFFFFFFFF60
:1000B000FFFFFFFFFFFFFFFFFFFFFFFFFFFFFFFF50
:1000C000FFFFFFFFFFFFFFFFFFFFFFFFFFFFFFFF40
:1000D000FFFFFFFFFFFFFFFFFFFFFFFFFFFFFFFF30
:1000E000FFFFFFFFFFFFFFFFFFFFFFFFFFFFFFFF20
:1000F000FFFFFFFFFFFFFFFFFFFFFFFFFFFFFFFF10
:10010000FFFFFFFFFFFFFFFFFFFFFFFFFFFFFFFFFF
:10011000FFFFFFFFFFFFFFFFFFFFFFFFFFFFFFFFEF
:10012000FFFFFFFFFFFFFFFFFFFFFFFFFFFFFFFFDF
:10013000FFFFFFFFFFFFFFFFFFFFFFFFFFFFFFFFCF
:10014000FFFFFFFFFFFFFFFFFFFFFFFFFFFFFFFFBF
:10015000FFFFFFFFFFFFFFFFFFFFFFFFFFFFFFFFAF
:10016000FFFFFFFFFFFFFFFFFFFFFFFFFFFFFFFF9F
:10017000FFFFFFFFFFFFFFFFFFFFFFFFFF05400047
:1001800040420F0003002C010000000001000000AD
:100190000000000000000000000800000100000056
:1001A000400000000000000000000300E107010023
:0C01B00000C2EB0B00C000000000CDAB53
:04000005080191BDA0
:00000001FF
